"materia_id","materia_nome","sigla","assunto_id","hierarquia","nivel","nome"
"1","Direito Administrativo (Doutrina e Leis Federais)","DADM","1187","04.06","2","Abuso de Poder: Excesso de Poder e Desvio de Finalidade (Poderes da Administração)"
"1","Direito Administrativo (Doutrina e Leis Federais)","DADM","3776","10.05.02","3","Acessibilidade aos Cargos e Empregos Públicos"
"1","Direito Administrativo (Doutrina e Leis Federais)","DADM","6265","20","1","Acesso à Informação"
"1","Direito Administrativo (Doutrina e Leis Federais)","DADM","1171","10.05.03","3","Acumulação de Cargos e Empregos Públicos e Funções"
"1","Direito Administrativo (Doutrina e Leis Federais)","DADM","510","05.01.01","3","Administração Direta (Órgãos Públicos)"
"1","Direito Administrativo (Doutrina e Leis Federais)","DADM","511","05.01.02","3","Administração Indireta"
"1","Direito Administrativo (Doutrina e Leis Federais)","DADM","2644","09.01.03","3","Afetação e Desafetação (Bens Públicos)"
"1","Direito Administrativo (Doutrina e Leis Federais)","DADM","513","05.01.05","3","Agências Reguladoras e Executivas"
"1","Direito Administrativo (Doutrina e Leis Federais)","DADM","537","10","1","Agentes Públicos"
"1","Direito Administrativo (Doutrina e Leis Federais)","DADM","9634","14.02.09","3","Alienações (arts. 76 e 77 da Lei nº 14.133/2021)"
"1","Direito Administrativo (Doutrina e Leis Federais)","DADM","9645","14.03.03","3","Alocação de Riscos (art. 103 da Lei nº 14.133/2021)"
"1","Direito Administrativo (Doutrina e Leis Federais)","DADM","9650","14.03.07","3","Alteração dos Contratos e dos Preços (art. 124 a 136 da Lei nº 14.133/2021)"
"1","Direito Administrativo (Doutrina e Leis Federais)","DADM","9641","14.05.02","3","Alterações Legislativas (arts. 177 a 180 da Lei nº 14.133/2021)"
"1","Direito Administrativo (Doutrina e Leis Federais)","DADM","5724","09.01.06","3","Aquisição de Bens pelo Estado"
"1","Direito Administrativo (Doutrina e Leis Federais)","DADM","2650","10.05","2","Aspectos Constitucionais pertinentes aos Servidores Públicos"
"1","Direito Administrativo (Doutrina e Leis Federais)","DADM","2649","10.05.05","3","Associação Sindical e Direito de Greve"
"1","Direito Administrativo (Doutrina e Leis Federais)","DADM","10735","99","1","Assunto Transitório"
"1","Direito Administrativo (Doutrina e Leis Federais)","DADM","500","03","1","Atos Administrativos"
"1","Direito Administrativo (Doutrina e Leis Federais)","DADM","504","03.05","2","Atos Administrativos: Espécies, Classificação, Fases de Constituição"
"1","Direito Administrativo (Doutrina e Leis Federais)","DADM","503","03.04","2","Atributos ou Características dos Atos Administrativos"
"1","Direito Administrativo (Doutrina e Leis Federais)","DADM","2645","07.05.02","3","Autorização, Permissão e Concessão (Serviços Públicos - Lei nº 8.987/1995)"
"1","Direito Administrativo (Doutrina e Leis Federais)","DADM","532","09.01","2","Bens Públicos (Direito Administrativo)"
"1","Direito Administrativo (Doutrina e Leis Federais)","DADM","3232","09.01.04","3","Bens Públicos em Espécie (Domínio Terrestre, Hídrico e Aéreo)"
"1","Direito Administrativo (Doutrina e Leis Federais)","DADM","534","09.01.02","3","Características dos Bens Públicos"
"1","Direito Administrativo (Doutrina e Leis Federais)","DADM","15240","06.07","2","Casos Especiais (Danos decorrentes de Obra Pública, Responsabilidade dos Tabeliães, etc.)"
"1","Direito Administrativo (Doutrina e Leis Federais)","DADM","4323","07.02","2","Classificação de Serviços Públicos"
"1","Direito Administrativo (Doutrina e Leis Federais)","DADM","1165","10.02","2","Classificação dos Agentes Públicos"
"1","Direito Administrativo (Doutrina e Leis Federais)","DADM","533","09.01.01","3","Classificação dos Bens Públicos"
"1","Direito Administrativo (Doutrina e Leis Federais)","DADM","1965","03.01","2","Conceito de Atos Administrativos"
"1","Direito Administrativo (Doutrina e Leis Federais)","DADM","2220","10.01","2","Conceito para Agentes Públicos"
"1","Direito Administrativo (Doutrina e Leis Federais)","DADM","9643","14.03.01","3","Conceitos e Características dos Contratos Administrativos. Formalização dos Contratos (arts. 89 a 95 da Lei nº 14.133/2021)"
"1","Direito Administrativo (Doutrina e Leis Federais)","DADM","15234","06.01","2","Conceitos Iniciais e Teorias da Responsabilidade"
"1","Direito Administrativo (Doutrina e Leis Federais)","DADM","1307","07.01","2","Conceitos (Serviços Públicos - Lei nº 8.987/1995)"
"1","Direito Administrativo (Doutrina e Leis Federais)","DADM","1150","07.05","2","Concessões (Serviços Públicos - Lei nº 8.987/1995)"
"1","Direito Administrativo (Doutrina e Leis Federais)","DADM","1169","10.05.01","3","Concurso Público"
"1","Direito Administrativo (Doutrina e Leis Federais)","DADM","3227","05.01.03","3","Conselhos Profissionais"
"1","Direito Administrativo (Doutrina e Leis Federais)","DADM","9633","14.02.08","3","Contratação Direta, Inexigibilidade e Dispensa (arts. 72 a 75 da Lei nº 14.133/2021)"
"1","Direito Administrativo (Doutrina e Leis Federais)","DADM","9623","14.03","2","Contratos Administrativos (arts. 89 a 154 da Lei nº 14.133/2021)"
"1","Direito Administrativo (Doutrina e Leis Federais)","DADM","529","08.02","2","Controle Administrativo (Direito Administrativo)"
"1","Direito Administrativo (Doutrina e Leis Federais)","DADM","527","08","1","Controle da Administração"
"1","Direito Administrativo (Doutrina e Leis Federais)","DADM","2854","08.01","2","Controle da Administração: Conceitos, Princípios, Abrangência e Classificações"
"1","Direito Administrativo (Doutrina e Leis Federais)","DADM","9639","14.04.03","3","Controle das Contratações (arts. 169 a 173 da Lei nº 14.133/2021)"
"1","Direito Administrativo (Doutrina e Leis Federais)","DADM","531","08.05","2","Controle Jurisdicional"
"1","Direito Administrativo (Doutrina e Leis Federais)","DADM","1176","08.03","2","Controle Legislativo ou Parlamentar"
"1","Direito Administrativo (Doutrina e Leis Federais)","DADM","3229","08.04","2","Controle Popular ou Social"
"1","Direito Administrativo (Doutrina e Leis Federais)","DADM","507","03.07","2","Convalidação e Conversão dos Atos Administrativos"
"1","Direito Administrativo (Doutrina e Leis Federais)","DADM","547","07.06","2","Convênios Administrativos"
"1","Direito Administrativo (Doutrina e Leis Federais)","DADM","1967","10.04","2","Criação, Transformação e Extinção de Cargos Públicos"
"1","Direito Administrativo (Doutrina e Leis Federais)","DADM","9629","14.02.04","3","Critérios de Julgamento (arts. 33 a 39 da Lei nº 14.133/2021)"
"1","Direito Administrativo (Doutrina e Leis Federais)","DADM","7415","12.01.08","3","Da Anulação, Revogação e Convalidação (arts. 53 a 55 da Lei nº 9.784/1999)"
"1","Direito Administrativo (Doutrina e Leis Federais)","DADM","7410","12.01.03","3","Da Competência (arts. 11 a 17 da Lei nº 9.784/1999)"
"1","Direito Administrativo (Doutrina e Leis Federais)","DADM","7413","12.01.06","3","Da Comunicação dos Atos (arts. 26 a 28 da Lei nº 9.784/1999)"
"1","Direito Administrativo (Doutrina e Leis Federais)","DADM","3775","11.04","2","Da Declaração de Bens (art. 13 da Lei nº 8.429/1992)"
"1","Direito Administrativo (Doutrina e Leis Federais)","DADM","7414","12.01.07","3","Da Desistência e Outros Casos de Extinção do Processo (arts. 51 e 52 da Lei nº 9.784/1999)"
"1","Direito Administrativo (Doutrina e Leis Federais)","DADM","1149","11.07","2","Da Prescrição (arts. 23 a 23-C da Lei nº 8.429/1992)"
"1","Direito Administrativo (Doutrina e Leis Federais)","DADM","13676","08.06.03","3","Da Responsabilização Administrativa (arts. 6º e 7º da Lei nº 12.846/2013)"
"1","Direito Administrativo (Doutrina e Leis Federais)","DADM","13679","08.06.06","3","Da Responsabilização Judicial (arts. 18 a 21 da Lei nº 12.846/2013)"
"1","Direito Administrativo (Doutrina e Leis Federais)","DADM","18674","14.01.03","3","Das Definições (art. 6º da Lei nº 14.133/2021)"
"1","Direito Administrativo (Doutrina e Leis Federais)","DADM","7418","12.01.11","3","Das Disposições Finais (arts. 69 e 70 da Lei nº 9.784/1999)"
"1","Direito Administrativo (Doutrina e Leis Federais)","DADM","12343","20.01.06","3","Das Disposições Finais e Transitórias (arts. 35 a 47 da Lei nº 12.527/2011)"
"1","Direito Administrativo (Doutrina e Leis Federais)","DADM","1917","11.01","2","Das Disposições Gerais (arts. 1º a 8º-A da Lei nº 8.429/1992)"
"1","Direito Administrativo (Doutrina e Leis Federais)","DADM","2642","11.06","2","Das Disposições Penais (arts. 19 a 22 da Lei nº 8.429/1992)"
"1","Direito Administrativo (Doutrina e Leis Federais)","DADM","1143","10.06.14","3","Da Seguridade Social do Servidor (arts. 183 a 230 da Lei nº 8.112/1990)"
"1","Direito Administrativo (Doutrina e Leis Federais)","DADM","2646","10.06.08","3","Das Férias (arts. 77 a 80 da Lei nº 8.112/1990)"
"1","Direito Administrativo (Doutrina e Leis Federais)","DADM","1138","10.06.07","3","Das Gratificações e Adicionais (arts. 61 a 76 da Lei nº 8.112/1990)"
"1","Direito Administrativo (Doutrina e Leis Federais)","DADM","1140","10.06.09","3","Das Licenças, Afastamentos e Concessões (arts. 81 a 99 da Lei nº 8.112/1990)"
"1","Direito Administrativo (Doutrina e Leis Federais)","DADM","1146","11.03","2","Das Penas (art. 12 da Lei nº 8.429/1992)"
"1","Direito Administrativo (Doutrina e Leis Federais)","DADM","12342","20.01.05","3","Das Responsabilidades (arts. 32 a 34 da Lei nº 12.527/2011)"
"1","Direito Administrativo (Doutrina e Leis Federais)","DADM","12341","20.01.04","3","Das Restrições de Acesso à Informação (arts. 21 a 31 da Lei nº 12.527/2011)"
"1","Direito Administrativo (Doutrina e Leis Federais)","DADM","1137","10.06.06","3","Das Vantagens: Indenizações (arts. 49 a 60-E da Lei nº 8.112/1990)"
"1","Direito Administrativo (Doutrina e Leis Federais)","DADM","1156","15.02","2","Decreto nº 10.024/2019 - Pregão Eletrônico"
"1","Direito Administrativo (Doutrina e Leis Federais)","DADM","16909","05.01.09","3","Decreto nº 10.835/2021 - Cessões, Requisições e Alterações do Exercício para Composição da Força de Trabalho em que a Administração Pública Federal seja Parte"
"1","Direito Administrativo (Doutrina e Leis Federais)","DADM","15727","17.19","2","Decreto nº 10.947/2022 - Plano de Contratações Anual e Sistema de Planejamento e Gerenciamento de Contratações"
"1","Direito Administrativo (Doutrina e Leis Federais)","DADM","10340","08.08","2","Decreto nº 11.129/2022 - Regulamenta a Lei nº 12.846/2013 (Lei Anticorrupção)"
"1","Direito Administrativo (Doutrina e Leis Federais)","DADM","15728","17.20","2","Decreto nº 11.246/2022 - Agente de Contratação, Equipe de Apoio, Comissão de Contratação e Outros"
"1","Direito Administrativo (Doutrina e Leis Federais)","DADM","15226","17.21","2","Decreto nº 11.430/2023 - Regulamenta a Lei nº 14.133/2021 a respeito da Utilização de Mão de Obra Constituída por Mulheres Vítimas de Violência Doméstica"
"1","Direito Administrativo (Doutrina e Leis Federais)","DADM","15729","17.22","2","Decreto nº 11.461/2023 - Leilão Eletrônico"
"1","Direito Administrativo (Doutrina e Leis Federais)","DADM","15529","17.02.01","3","Decreto nº 11.462/2023 - Sistema de Registro de Preços (SRP)"
"1","Direito Administrativo (Doutrina e Leis Federais)","DADM","16953","17.24","2","Decreto nº 11.878/2024 - Regulamenta o art. 79 da Lei nº 14.133/2021, para Dispor sobre o Procedimento Auxiliar de Credenciamento para a Contratação de Bens e Serviços"
"1","Direito Administrativo (Doutrina e Leis Federais)","DADM","3902","17.09","2","Decreto nº 2.271/1997 - Contratação de Serviços"
"1","Direito Administrativo (Doutrina e Leis Federais)","DADM","3900","17.10","2","Decreto nº 2.745/1998 - Licitação Simplificada da PETROBRÁS"
"1","Direito Administrativo (Doutrina e Leis Federais)","DADM","6264","15.03","2","Decreto nº 3.555/2000 - Pregão"
"1","Direito Administrativo (Doutrina e Leis Federais)","DADM","16265","10.07","2","Decreto nº 7.003/2009 - Regulamenta a Licença para Tratamento de Saúde, de que Tratam os arts. 202 a 205 da Lei nº 8.112/1990"
"1","Direito Administrativo (Doutrina e Leis Federais)","DADM","4297","17.11","2","Decreto nº 7.174/2010 - Contratação de Bens e Serviços de Informática"
"1","Direito Administrativo (Doutrina e Leis Federais)","DADM","1657","10.10","2","Decreto nº 7.203/2010 - Nepotismo"
"1","Direito Administrativo (Doutrina e Leis Federais)","DADM","12890","17.12","2","Decreto nº 7.546/2011 - Comissão Interministerial de Compras Públicas"
"1","Direito Administrativo (Doutrina e Leis Federais)","DADM","6266","20.02","2","Decreto nº 7.724/2012 - Regulamenta a LAI"
"1","Direito Administrativo (Doutrina e Leis Federais)","DADM","5857","17.13","2","Decreto nº 7.746/2012 - CISAP"
"1","Direito Administrativo (Doutrina e Leis Federais)","DADM","2045","17.15","2","Decreto nº 7.983/2013 - Orçamento de Referência de Obras e Serviços de Engenharia"
"1","Direito Administrativo (Doutrina e Leis Federais)","DADM","2768","17.16","2","Decreto nº 8.538/2015 - Tratamento Favorecido, Diferenciado e Simplificado"
"1","Direito Administrativo (Doutrina e Leis Federais)","DADM","8747","12.04","2","Decreto nº 8.539/2015 - Uso do Meio Eletrônico para a Realização do Processo Administrativo"
"1","Direito Administrativo (Doutrina e Leis Federais)","DADM","6916","17.17","2","Decreto nº 8.726/2016 - Regulamenta a Lei nº 13.019/2014"
"1","Direito Administrativo (Doutrina e Leis Federais)","DADM","11228","05.01.08","3","Decreto nº 8.945/2016 - Regulamenta a Lei nº 13.303/2016 "
"1","Direito Administrativo (Doutrina e Leis Federais)","DADM","6578","07.12","2","Decreto nº 9.094/2017 - Simplificação e Racionalização de Serviços Públicos"
"1","Direito Administrativo (Doutrina e Leis Federais)","DADM","12891","17.18","2","Decreto nº 9.507/2018 - Execução Indireta de Serviços da Administração Pública Federal"
"1","Direito Administrativo (Doutrina e Leis Federais)","DADM","572","18.06","2","Desapropriação"
"1","Direito Administrativo (Doutrina e Leis Federais)","DADM","512","05.01.04","3","Desconcentração e Descentralização"
"1","Direito Administrativo (Doutrina e Leis Federais)","DADM","1185","03.06","2","Desfazimento do Ato Administrativo (Anulação, Revogação, Cassação, Caducidade, Contraposição)"
"1","Direito Administrativo (Doutrina e Leis Federais)","DADM","3950","04.07","2","Deveres da Administração"
"1","Direito Administrativo (Doutrina e Leis Federais)","DADM","1153","07.05.01","3","Deveres e Direitos (Usuários, Concedente, Concessionária, Licitações - Lei nº 8.987/1995)"
"1","Direito Administrativo (Doutrina e Leis Federais)","DADM","2640","10.05.06","3","Direitos Sociais dos Servidores Públicos (art. 7º da CF)"
"1","Direito Administrativo (Doutrina e Leis Federais)","DADM","13680","08.06.07","3","Disposições Finais (arts. 22 a 31 da Lei nº 12.846/2013)"
"1","Direito Administrativo (Doutrina e Leis Federais)","DADM","9625","14.05","2","Disposições Gerais (arts. 174 a 194 da Lei nº 14.133/2021)"
"1","Direito Administrativo (Doutrina e Leis Federais)","DADM","13674","08.06.01","3","Disposições Gerais (arts. 1º a 4º da Lei nº 12.846/2013)"
"1","Direito Administrativo (Doutrina e Leis Federais)","DADM","12338","20.01.01","3","Disposições Gerais (arts. 1º a 5º da Lei nº 12.527/2011)"
"1","Direito Administrativo (Doutrina e Leis Federais)","DADM","7408","12.01.01","3","Disposições Gerais, Direitos e Deveres do Administrado (arts. 1º a 4º da Lei nº 9.784/1999)"
"1","Direito Administrativo (Doutrina e Leis Federais)","DADM","18676","14.01","2","Disposições Preliminares (arts. 1º a 10 da Lei nº 14.133/2021)"
"1","Direito Administrativo (Doutrina e Leis Federais)","DADM","2798","10.06.01","3","Disposições Preliminares e Abrangência (arts. 1º a 4º da Lei nº 8.112/1990)"
"1","Direito Administrativo (Doutrina e Leis Federais)","DADM","9630","14.02.05","3","Disposições Setoriais, Compras, Serviços (arts. 40 a 52 da Lei nº 14.133/2021)"
"1","Direito Administrativo (Doutrina e Leis Federais)","DADM","9642","14.05.03","3","Disposições Transitórias e Finais (arts. 181 a 194 da Lei nº 14.133/2021)"
"1","Direito Administrativo (Doutrina e Leis Federais)","DADM","9631","14.02.06","3","Divulgação do Edital de Licitação (arts. 53 a 54 da Lei nº 14.133/2021)"
"1","Direito Administrativo (Doutrina e Leis Federais)","DADM","12339","20.01.02","3","Do Acesso a Informações e da sua Divulgação (arts. 6º a 9º da Lei nº 12.527/2011)"
"1","Direito Administrativo (Doutrina e Leis Federais)","DADM","13678","08.06.05","3","Do Acordo de Leniência (arts. 16 e 17 da Lei nº 12.846/2013)"
"1","Direito Administrativo (Doutrina e Leis Federais)","DADM","9620","14.01.01","3","Do Âmbito de Aplicação (arts. 1º a 4º da Lei nº 14.133/2021)"
"1","Direito Administrativo (Doutrina e Leis Federais)","DADM","3597","10.06.11","3","Do Direito de Petição (arts. 104 a 115 da Lei nº 8.112/1990)"
"1","Direito Administrativo (Doutrina e Leis Federais)","DADM","536","09","1","Domínio Público"
"1","Direito Administrativo (Doutrina e Leis Federais)","DADM","522","09.00","2","Domínio Público e Bens Públicos: Conceito"
"1","Direito Administrativo (Doutrina e Leis Federais)","DADM","2641","11.05","2","Do Procedimento Administrativo e do Processo Judicial (arts. 14 a 18-A da Lei nº 8.429/1992)"
"1","Direito Administrativo (Doutrina e Leis Federais)","DADM","12340","20.01.03","3","Do Procedimento de Acesso à Informação (arts. 10 a 20 da Lei nº 12.527/2011)"
"1","Direito Administrativo (Doutrina e Leis Federais)","DADM","13677","08.06.04","3","Do Processo Administrativo de Responsabilização (arts. 8º a 15 da Lei nº 12.846/2013)"
"1","Direito Administrativo (Doutrina e Leis Federais)","DADM","1142","10.06.13","3","Do Processo Administrativo Disciplinar (arts. 143 a 182 da Lei nº 8.112/1990)"
"1","Direito Administrativo (Doutrina e Leis Federais)","DADM","7416","12.01.09","3","Do Recurso Administrativo e da Revisão (arts. 56 a 65 da Lei nº 9.784/1999)"
"1","Direito Administrativo (Doutrina e Leis Federais)","DADM","1141","10.06.12","3","Do Regime Disciplinar (arts. 116 a 142 da Lei nº 8.112/1990)"
"1","Direito Administrativo (Doutrina e Leis Federais)","DADM","18675","14.01.04","3","Dos Agentes Públicos (arts. 7º a 10 da Lei nº 14.133/2021)"
"1","Direito Administrativo (Doutrina e Leis Federais)","DADM","1145","11.02","2","Dos Atos de Improbidade (arts. 9º a 11 da Lei nº 8.429/1992)"
"1","Direito Administrativo (Doutrina e Leis Federais)","DADM","13675","08.06.02","3","Dos Atos Lesivos à Administração Pública Nacional ou Estrangeira (art. 5º da Lei nº 12.846/2013)"
"1","Direito Administrativo (Doutrina e Leis Federais)","DADM","7411","12.01.04","3","Dos Impedimentos e da Suspeição (arts. 18 a 21 da Lei nº 9.784/1999)"
"1","Direito Administrativo (Doutrina e Leis Federais)","DADM","7417","12.01.10","3","Dos Prazos e das Sanções (arts. 66 a 68 da Lei nº 9.784/1999)"
"1","Direito Administrativo (Doutrina e Leis Federais)","DADM","4335","10.06.10","3","Do Tempo de Serviço (arts. 100 a 103 da Lei nº 8.112/1990)"
"1","Direito Administrativo (Doutrina e Leis Federais)","DADM","9647","14.03.05","3","Duração dos Contratos (arts. 105 a 114 da Lei nº 14.133/2021)"
"1","Direito Administrativo (Doutrina e Leis Federais)","DADM","502","03.03","2","Elementos, Requisitos e Pressupostos (Atos Administrativos)"
"1","Direito Administrativo (Doutrina e Leis Federais)","DADM","1168","10.05.04","3","Estabilidade e Estágio Probatório"
"1","Direito Administrativo (Doutrina e Leis Federais)","DADM","15238","06.04","2","Excludentes e Atenuantes de Responsabilidade"
"1","Direito Administrativo (Doutrina e Leis Federais)","DADM","9649","14.03.06","3","Execução dos Contratos (arts. 115 a art. 123 da Lei nº 14.133/2021)"
"1","Direito Administrativo (Doutrina e Leis Federais)","DADM","9632","14.02.07","3","Fases da Licitação - Julgamento, Habilitação e Encerramento (arts. 55 a 71 da Lei nº 14.133/2021)"
"1","Direito Administrativo (Doutrina e Leis Federais)","DADM","1154","07.05.03","3","Formas de Extinção (Serviços Públicos - Lei nº 8.987/1995)"
"1","Direito Administrativo (Doutrina e Leis Federais)","DADM","1133","10.06.02","3","Formas de Provimento (arts. 5º a 32 da Lei nº 8.112/1990)"
"1","Direito Administrativo (Doutrina e Leis Federais)","DADM","535","09.01.05","3","Formas de Utilização de Bens Públicos"
"1","Direito Administrativo (Doutrina e Leis Federais)","DADM","7412","12.01.05","3","Forma, Tempo e Lugar dos Atos do Processo (arts. 22 a 25 da Lei nº 9.784/1999)"
"1","Direito Administrativo (Doutrina e Leis Federais)","DADM","2221","10.03","2","Funções, Cargos e Empregos Públicos"
"1","Direito Administrativo (Doutrina e Leis Federais)","DADM","9644","14.03.02","3","Garantias (arts. 96 a 102 da Lei nº 14.133/2021)"
"1","Direito Administrativo (Doutrina e Leis Federais)","DADM","9651","14.03.08","3","Hipóteses de Extinção dos Contratos (arts. 137 a 139 da Lei nº 14.133/2021)"
"1","Direito Administrativo (Doutrina e Leis Federais)","DADM","14844","11","1","Improbidade Administrativa (Lei nº 8.429/1992)"
"1","Direito Administrativo (Doutrina e Leis Federais)","DADM","9638","14.04.02","3","Impugnações, Pedidos de Esclarecimento e Recursos (arts. 164 a 168 da Lei nº 14.133/2021)"
"1","Direito Administrativo (Doutrina e Leis Federais)","DADM","9637","14.04.01","3","Infrações e Sanções Administrativas (arts. 155 a 163 da Lei nº 14.133/2021)"
"1","Direito Administrativo (Doutrina e Leis Federais)","DADM","18449","17.02.02","3","IN SEGES/ME nº 65/2021 - Pesquisa de Preços"
"1","Direito Administrativo (Doutrina e Leis Federais)","DADM","16767","17.41","2","IN SEGES/ME nº 67/2021 - Dispensa de Licitação, na Forma Eletrônica, de que Trata a Lei nº 14.133/2021, e Institui o Sistema de Dispensa Eletrônica"
"1","Direito Administrativo (Doutrina e Leis Federais)","DADM","16952","17.42","2","IN SEGES/ME nº 73/2022 - Licitação pelo Critério de Julgamento por Menor Preço ou Maior Desconto, na Forma Eletrônica, para a Contratação de Bens, Serviços e Obras"
"1","Direito Administrativo (Doutrina e Leis Federais)","DADM","16338","17.43","2","IN SEGES/ME nº 98/2022 - Regras e Diretrizes para o Procedimento de Contratação de Serviços sob Regime de Execução Indireta (Lei nº 14.133/2021)"
"1","Direito Administrativo (Doutrina e Leis Federais)","DADM","9627","14.02.02","3","Instrução do Processo Licitatório (arts. 18 a 27 da Lei nº 14.133/2021)"
"1","Direito Administrativo (Doutrina e Leis Federais)","DADM","5666","17.40","2","Instrução Normativa nº 5/2017 (antiga IN nº 2/2008) - Regras e Diretrizes do Procedimento de Contratação de Serviços sob o Regime de Execução Indireta no âmbito da Administração Pública Federal"
"1","Direito Administrativo (Doutrina e Leis Federais)","DADM","9635","14.02.10","3","Instrumentos Auxiliares (arts. 78 a 88 da Lei nº 14.133/2021)"
"1","Direito Administrativo (Doutrina e Leis Federais)","DADM","1918","18","1","Intervenção do Estado na Propriedade Privada"
"1","Direito Administrativo (Doutrina e Leis Federais)","DADM","1155","07.05.04","3","Intervenção (Serviços Públicos - Lei nº 8.987/1995)"
"1","Direito Administrativo (Doutrina e Leis Federais)","DADM","9624","14.04","2","Irregularidades (arts. 155 a 173 da Lei nº 14.133/2021)"
"1","Direito Administrativo (Doutrina e Leis Federais)","DADM","12832","21","1","Jurisprudência dos Tribunais Superiores em Matéria Administrativa"
"1","Direito Administrativo (Doutrina e Leis Federais)","DADM","13371","21.01","2","Jurisprudência dos Tribunais Superiores sobre Acesso à Informação e Transparência"
"1","Direito Administrativo (Doutrina e Leis Federais)","DADM","13369","21.02","2","Jurisprudência dos Tribunais Superiores sobre Administração Indireta"
"1","Direito Administrativo (Doutrina e Leis Federais)","DADM","13360","21.03","2","Jurisprudência dos Tribunais Superiores sobre Agente Públicos"
"1","Direito Administrativo (Doutrina e Leis Federais)","DADM","13356","21.04","2","Jurisprudência dos Tribunais Superiores sobre Associação e Direito de Greve"
"1","Direito Administrativo (Doutrina e Leis Federais)","DADM","13368","21.05","2","Jurisprudência dos Tribunais Superiores sobre Atos Administrativos"
"1","Direito Administrativo (Doutrina e Leis Federais)","DADM","13370","21.06","2","Jurisprudência dos Tribunais Superiores sobre Bens Públicos"
"1","Direito Administrativo (Doutrina e Leis Federais)","DADM","13359","21.07","2","Jurisprudência dos Tribunais Superiores sobre Concurso Público"
"1","Direito Administrativo (Doutrina e Leis Federais)","DADM","13358","21.08","2","Jurisprudência dos Tribunais Superiores sobre Controle da Administração Pública"
"1","Direito Administrativo (Doutrina e Leis Federais)","DADM","13353","21.09","2","Jurisprudência dos Tribunais Superiores sobre Desapropriação"
"1","Direito Administrativo (Doutrina e Leis Federais)","DADM","13350","21.10","2","Jurisprudência dos Tribunais Superiores sobre Improbidade Administrativa"
"1","Direito Administrativo (Doutrina e Leis Federais)","DADM","13351","21.11","2","Jurisprudência dos Tribunais Superiores sobre Licitações e Contratos Administrativos"
"1","Direito Administrativo (Doutrina e Leis Federais)","DADM","13372","21.12","2","Jurisprudência dos Tribunais Superiores sobre Nepotismo"
"1","Direito Administrativo (Doutrina e Leis Federais)","DADM","13352","21.13","2","Jurisprudência dos Tribunais Superiores sobre Poderes da Administração"
"1","Direito Administrativo (Doutrina e Leis Federais)","DADM","13362","21.14","2","Jurisprudência dos Tribunais Superiores sobre Prescrição e Coisa Julgada Administrativa"
"1","Direito Administrativo (Doutrina e Leis Federais)","DADM","13354","21.15","2","Jurisprudência dos Tribunais Superiores sobre Princípios da Administração"
"1","Direito Administrativo (Doutrina e Leis Federais)","DADM","13367","21.16","2","Jurisprudência dos Tribunais Superiores sobre Processo Administrativo"
"1","Direito Administrativo (Doutrina e Leis Federais)","DADM","13357","21.17","2","Jurisprudência dos Tribunais Superiores sobre Processo Administrativo Disciplinar"
"1","Direito Administrativo (Doutrina e Leis Federais)","DADM","13355","21.18","2","Jurisprudência dos Tribunais Superiores sobre Responsabilidade Civil do Estado"
"1","Direito Administrativo (Doutrina e Leis Federais)","DADM","13364","21.19","2","Jurisprudência dos Tribunais Superiores sobre Serviços Públicos"
"1","Direito Administrativo (Doutrina e Leis Federais)","DADM","13361","21.20","2","Jurisprudência dos Tribunais Superiores sobre Tombamento"
"1","Direito Administrativo (Doutrina e Leis Federais)","DADM","13363","21.21","2","Jurisprudência dos Tribunais Superiores sobre Tópicos Mesclados e Outros Assuntos de DAD"
"1","Direito Administrativo (Doutrina e Leis Federais)","DADM","3600","17","1","Legislação Esparsa sobre Licitações"
"1","Direito Administrativo (Doutrina e Leis Federais)","DADM","6846","90","1","Legislação Estadual e do Distrito Federal sobre Direito Administrativo"
"1","Direito Administrativo (Doutrina e Leis Federais)","DADM","5792","91","1","Legislação Municipal sobre Direito Administrativo"
"1","Direito Administrativo (Doutrina e Leis Federais)","DADM","9897","17.04","2","Lei nº 10.191/2001 - Licitação de Produtos e Serviços no Âmbito do Ministério da Saúde"
"1","Direito Administrativo (Doutrina e Leis Federais)","DADM","1131","07.07","2","Lei nº 11.079/2004 - Parceria Público-Privada (PPP)"
"1","Direito Administrativo (Doutrina e Leis Federais)","DADM","1132","07.08","2","Lei nº 11.107/2005 - Normas Gerais de Contratação de Consórcios Públicos"
"1","Direito Administrativo (Doutrina e Leis Federais)","DADM","4224","17.05","2","Lei nº 12.232/2010 - Licitação para Serviços de Publicidade"
"1","Direito Administrativo (Doutrina e Leis Federais)","DADM","4552","20.01","2","Lei nº 12.527/2011 - Lei de Acesso à Informação"
"1","Direito Administrativo (Doutrina e Leis Federais)","DADM","337","08.06","2","Lei nº 12.846/2013 - Lei Anticorrupção"
"1","Direito Administrativo (Doutrina e Leis Federais)","DADM","5809","07.09","2","Lei nº 13.019/2014 - Estatuto das Parcerias"
"1","Direito Administrativo (Doutrina e Leis Federais)","DADM","7781","17.07","2","Lei nº 13.303/2016 - Das Licitações (arts. 28 a 90)"
"1","Direito Administrativo (Doutrina e Leis Federais)","DADM","6031","05.01.07","3","Lei nº 13.303/2016 - Estatuto Jurídico da EP e SEM (arts. 1º a 27)"
"1","Direito Administrativo (Doutrina e Leis Federais)","DADM","6032","17.08","2","Lei nº 13.334/2016 e Lei nº 13.448/2017 - Programa de Parceria de Investimentos (PPI)"
"1","Direito Administrativo (Doutrina e Leis Federais)","DADM","3546","07.10","2","Lei nº 13.460/2017 - Direitos Básicos do Usuário do Serviço Público"
"1","Direito Administrativo (Doutrina e Leis Federais)","DADM","2856","07.11","2","Lei nº 13.726/2018 - Desburocratização e Simplificação"
"1","Direito Administrativo (Doutrina e Leis Federais)","DADM","18184","05.01.10","3","Lei nº 13.934/2019 - Regulamenta o Contrato de Desempenho (§ 8º do art. 37 da CF)"
"1","Direito Administrativo (Doutrina e Leis Federais)","DADM","540","10.06","2","Lei nº 8.112/1990 - Estatuto dos Servidores Federais"
"1","Direito Administrativo (Doutrina e Leis Federais)","DADM","12834","17.03","2","Lei nº 8.248/1991 - Capacitação e Competitividade do Setor de Informática e Automação"
"1","Direito Administrativo (Doutrina e Leis Federais)","DADM","1829","10.11","2","Lei nº 8.730/1993 - Declaração de Bens e Rendas para o Exercício de Cargos Públicos"
"1","Direito Administrativo (Doutrina e Leis Federais)","DADM","2802","10.12","2","Lei nº 8.745/1993 - Contratação Temporária"
"1","Direito Administrativo (Doutrina e Leis Federais)","DADM","15233","09.02","2","Lei nº 9.636/1998 - Regularização, Administração, Aforamento e Alienação de Bens Imóveis da União"
"1","Direito Administrativo (Doutrina e Leis Federais)","DADM","2652","10.13","2","Lei nº 9.962/2000 - Regime de Emprego Público do Pessoal da Administração Federal"
"1","Direito Administrativo (Doutrina e Leis Federais)","DADM","9622","14.02","2","Licitações (arts. 11 a 88 da Lei nº 14.133/2021)"
"1","Direito Administrativo (Doutrina e Leis Federais)","DADM","9619","14","1","Licitações e Contratos Administrativos (Lei nº 14.133/2021)"
"1","Direito Administrativo (Doutrina e Leis Federais)","DADM","2797","18.04","2","Limitações Administrativas (Intervenção da Propriedade)"
"1","Direito Administrativo (Doutrina e Leis Federais)","DADM","2222","10.05.08","3","Mandato Eletivo (art. 38 da CF)"
"1","Direito Administrativo (Doutrina e Leis Federais)","DADM","9655","14.03.12","3","Meios Alternativos de Resolução de Controvérsias (arts. 151 a 154 da Lei nº 14.133/2021)"
"1","Direito Administrativo (Doutrina e Leis Federais)","DADM","505","03.02","2","Mérito Administrativo"
"1","Direito Administrativo (Doutrina e Leis Federais)","DADM","9628","14.02.03","3","Modalidades de Licitação (arts. 28 a 32 da Lei nº 14.133/2021)"
"1","Direito Administrativo (Doutrina e Leis Federais)","DADM","9654","14.03.11","3","Nulidade dos Contratos (arts. 147 a 150 da Lei nº 14.133/2021)"
"1","Direito Administrativo (Doutrina e Leis Federais)","DADM","9626","14.02.01","3","Objetivos, Fases e Formalidades (arts. 11 a 17 da Lei nº 14.133/2021)"
"1","Direito Administrativo (Doutrina e Leis Federais)","DADM","3799","18.03","2","Ocupação Provisória"
"1","Direito Administrativo (Doutrina e Leis Federais)","DADM","5781","05","1","Organização Administrativa"
"1","Direito Administrativo (Doutrina e Leis Federais)","DADM","509","05.01","2","Organização Administrativa da União"
"1","Direito Administrativo (Doutrina e Leis Federais)","DADM","497","01","1","Origem, Conceito e Fontes do Direito Administrativo"
"1","Direito Administrativo (Doutrina e Leis Federais)","DADM","16956","17.99","2","Outros Normativos sobre Licitações"
"1","Direito Administrativo (Doutrina e Leis Federais)","DADM","9653","14.03.10","3","Pagamentos (arts. 141 a 146 da Lei nº 14.133/2021)"
"1","Direito Administrativo (Doutrina e Leis Federais)","DADM","1456","08.03.01","3","Parlamentar Direto (Controle Político)"
"1","Direito Administrativo (Doutrina e Leis Federais)","DADM","1178","08.03.02","3","Parlamentar Indireto (Tribunais de Contas e Controle Técnico-Financeiro)"
"1","Direito Administrativo (Doutrina e Leis Federais)","DADM","988","17.02","2","Pesquisa de Preços e Cotação Eletrônica"
"1","Direito Administrativo (Doutrina e Leis Federais)","DADM","519","04.05","2","Poder de Polícia"
"1","Direito Administrativo (Doutrina e Leis Federais)","DADM","1947","04.04","2","Poder Disciplinar"
"1","Direito Administrativo (Doutrina e Leis Federais)","DADM","515","04","1","Poderes e Deveres da Administração"
"1","Direito Administrativo (Doutrina e Leis Federais)","DADM","516","04.03","2","Poder Hierárquico"
"1","Direito Administrativo (Doutrina e Leis Federais)","DADM","518","04.02","2","Poder Regulamentar"
"1","Direito Administrativo (Doutrina e Leis Federais)","DADM","1915","04.01","2","Poder Vinculado e Discricionário"
"1","Direito Administrativo (Doutrina e Leis Federais)","DADM","9640","14.05.01","3","Portal Nacional de Contratações Públicas - PNCP (arts. 174 a 176 da Lei nº 14.133/2021)"
"1","Direito Administrativo (Doutrina e Leis Federais)","DADM","16766","17.02.03","3","Portaria MPOG nº 306/2001 - Sistema de Cotação Eletrônica de Preços - Módulo do Sistema Integrado de Administração de Serviços Gerais (SIASG)"
"1","Direito Administrativo (Doutrina e Leis Federais)","DADM","15564","17.51","2","Portaria SEGES/ME nº 8.678/2021 - Governança das Contratações Públicos no Âmbito da Administração Pública Federal Direta, Autárquica e Fundacional"
"1","Direito Administrativo (Doutrina e Leis Federais)","DADM","6263","15","1","Pregão"
"1","Direito Administrativo (Doutrina e Leis Federais)","DADM","9646","14.03.04","3","Prerrogativas da Administração (art. 104 da Lei nº 14.133/2021)"
"1","Direito Administrativo (Doutrina e Leis Federais)","DADM","2655","19","1","Prescrição e Coisa Julgada Administrativa"
"1","Direito Administrativo (Doutrina e Leis Federais)","DADM","9621","14.01.02","3","Princípios (art. 5º da Lei nº 14.133/2021)"
"1","Direito Administrativo (Doutrina e Leis Federais)","DADM","6055","02.02","2","Princípios Expressos, Explícitos ou Constitucionais"
"1","Direito Administrativo (Doutrina e Leis Federais)","DADM","6056","02.03","2","Princípios Implícitos, Reconhecidos e Infraconstitucionais"
"1","Direito Administrativo (Doutrina e Leis Federais)","DADM","1305","07.03","2","Princípios (Serviços Públicos - Lei nº 8.987/1995)"
"1","Direito Administrativo (Doutrina e Leis Federais)","DADM","548","12","1","Processo Administrativo"
"1","Direito Administrativo (Doutrina e Leis Federais)","DADM","549","12.01","2","Processo Administrativo Federal (Lei 9.784/1999)"
"1","Direito Administrativo (Doutrina e Leis Federais)","DADM","9652","14.03.09","3","Recebimento do Objeto do Contrato (art. 140 da Lei nº 14.133/2021)"
"1","Direito Administrativo (Doutrina e Leis Federais)","DADM","498","02","1","Regime Jurídico Administrativo"
"1","Direito Administrativo (Doutrina e Leis Federais)","DADM","6053","02.01","2","Regime Jurídico da Administração e Regime Jurídico Administrativo"
"1","Direito Administrativo (Doutrina e Leis Federais)","DADM","1172","10.05.09","3","Regime Previdenciário (Aposentadoria, Pensão, RPPS)"
"1","Direito Administrativo (Doutrina e Leis Federais)","DADM","15711","17.61","2","Regulamento de Licitações e Contratos da EBSERH (RLCE)"
"1","Direito Administrativo (Doutrina e Leis Federais)","DADM","16927","17.60","2","Regulamento Interno de Licitações e Contratações da FUNPRESP"
"1","Direito Administrativo (Doutrina e Leis Federais)","DADM","4018","17.62","2","Regulamentos de Licitações e Contratos de Outras Entidades (SEBRAE, ABDI, Telebras, etc.)"
"1","Direito Administrativo (Doutrina e Leis Federais)","DADM","1134","10.06.04","3","Remoção, Redistribuição e Substituição (arts. 36 a 39 da Lei nº 8.112/1990)"
"1","Direito Administrativo (Doutrina e Leis Federais)","DADM","1174","10.05.07","3","Remuneração (Componentes, Subsídio, Teto, Equiparação, Vinculação, Irredutibilidade, etc)"
"1","Direito Administrativo (Doutrina e Leis Federais)","DADM","1996","07.04","2","Repartição de Competências (Serviços Públicos)"
"1","Direito Administrativo (Doutrina e Leis Federais)","DADM","690","18.02","2","Requisição da Propriedade Privada"
"1","Direito Administrativo (Doutrina e Leis Federais)","DADM","16935","17.70","2","Resolução CGPAR nº 45/2022 - Orientações às Empresas Estatais Federais sobre Planejamento, Execução, Controle e Avaliação das Contratações de Bens e Serviços em Geral"
"1","Direito Administrativo (Doutrina e Leis Federais)","DADM","521","06","1","Responsabilidade Civil do Estado"
"1","Direito Administrativo (Doutrina e Leis Federais)","DADM","15236","06.05","2","Responsabilidade Civil por Atos Omissivos"
"1","Direito Administrativo (Doutrina e Leis Federais)","DADM","15239","06.03","2","Responsabilidade dos Agentes Públicos e Direito de Regresso"
"1","Direito Administrativo (Doutrina e Leis Federais)","DADM","15235","06.02","2","Responsabilidade Objetiva das Empresas Estatais e das Prestadoras de Serviços Públicos"
"1","Direito Administrativo (Doutrina e Leis Federais)","DADM","15237","06.06","2","Responsabilidade por Atos Legislativos e Judiciais"
"1","Direito Administrativo (Doutrina e Leis Federais)","DADM","543","07","1","Serviços Públicos"
"1","Direito Administrativo (Doutrina e Leis Federais)","DADM","570","18.01","2","Servidões Administrativas"
"1","Direito Administrativo (Doutrina e Leis Federais)","DADM","5774","17.02.04","3","SICAF"
"1","Direito Administrativo (Doutrina e Leis Federais)","DADM","2648","07.05.05","3","Subconcessão (Serviços Públicos - Lei nº 8.987/1995)"
"1","Direito Administrativo (Doutrina e Leis Federais)","DADM","1946","03.08","2","Teoria dos Motivos Determinantes"
"1","Direito Administrativo (Doutrina e Leis Federais)","DADM","614","05.01.06","3","Terceiro Setor (OSs, OSCIPs, Sistema S e Fundações de Apoio)"
"1","Direito Administrativo (Doutrina e Leis Federais)","DADM","573","18.05","2","Tombamento - Conceitos e Decreto-Lei nº 25/1937"
"1","Direito Administrativo (Doutrina e Leis Federais)","DADM","12344","20.01.07","3","Tópicos Mesclados da Lei nº 12.527/2011"
"1","Direito Administrativo (Doutrina e Leis Federais)","DADM","11394","14.99","2","Tópicos Mesclados da Lei nº 14.133/2021"
"1","Direito Administrativo (Doutrina e Leis Federais)","DADM","7419","12.01.12","3","Tópicos Mesclados da Lei nº 9.784/1999"
"1","Direito Administrativo (Doutrina e Leis Federais)","DADM","4092","10.14","2","Tópicos Mesclados de Agentes Públicos"
"1","Direito Administrativo (Doutrina e Leis Federais)","DADM","6298","03.09","2","Tópicos Mesclados de Atos Administrativos"
"1","Direito Administrativo (Doutrina e Leis Federais)","DADM","4153","09.01.07","3","Tópicos Mesclados de Bens Públicos (Direito Administrativo)"
"1","Direito Administrativo (Doutrina e Leis Federais)","DADM","4111","08.11","2","Tópicos Mesclados de Controle da Administração"
"1","Direito Administrativo (Doutrina e Leis Federais)","DADM","6297","10.06.15","3","Tópicos Mesclados de Estatuto de Servidores Federais (Lei nº 8.112/1990)"
"1","Direito Administrativo (Doutrina e Leis Federais)","DADM","2845","11.08","2","Tópicos Mesclados de Improbidade Administrativa (Lei nº 8.429/1992)"
"1","Direito Administrativo (Doutrina e Leis Federais)","DADM","2885","05.01.99","3","Tópicos Mesclados de Organização Administrativa da União"
"1","Direito Administrativo (Doutrina e Leis Federais)","DADM","4119","04.08","2","Tópicos Mesclados de Poderes da Administração"
"1","Direito Administrativo (Doutrina e Leis Federais)","DADM","15241","06.08","2","Tópicos Mesclados de Responsabilidade Civil do Estado"
"1","Direito Administrativo (Doutrina e Leis Federais)","DADM","4107","07.15","2","Tópicos Mesclados de Serviços Públicos"
"1","Direito Administrativo (Doutrina e Leis Federais)","DADM","4390","18.07","2","Tópicos Mesclados sobre Intervenção do Estado na Propriedade Privada"
"1","Direito Administrativo (Doutrina e Leis Federais)","DADM","7409","12.01.02","3","Trâmite do Processo (arts. 5º a 10 e 29 a 50 da Lei nº 9.784/1999)"
"1","Direito Administrativo (Doutrina e Leis Federais)","DADM","1135","10.06.03","3","Vacância (arts. 33 a 35 da Lei nº 8.112/1990)"
"1","Direito Administrativo (Doutrina e Leis Federais)","DADM","1136","10.06.05","3","Vencimento e Remuneração (arts. 40 a 48 da Lei nº 8.112/1990)"
"2","Direito Constitucional (CF/1988 e Doutrina)","DCONST","486","12.03.03.03","4","Ação Declaratória de Constitucionalidade (ADC)"
"2","Direito Constitucional (CF/1988 e Doutrina)","DCONST","485","12.03.03.01","4","Ação Direta de Inconstitucionalidade (ADI)"
"2","Direito Constitucional (CF/1988 e Doutrina)","DCONST","2219","12.03.03.02","4","Ação Direta de Inconstitucionalidade por Omissão (ADI por Omissão)"
"2","Direito Constitucional (CF/1988 e Doutrina)","DCONST","2080","03.04.05","3","Ação Popular"
"2","Direito Constitucional (CF/1988 e Doutrina)","DCONST","484","12.03.03","3","Ações de Controle Concentrado de Constitucionalidade"
"2","Direito Constitucional (CF/1988 e Doutrina)","DCONST","385","04.07","2","Administração Pública (arts. 37 a 43 da CF/1988)"
"2","Direito Constitucional (CF/1988 e Doutrina)","DCONST","456","05.04.03","3","Advocacia Privada e Defensoria Pública (arts. 133 a 135 da CF/1988)"
"2","Direito Constitucional (CF/1988 e Doutrina)","DCONST","363","01.05","2","Aplicação das Normas Constitucionais no Tempo (Recepção, Repristinação, Desconstitucionalização)"
"2","Direito Constitucional (CF/1988 e Doutrina)","DCONST","487","12.03.03.04","4","Arguição de Descumprimento de Preceito Fundamental (ADPF)"
"2","Direito Constitucional (CF/1988 e Doutrina)","DCONST","3225","11.01","2","Ato das Disposições Constitucionais Transitórias - ADCT"
"2","Direito Constitucional (CF/1988 e Doutrina)","DCONST","462","08.02","2","Atuação do Estado no Domínio Econômico (arts. 173 e 174 da CF/1988)"
"2","Direito Constitucional (CF/1988 e Doutrina)","DCONST","367","05.03.01.08","4","Autonomia Administrativa e Financeira (Poder Judiciário, art. 99 da CF/1988)"
"2","Direito Constitucional (CF/1988 e Doutrina)","DCONST","371","03.01","2","Características (Direitos Fundamentais)"
"2","Direito Constitucional (CF/1988 e Doutrina)","DCONST","403","05.01.09.01","4","Competências para Fiscalização e Tribunal de Contas da União (arts. 70 a 73 da CF/1988)"
"2","Direito Constitucional (CF/1988 e Doutrina)","DCONST","3198","05.03.01.05","4","Competências Privativas (Poder Judiciário, art. 96 da CF/1988)"
"2","Direito Constitucional (CF/1988 e Doutrina)","DCONST","3211","05.04.01.03","4","Composição do Ministério Público"
"2","Direito Constitucional (CF/1988 e Doutrina)","DCONST","3222","05.04.01.06","4","Conselho Nacional do Ministério Público - CNMP"
"2","Direito Constitucional (CF/1988 e Doutrina)","DCONST","1948","01.01.03","3","Constitucionalismo e Neoconstitucionalismo"
"2","Direito Constitucional (CF/1988 e Doutrina)","DCONST","361","01.02","2","Constituição: Conceito, Estrutura, Supremacia e Classificação"
"2","Direito Constitucional (CF/1988 e Doutrina)","DCONST","477","12","1","Controle de Constitucionalidade"
"2","Direito Constitucional (CF/1988 e Doutrina)","DCONST","1988","12.02","2","Controle de Constitucionalidade no Mundo e Histórico do Controle de Constitucionalidade no Brasil"
"2","Direito Constitucional (CF/1988 e Doutrina)","DCONST","489","12.04","2","Controle de Constitucionalidade pelos Tribunais de Justiça dos Estados"
"2","Direito Constitucional (CF/1988 e Doutrina)","DCONST","483","12.03.02","3","Controle Difuso (Incidental ou Incidenter Tantum)"
"2","Direito Constitucional (CF/1988 e Doutrina)","DCONST","454","05.04.02","3","Da Advocacia Pública (arts. 131 e 132 da CF/1988)"
"2","Direito Constitucional (CF/1988 e Doutrina)","DCONST","1873","09.02.04","3","Da Assistência Social (arts. 203 e 204 da CF/1988)"
"2","Direito Constitucional (CF/1988 e Doutrina)","DCONST","399","05.01.03","3","Da Câmara dos Deputados (art. 51 da CF/1988)"
"2","Direito Constitucional (CF/1988 e Doutrina)","DCONST","471","09.04","2","Da Ciência e Tecnologia (arts. 218 e 219 da CF/1988)"
"2","Direito Constitucional (CF/1988 e Doutrina)","DCONST","472","09.05","2","Da Comunicação Social (arts. 220 a 224 da CF/1988)"
"2","Direito Constitucional (CF/1988 e Doutrina)","DCONST","470","09.03","2","Da Educação, da Cultura e do Desporto (arts. 205 a 217 da CF/1988)"
"2","Direito Constitucional (CF/1988 e Doutrina)","DCONST","407","05.01.08.02","4","Da Emenda à Constituição (art. 60 da CF/1988)"
"2","Direito Constitucional (CF/1988 e Doutrina)","DCONST","474","09.07","2","Da Família, da Criança, do Adolescente e do Idoso (arts. 226 a 230 da CF/1988)"
"2","Direito Constitucional (CF/1988 e Doutrina)","DCONST","402","05.01.09","3","Da Fiscalização Contábil, Financeira e Orçamentária (arts. 70 a 75 da CF/1988)"
"2","Direito Constitucional (CF/1988 e Doutrina)","DCONST","383","03.06","2","Da Nacionalidade (arts. 12 e 13 da CF/1988)"
"2","Direito Constitucional (CF/1988 e Doutrina)","DCONST","460","08","1","Da Ordem Econômica e Financeira (arts. 170 a 192 da CF/1988)"
"2","Direito Constitucional (CF/1988 e Doutrina)","DCONST","386","04","1","Da Organização do Estado (arts. 18 a 43 da CF/1988)"
"2","Direito Constitucional (CF/1988 e Doutrina)","DCONST","1951","05","1","Da Organização dos Poderes (arts. 44 a 135 da CF/1988)"
"2","Direito Constitucional (CF/1988 e Doutrina)","DCONST","1877","04.01","2","Da Organização Político-Administrativa (arts. 18 e 19 da CF/1988)"
"2","Direito Constitucional (CF/1988 e Doutrina)","DCONST","1871","09.02.03","3","Da Previdência Social (arts. 201 e 202 da CF/1988)"
"2","Direito Constitucional (CF/1988 e Doutrina)","DCONST","2078","07.01.07","3","Da Repartição das Receitas Tributárias (arts. 157 a 162 da CF/1988)"
"2","Direito Constitucional (CF/1988 e Doutrina)","DCONST","420","05.02.03","3","Da Responsabilidade do Presidente da República (arts. 85 e 86 da CF/1988)"
"2","Direito Constitucional (CF/1988 e Doutrina)","DCONST","397","05.01.02","3","Das Atribuições do Congresso Nacional (arts. 48 a 50 da CF/1988)"
"2","Direito Constitucional (CF/1988 e Doutrina)","DCONST","417","05.02.02","3","Das Atribuições do Presidente da República (art. 84 da CF/1988)"
"2","Direito Constitucional (CF/1988 e Doutrina)","DCONST","1872","09.02.02","3","Da Saúde (arts. 196 a 200 da CF/1988)"
"2","Direito Constitucional (CF/1988 e Doutrina)","DCONST","2079","05.01.07","3","Das Comissões Parlamentares - Permanentes e Temporárias (art. 58 da CF/1988)"
"2","Direito Constitucional (CF/1988 e Doutrina)","DCONST","2168","10","1","Das Disposições Constitucionais Gerais (arts. 233 a 250 da CF/1988)"
"2","Direito Constitucional (CF/1988 e Doutrina)","DCONST","1950","05.03.01","3","Das Disposições Gerais (Poder Judiciário, arts. 92 a 100 da CF/1988)"
"2","Direito Constitucional (CF/1988 e Doutrina)","DCONST","3205","05.03.01.04","4","Das Garantias e Vedações (Poder Judiciário, art. 95 da CF/1988)"
"2","Direito Constitucional (CF/1988 e Doutrina)","DCONST","2983","04.07.04","3","Das Regiões (Administração Pública, art. 43 da CF/1988)"
"2","Direito Constitucional (CF/1988 e Doutrina)","DCONST","1883","05.01.06","3","Das Reuniões (art. 57 da CF/1988)"
"2","Direito Constitucional (CF/1988 e Doutrina)","DCONST","3209","05.03.03","3","Das Súmulas Vinculantes (art. 103-A da CF/1988)"
"2","Direito Constitucional (CF/1988 e Doutrina)","DCONST","439","06","1","Defesa do Estado e das Instituições Democráticas (arts. 136 a 144 da CF/1988)"
"2","Direito Constitucional (CF/1988 e Doutrina)","DCONST","6052","01.01.01","3","Direito Constitucional: Conceito e Fontes. Estado, Povo, Território, etc."
"2","Direito Constitucional (CF/1988 e Doutrina)","DCONST","375","03.05.02","3","Direitos Coletivos dos Trabalhadores (arts. 8º a 11 da CF/1988)"
"2","Direito Constitucional (CF/1988 e Doutrina)","DCONST","384","03.07","2","Direitos Políticos (arts. 14 a 16 da CF/1988)"
"2","Direito Constitucional (CF/1988 e Doutrina)","DCONST","374","03.05.01","3","Direitos Sociais e dos Trabalhadores (arts. 6º e 7º da CF/1988)"
"2","Direito Constitucional (CF/1988 e Doutrina)","DCONST","468","09.01","2","Disposição Geral da Ordem Social (art. 193 da CF/1988)"
"2","Direito Constitucional (CF/1988 e Doutrina)","DCONST","406","05.01.08.01","4","Disposição Geral (Processo Legislativo, art. 59 da CF/1988)"
"2","Direito Constitucional (CF/1988 e Doutrina)","DCONST","16291","11","1","Disposições Finais e Transitórias da CF/1988"
"2","Direito Constitucional (CF/1988 e Doutrina)","DCONST","2980","04.07.01","3","Disposições Gerais (Administração Pública - arts. 37 e 38 da CF/1988)"
"2","Direito Constitucional (CF/1988 e Doutrina)","DCONST","3224","09.02.01","3","Disposições Gerais (Seguridade Social, arts. 194 e 195 da CF/1988)"
"2","Direito Constitucional (CF/1988 e Doutrina)","DCONST","3248","03.06.02","3","Distinções Constitucionais entre Brasileiros Natos e Naturalizados"
"2","Direito Constitucional (CF/1988 e Doutrina)","DCONST","396","05.01.01","3","Do Congresso Nacional (arts. 44 a 47 da CF/1988)"
"2","Direito Constitucional (CF/1988 e Doutrina)","DCONST","422","05.02.05","3","Do Conselho da República e Conselho da Defesa Nacional (arts. 89 a 91 da CF/1988)"
"2","Direito Constitucional (CF/1988 e Doutrina)","DCONST","1876","05.03.04","3","Do Conselho Nacional de Justiça - CNJ (art. 103-B da CF/1988)"
"2","Direito Constitucional (CF/1988 e Doutrina)","DCONST","3196","04.05","2","Do Distrito Federal e dos Territórios (arts. 32 e 33 da CF/1988)"
"2","Direito Constitucional (CF/1988 e Doutrina)","DCONST","427","05.03.01.02","4","Do Estatuto da Magistratura (art. 93 da CF/1988)"
"2","Direito Constitucional (CF/1988 e Doutrina)","DCONST","16299","07.01.06","3","Do Imposto de Competência Compartilhada entre Estados, Distrito Federal e Municípios (arts. 156-A e 156-B da CF/1988)"
"2","Direito Constitucional (CF/1988 e Doutrina)","DCONST","473","09.06","2","Do Meio Ambiente (art. 225 da CF/1988)"
"2","Direito Constitucional (CF/1988 e Doutrina)","DCONST","414","05.02","2","Do Poder Executivo (arts. 76 a 91 da CF/1988)"
"2","Direito Constitucional (CF/1988 e Doutrina)","DCONST","425","05.03","2","Do Poder Judiciário (arts. 92 a 126 da CF/1988)"
"2","Direito Constitucional (CF/1988 e Doutrina)","DCONST","394","05.01","2","Do Poder Legislativo (arts. 44 a 75 da CF/1988)"
"2","Direito Constitucional (CF/1988 e Doutrina)","DCONST","415","05.02.01","3","Do Presidente e Vice Presidente da República (arts. 76 a 83 da CF/1988)"
"2","Direito Constitucional (CF/1988 e Doutrina)","DCONST","3208","05.03.01.03","4","Do Quinto Constitucional (art. 94 da CF/1988)"
"2","Direito Constitucional (CF/1988 e Doutrina)","DCONST","400","05.01.05","3","Dos Deputados e Senadores (arts. 53 a 56 da CF/1988)"
"2","Direito Constitucional (CF/1988 e Doutrina)","DCONST","369","03.03","2","Dos Direitos e Deveres Individuais e Coletivos (art. 5º da CF/1988)"
"2","Direito Constitucional (CF/1988 e Doutrina)","DCONST","370","03","1","Dos Direitos e Garantias Fundamentais (arts. 5º a 17 da CF/1988)"
"2","Direito Constitucional (CF/1988 e Doutrina)","DCONST","373","03.05","2","Dos Direitos Sociais (arts. 6º a 11 da CF/1988)"
"2","Direito Constitucional (CF/1988 e Doutrina)","DCONST","398","05.01.04","3","Do Senado Federal (art. 52 da CF/1988)"
"2","Direito Constitucional (CF/1988 e Doutrina)","DCONST","3217","07.01.03","3","Dos Impostos da União (arts. 153 e 154 da CF/1988)"
"2","Direito Constitucional (CF/1988 e Doutrina)","DCONST","3218","07.01.04","3","Dos Impostos dos Estados e Distrito Federal (art. 155 da CF/1988)"
"2","Direito Constitucional (CF/1988 e Doutrina)","DCONST","3219","07.01.05","3","Dos Impostos dos Municípios (art. 156 da CF/1988)"
"2","Direito Constitucional (CF/1988 e Doutrina)","DCONST","475","09.08","2","Dos Índios (arts. 231 e 232 da CF/1988)"
"2","Direito Constitucional (CF/1988 e Doutrina)","DCONST","2982","04.07.03","3","Dos Militares dos Estados, do Distrito Federal e dos Territórios (art. 42 da CF/1988)"
"2","Direito Constitucional (CF/1988 e Doutrina)","DCONST","421","05.02.04","3","Dos Ministros de Estado (arts. 87 e 88 da CF/1988)"
"2","Direito Constitucional (CF/1988 e Doutrina)","DCONST","3221","07.02.02","3","Dos Orçamentos (Finanças Públicas, arts. 165 a 169 da CF/1988)"
"2","Direito Constitucional (CF/1988 e Doutrina)","DCONST","438","05.03.01.09","4","Dos Precatórios (art. 100 da CF/1988)"
"2","Direito Constitucional (CF/1988 e Doutrina)","DCONST","365","02","1","Dos Princípios Fundamentais da Constituição (arts. 1º a 4º da CF/1988)"
"2","Direito Constitucional (CF/1988 e Doutrina)","DCONST","3216","07.01.01","3","Dos Princípios Gerais (Sistema Tributário Nacional, arts. 145 a 149-B da CF/1988)"
"2","Direito Constitucional (CF/1988 e Doutrina)","DCONST","2981","04.07.02","3","Dos Servidores Públicos (arts. 39 a 41 da CF/1988)"
"2","Direito Constitucional (CF/1988 e Doutrina)","DCONST","6022","03.06.05","3","Dos Símbolos e Idioma da República (art. 13 da CF/1988)"
"2","Direito Constitucional (CF/1988 e Doutrina)","DCONST","437","05.03.10","3","Dos Tribunais e Juízes dos Estados (arts. 125 e 126 da CF/1988)"
"2","Direito Constitucional (CF/1988 e Doutrina)","DCONST","434","05.03.07","3","Dos Tribunais e Juízes do Trabalho (arts. 111 a 117 da CF/1988)"
"2","Direito Constitucional (CF/1988 e Doutrina)","DCONST","435","05.03.08","3","Dos Tribunais e Juízes Eleitorais (arts. 118 a 121 da CF/1988)"
"2","Direito Constitucional (CF/1988 e Doutrina)","DCONST","436","05.03.09","3","Dos Tribunais e Juízes Militares (arts. 122 a 124 da CF/1988)"
"2","Direito Constitucional (CF/1988 e Doutrina)","DCONST","433","05.03.06","3","Dos Tribunais Regionais Federais e Juízes Federais (arts. 106 a 110 da CF/1988)"
"2","Direito Constitucional (CF/1988 e Doutrina)","DCONST","432","05.03.05","3","Do Superior Tribunal de Justiça - STJ (arts. 104 e 105 da CF/1988)"
"2","Direito Constitucional (CF/1988 e Doutrina)","DCONST","431","05.03.02","3","Do Supremo Tribunal Federal - STF (arts. 101 a 103 da CF/1988)"
"2","Direito Constitucional (CF/1988 e Doutrina)","DCONST","362","01.03","2","Eficácia das Normas Constitucionais"
"2","Direito Constitucional (CF/1988 e Doutrina)","DCONST","16293","11.02","2","Emenda Constitucional nº 103/2019  (arts. 3º a 34) - Reforma da Previdência"
"2","Direito Constitucional (CF/1988 e Doutrina)","DCONST","16292","11.03","2","Emenda Constitucional nº 132/2023 (arts. 6º a 23) - Reforma Tributária"
"2","Direito Constitucional (CF/1988 e Doutrina)","DCONST","3247","03.06.01","3","Espécies de Nacionalidade (Brasileiros Natos e Naturalizados)"
"2","Direito Constitucional (CF/1988 e Doutrina)","DCONST","440","06.01","2","Estado de Defesa e de Sítio (arts. 136 a 141 da CF/1988)"
"2","Direito Constitucional (CF/1988 e Doutrina)","DCONST","3194","04.03","2","Estados Federados - Organização, Competências, Bens (arts. 25 a 28 da CF/1988)"
"2","Direito Constitucional (CF/1988 e Doutrina)","DCONST","1949","03.06.04","3","Extradição, Deportação, Expulsão e Banimento (da Nacionalidade)"
"2","Direito Constitucional (CF/1988 e Doutrina)","DCONST","3246","05.01.08.07","4","Fases do Processo Legislativo (Iniciativa, Discussão, Voto, Veto, Sanção, Promulgação e Publicação)"
"2","Direito Constitucional (CF/1988 e Doutrina)","DCONST","459","07.02","2","Finanças Públicas (arts. 163 a 169 da CF/1988)"
"2","Direito Constitucional (CF/1988 e Doutrina)","DCONST","447","06.02","2","Forças Armadas (arts. 142 e 143 da CF/1988)"
"2","Direito Constitucional (CF/1988 e Doutrina)","DCONST","480","12.03","2","Formas de Controle de Constitucionalidade"
"2","Direito Constitucional (CF/1988 e Doutrina)","DCONST","1987","12.03.01","3","Formas de Controle: Sistemas, Momentos, Modelos e Vias de Controle"
"2","Direito Constitucional (CF/1988 e Doutrina)","DCONST","356","01.01.02","3","Formas de Estado e Governo, Sistemas de Governo, Separação de Poderes. Freio e Contrapesos"
"2","Direito Constitucional (CF/1988 e Doutrina)","DCONST","452","05.04","2","Funções Essenciais à Justiça (arts. 127 a 135 da CF/1988)"
"2","Direito Constitucional (CF/1988 e Doutrina)","DCONST","3212","05.04.01.02","4","Funções Institucionais (Ministério Público)"
"2","Direito Constitucional (CF/1988 e Doutrina)","DCONST","3213","05.04.01.04","4","Garantias e Vedações (Ministério Público)"
"2","Direito Constitucional (CF/1988 e Doutrina)","DCONST","372","03.02","2","Gerações de Direitos Fundamentais"
"2","Direito Constitucional (CF/1988 e Doutrina)","DCONST","377","03.04.01","3","Habeas Corpus"
"2","Direito Constitucional (CF/1988 e Doutrina)","DCONST","380","03.04.04","3","Habeas Data"
"2","Direito Constitucional (CF/1988 e Doutrina)","DCONST","4204","01.01.05","3","Histórico das Constituições no Brasil"
"2","Direito Constitucional (CF/1988 e Doutrina)","DCONST","1881","03.07.02","3","Inelegibilidades (Direitos Políticos)"
"2","Direito Constitucional (CF/1988 e Doutrina)","DCONST","443","04.06","2","Intervenção Federal e Estadual (arts. 34 a 36 da CF/1988)"
"2","Direito Constitucional (CF/1988 e Doutrina)","DCONST","478","12.01","2","Introdução, Pressupostos e Tipos de Inconstitucionalidade"
"2","Direito Constitucional (CF/1988 e Doutrina)","DCONST","3207","05.03.01.07","4","Juizados Especiais e Justiça de Paz (art. 98 da CF/1988)"
"2","Direito Constitucional (CF/1988 e Doutrina)","DCONST","13613","15","1","Jurisprudência dos Tribunais Superiores em Matéria Constitucional"
"2","Direito Constitucional (CF/1988 e Doutrina)","DCONST","13652","15.10","2","Jurisprudência dos Tribunais Superiores sobre Administração Pública"
"2","Direito Constitucional (CF/1988 e Doutrina)","DCONST","13670","15.28","2","Jurisprudência dos Tribunais Superiores sobre Atos das Disposições Constitucionais Transitórias"
"2","Direito Constitucional (CF/1988 e Doutrina)","DCONST","13655","15.13","2","Jurisprudência dos Tribunais Superiores sobre Comissões Parlamentares"
"2","Direito Constitucional (CF/1988 e Doutrina)","DCONST","13653","15.11","2","Jurisprudência dos Tribunais Superiores sobre Congresso Nacional, Senado e Câmara dos Deputados"
"2","Direito Constitucional (CF/1988 e Doutrina)","DCONST","13671","15.29","2","Jurisprudência dos Tribunais Superiores sobre Controle de Constitucionalidade"
"2","Direito Constitucional (CF/1988 e Doutrina)","DCONST","13654","15.12","2","Jurisprudência dos Tribunais Superiores sobre Deputados e Senadores"
"2","Direito Constitucional (CF/1988 e Doutrina)","DCONST","13612","15.01","2","Jurisprudência dos Tribunais Superiores sobre Direitos e Deveres Individuais e Coletivos"
"2","Direito Constitucional (CF/1988 e Doutrina)","DCONST","13647","15.05","2","Jurisprudência dos Tribunais Superiores sobre Direitos Políticos"
"2","Direito Constitucional (CF/1988 e Doutrina)","DCONST","13645","15.03","2","Jurisprudência dos Tribunais Superiores sobre Direitos Sociais e dos Trabalhadores"
"2","Direito Constitucional (CF/1988 e Doutrina)","DCONST","13659","15.17","2","Jurisprudência dos Tribunais Superiores sobre Disposições Gerais do Poder Judiciário"
"2","Direito Constitucional (CF/1988 e Doutrina)","DCONST","13668","15.26","2","Jurisprudência dos Tribunais Superiores sobre Educação, Cultura e Desporto"
"2","Direito Constitucional (CF/1988 e Doutrina)","DCONST","13669","15.27","2","Jurisprudência dos Tribunais Superiores sobre Família, Criança, Adolescente, Jovem e Idoso"
"2","Direito Constitucional (CF/1988 e Doutrina)","DCONST","13664","15.22","2","Jurisprudência dos Tribunais Superiores sobre Finanças Públicas"
"2","Direito Constitucional (CF/1988 e Doutrina)","DCONST","13657","15.15","2","Jurisprudência dos Tribunais Superiores sobre Fiscalização Contábil, Financeira e Orçamentária"
"2","Direito Constitucional (CF/1988 e Doutrina)","DCONST","13661","15.19","2","Jurisprudência dos Tribunais Superiores sobre Funções Essenciais à Justiça"
"2","Direito Constitucional (CF/1988 e Doutrina)","DCONST","13651","15.09","2","Jurisprudência dos Tribunais Superiores sobre Intervenção Federal e Estadual"
"2","Direito Constitucional (CF/1988 e Doutrina)","DCONST","13646","15.04","2","Jurisprudência dos Tribunais Superiores sobre Nacionalidade"
"2","Direito Constitucional (CF/1988 e Doutrina)","DCONST","13667","15.25","2","Jurisprudência dos Tribunais Superiores sobre Ordem Social"
"2","Direito Constitucional (CF/1988 e Doutrina)","DCONST","13650","15.08","2","Jurisprudência dos Tribunais Superiores sobre Organização, Competências e Bens dos Entes Federativos"
"2","Direito Constitucional (CF/1988 e Doutrina)","DCONST","13649","15.07","2","Jurisprudência dos Tribunais Superiores sobre Organização Político-Administrativa"
"2","Direito Constitucional (CF/1988 e Doutrina)","DCONST","13660","15.18","2","Jurisprudência dos Tribunais Superiores sobre Órgãos do Poder Judiciário"
"2","Direito Constitucional (CF/1988 e Doutrina)","DCONST","12831","15.31","2","Jurisprudência dos Tribunais Superiores Sobre Outros Assuntos em Matéria Constitucional"
"2","Direito Constitucional (CF/1988 e Doutrina)","DCONST","13648","15.06","2","Jurisprudência dos Tribunais Superiores sobre Partidos Políticos"
"2","Direito Constitucional (CF/1988 e Doutrina)","DCONST","13658","15.16","2","Jurisprudência dos Tribunais Superiores sobre Poder Executivo"
"2","Direito Constitucional (CF/1988 e Doutrina)","DCONST","13666","15.24","2","Jurisprudência dos Tribunais Superiores sobre Políticas Urbana, Agrária e Fundiária"
"2","Direito Constitucional (CF/1988 e Doutrina)","DCONST","13665","15.23","2","Jurisprudência dos Tribunais Superiores sobre Princípios Gerais da Atividade Econômica"
"2","Direito Constitucional (CF/1988 e Doutrina)","DCONST","13656","15.14","2","Jurisprudência dos Tribunais Superiores sobre Processo Legislativo"
"2","Direito Constitucional (CF/1988 e Doutrina)","DCONST","13644","15.02","2","Jurisprudência dos Tribunais Superiores sobre Remédios Constitucionais"
"2","Direito Constitucional (CF/1988 e Doutrina)","DCONST","13662","15.20","2","Jurisprudência dos Tribunais Superiores sobre Segurança Pública"
"2","Direito Constitucional (CF/1988 e Doutrina)","DCONST","13672","15.30","2","Jurisprudência dos Tribunais Superiores sobre Simetria Constitucional"
"2","Direito Constitucional (CF/1988 e Doutrina)","DCONST","13663","15.21","2","Jurisprudência dos Tribunais Superiores sobre Sistema Tributário Nacional"
"2","Direito Constitucional (CF/1988 e Doutrina)","DCONST","411","05.01.08.05","4","Leis Delegadas"
"2","Direito Constitucional (CF/1988 e Doutrina)","DCONST","409","05.01.08.03","4","Leis Ordinárias e Complementares"
"2","Direito Constitucional (CF/1988 e Doutrina)","DCONST","1963","07.01.02","3","Limitações do Poder de Tributar (arts. 150 a 152 da CF/1988)"
"2","Direito Constitucional (CF/1988 e Doutrina)","DCONST","379","03.04.03","3","Mandado de Injunção"
"2","Direito Constitucional (CF/1988 e Doutrina)","DCONST","378","03.04.02","3","Mandado de Segurança"
"2","Direito Constitucional (CF/1988 e Doutrina)","DCONST","412","05.01.08.04","4","Medidas Provisórias"
"2","Direito Constitucional (CF/1988 e Doutrina)","DCONST","364","01.06","2","Métodos e Princípios de Interpretação das Normas Constitucionais"
"2","Direito Constitucional (CF/1988 e Doutrina)","DCONST","453","05.04.01","3","Ministério Público (arts. 127 a 130 da CF/1988)"
"2","Direito Constitucional (CF/1988 e Doutrina)","DCONST","3215","05.04.01.07","4","Ministério Público dos Estados e Distrito Federal e Territórios"
"2","Direito Constitucional (CF/1988 e Doutrina)","DCONST","3214","05.04.01.05","4","Ministério Público junto aos Tribunais de Contas"
"2","Direito Constitucional (CF/1988 e Doutrina)","DCONST","3195","04.04","2","Municípios - Organização e Competências (arts. 29 a 31 da CF/1988)"
"2","Direito Constitucional (CF/1988 e Doutrina)","DCONST","3220","07.02.01","3","Normas Gerais (Finanças Públicas, arts. 163 e 164-A da CF/1988)"
"2","Direito Constitucional (CF/1988 e Doutrina)","DCONST","467","09","1","Ordem Social (arts. 193 a 232 da CF/1988)"
"2","Direito Constitucional (CF/1988 e Doutrina)","DCONST","2039","05.03.01.01","4","Órgãos do Poder Judiciário (art. 92 da CF/1988)"
"2","Direito Constitucional (CF/1988 e Doutrina)","DCONST","3187","03.08","2","Partidos Políticos (art. 17 da CF/1988)"
"2","Direito Constitucional (CF/1988 e Doutrina)","DCONST","3260","03.06.03","3","Perda da Nacionalidade"
"2","Direito Constitucional (CF/1988 e Doutrina)","DCONST","1882","03.07.03","3","Perda e Suspensão dos Direitos Políticos"
"2","Direito Constitucional (CF/1988 e Doutrina)","DCONST","390","01.04","2","Poder Constituinte (Originário, Derivado, Reformador, Revisor, Decorrente, etc)"
"2","Direito Constitucional (CF/1988 e Doutrina)","DCONST","466","08.03","2","Políticas Urbana, Agrária e Fundiária (arts. 182 a 191 da CF/1988)"
"2","Direito Constitucional (CF/1988 e Doutrina)","DCONST","357","01.01.04","3","Princípios Constitucionais Sensíveis, Estabelecidos e Extensíveis"
"2","Direito Constitucional (CF/1988 e Doutrina)","DCONST","461","08.01","2","Princípios Gerais da Ordem Econômica (arts. 170 a 172 e 175 a 181 da CF/1988)"
"2","Direito Constitucional (CF/1988 e Doutrina)","DCONST","3210","05.04.01.01","4","Princípios Institucionais (Ministério Público)"
"2","Direito Constitucional (CF/1988 e Doutrina)","DCONST","405","05.01.08","3","Processo Legislativo (arts. 59 a 69 da CF/1988)"
"2","Direito Constitucional (CF/1988 e Doutrina)","DCONST","1485","12.05","2","Questões Mescladas de Controle de Constitucionalidade"
"2","Direito Constitucional (CF/1988 e Doutrina)","DCONST","4045","05.04.04","3","Questões Mescladas de Funções Essenciais à Justiça (arts. 127 a 135 da CF/1988)"
"2","Direito Constitucional (CF/1988 e Doutrina)","DCONST","1474","05.04.01.08","4","Questões Mescladas de Ministério Público (arts. 127 a 130 da CF/1988)"
"2","Direito Constitucional (CF/1988 e Doutrina)","DCONST","4610","04.08","2","Questões Mescladas de Organização do Estado (arts. 18 a 43 da CF/1988)"
"2","Direito Constitucional (CF/1988 e Doutrina)","DCONST","4608","05.05","2","Questões Mescladas de Organização dos Poderes (arts. 44 a 135 da CF/1988)"
"2","Direito Constitucional (CF/1988 e Doutrina)","DCONST","1479","05.03.11","3","Questões Mescladas de Poder Judiciário (arts. 92 a 126 da CF/1988)"
"2","Direito Constitucional (CF/1988 e Doutrina)","DCONST","401","05.01.10","3","Questões Mescladas de Poder Legislativo (arts. 44 a 75 da CF/1988)"
"2","Direito Constitucional (CF/1988 e Doutrina)","DCONST","1476","05.01.08.08","4","Questões Mescladas de Processo Legislativo (arts. 59 a 69 da CF/1988)"
"2","Direito Constitucional (CF/1988 e Doutrina)","DCONST","4010","03.04.06","3","Questões Mescladas de Remédios Constitucionais"
"2","Direito Constitucional (CF/1988 e Doutrina)","DCONST","376","03.04","2","Remédios Constitucionais (art. 5º, LXVIII a LXXIII e LXXVII da CF/1988)"
"2","Direito Constitucional (CF/1988 e Doutrina)","DCONST","3206","05.03.01.06","4","Reserva de Plenário (Poder Judiciário, art. 97 da CF/1988)"
"2","Direito Constitucional (CF/1988 e Doutrina)","DCONST","413","05.01.08.06","4","Resoluções e Decretos Legislativos"
"2","Direito Constitucional (CF/1988 e Doutrina)","DCONST","448","06.03","2","Segurança Pública (art. 144 da CF/1988)"
"2","Direito Constitucional (CF/1988 e Doutrina)","DCONST","469","09.02","2","Seguridade Social (arts. 194 a 204 da CF/1988)"
"2","Direito Constitucional (CF/1988 e Doutrina)","DCONST","6720","01.07","2","Simetria Constitucional"
"2","Direito Constitucional (CF/1988 e Doutrina)","DCONST","2635","05.01.09.02","4","Sistema de Controle Interno (art. 74 da CF/1988)"
"2","Direito Constitucional (CF/1988 e Doutrina)","DCONST","465","08.04","2","Sistema Financeiro Nacional (art. 192 da CF/1988)"
"2","Direito Constitucional (CF/1988 e Doutrina)","DCONST","458","07.01","2","Sistema Tributário Nacional (arts. 145 a 162 da CF/1988)"
"2","Direito Constitucional (CF/1988 e Doutrina)","DCONST","1878","03.07.01","3","Soberania Popular (Voto, Plebiscito, Referendo, Iniciativa Popular), Alistamento e Elegibilidade"
"2","Direito Constitucional (CF/1988 e Doutrina)","DCONST","15225","01","1","Teoria do Direito Constitucional"
"2","Direito Constitucional (CF/1988 e Doutrina)","DCONST","354","01.01","2","Teoria Geral do Direito Constitucional"
"2","Direito Constitucional (CF/1988 e Doutrina)","DCONST","404","05.01.09.03","4","Tribunais de Contas Estaduais, Distrital e Municipais"
"2","Direito Constitucional (CF/1988 e Doutrina)","DCONST","457","07","1","Tributação e Orçamento (arts. 145 a 169 da CF/1988)"
"2","Direito Constitucional (CF/1988 e Doutrina)","DCONST","3193","04.02","2","União: Bens e Competências Exclusivas, Privativas, Comuns e Concorrentes (arts. 20 a 24 da CF/1988)"
"3","Língua Portuguesa (Português)","PORT","5628","01.04","2","Acentuação"
"3","Língua Portuguesa (Português)","PORT","5649","03.02.03","3","Adjetivo"
"3","Língua Portuguesa (Português)","PORT","6231","06.02.04","3","Adjunto adnominal x Complemento Nominal"
"3","Língua Portuguesa (Português)","PORT","5651","03.02.06","3","Advérbio"
"3","Língua Portuguesa (Português)","PORT","5647","03.02.01","3","Artigo"
"3","Língua Portuguesa (Português)","PORT","351","21","1","Clareza e Correção"
"3","Língua Portuguesa (Português)","PORT","303","03.02","2","Classes de Palavras"
"3","Língua Portuguesa (Português)","PORT","344","11","1","Coerência. Coesão (Anáfora, Catáfora, Uso dos Conectores - Pronomes Relativos, Conjunções, etc)"
"3","Língua Portuguesa (Português)","PORT","330","04","1","Colocação Pronominal"
"3","Língua Portuguesa (Português)","PORT","335","09","1","Concordância (Verbal e Nominal)"
"3","Língua Portuguesa (Português)","PORT","5667","03.02.04.01","4","Conjugação. Reconhecimento e Emprego dos Modos e Tempos Verbais"
"3","Língua Portuguesa (Português)","PORT","5652","03.02.09","3","Conjunção"
"3","Língua Portuguesa (Português)","PORT","3236","01.06","2","Convenções de Escrita (Itálico, Siglas, etc)"
"3","Língua Portuguesa (Português)","PORT","5668","03.02.04.02","4","Correlação Verbal"
"3","Língua Portuguesa (Português)","PORT","333","08.02","2","Crase"
"3","Língua Portuguesa (Português)","PORT","339","05.03","2","Denotação e Conotação"
"3","Língua Portuguesa (Português)","PORT","4635","13.05","2","Elementos da Comunicação e Funções da Linguagem"
"3","Língua Portuguesa (Português)","PORT","5635","01.02","2","Fatos da Língua Portuguesa (Porque, Por Que, Porquê e Por Quê; Onde, Aonde e Donde; Há e A, etc)"
"3","Língua Portuguesa (Português)","PORT","346","13.03","2","Figuras de Linguagem"
"3","Língua Portuguesa (Português)","PORT","288","02","1","Fonética (Fonemas, Dígrafos, Encontros Consonantais, Vocálicos). Separação Silábica"
"3","Língua Portuguesa (Português)","PORT","295","03.01","2","Formação e Estrutura das Palavras"
"3","Língua Portuguesa (Português)","PORT","6229","06.01","2","Frase, Oração e Período"
"3","Língua Portuguesa (Português)","PORT","3592","06.09","2","Função Sintática dos Pronomes Pessoais Átonos"
"3","Língua Portuguesa (Português)","PORT","6230","06.02","2","Funções Sintáticas"
"3","Língua Portuguesa (Português)","PORT","6237","06.08","2","Funções Sintáticas dos Pronomes Relativos"
"3","Língua Portuguesa (Português)","PORT","341","05.02","2","Homônimos e Parônimos"
"3","Língua Portuguesa (Português)","PORT","5639","01.03","2","Inicial Maiúscula"
"3","Língua Portuguesa (Português)","PORT","5653","03.02.10","3","Interjeição"
"3","Língua Portuguesa (Português)","PORT","348","17","1","Interpretação de Textos (Compreensão)"
"3","Língua Portuguesa (Português)","PORT","3593","13","1","Linguagem"
"3","Língua Portuguesa (Português)","PORT","3594","13.02","2","Linguagem Formal e Informal"
"3","Língua Portuguesa (Português)","PORT","5669","03.02.04.03","4","Locução Verbal"
"3","Língua Portuguesa (Português)","PORT","296","03","1","Morfologia"
"3","Língua Portuguesa (Português)","PORT","5648","03.02.07","3","Numeral"
"3","Língua Portuguesa (Português)","PORT","6232","06.03","2","Orações Coordenadas"
"3","Língua Portuguesa (Português)","PORT","6236","06.07","2","Orações Reduzidas"
"3","Língua Portuguesa (Português)","PORT","6234","06.05","2","Orações Subordinadas Adjetivas"
"3","Língua Portuguesa (Português)","PORT","6235","06.06","2","Orações Subordinadas Adverbiais"
"3","Língua Portuguesa (Português)","PORT","6233","06.04","2","Orações Subordinadas Substantivas"
"3","Língua Portuguesa (Português)","PORT","5637","05.05","2","Ordenação de Parágrafos"
"3","Língua Portuguesa (Português)","PORT","5629","01","1","Ortografia"
"3","Língua Portuguesa (Português)","PORT","5638","01.01","2","Ortografia - Casos Gerais e Emprego das Letras"
"3","Língua Portuguesa (Português)","PORT","5636","22","1","Outras Questões de Português e Questões Mescladas (Interpretação de Textos ou Gramática)"
"3","Língua Portuguesa (Português)","PORT","3586","05.07","2","Outras Questões de Semântica"
"3","Língua Portuguesa (Português)","PORT","349","19","1","Paralelismo"
"3","Língua Portuguesa (Português)","PORT","5655","14","1","Partícula ""Se"""
"3","Língua Portuguesa (Português)","PORT","1499","05.04","2","Polissemia"
"3","Língua Portuguesa (Português)","PORT","294","07","1","Pontuação (Ponto, Vírgula, Travessão, Aspas, Parênteses, etc)"
"3","Língua Portuguesa (Português)","PORT","8206","06.02.01.02","4","Predicado"
"3","Língua Portuguesa (Português)","PORT","5650","03.02.08","3","Preposição"
"3","Língua Portuguesa (Português)","PORT","5654","03.02.05","3","Pronomes"
"3","Língua Portuguesa (Português)","PORT","9506","03.02.05.06","4","Pronomes Demonstrativos"
"3","Língua Portuguesa (Português)","PORT","9502","03.02.05.02","4","Pronomes de Tratamento"
"3","Língua Portuguesa (Português)","PORT","9504","03.02.05.04","4","Pronomes Indefinidos"
"3","Língua Portuguesa (Português)","PORT","9505","03.02.05.05","4","Pronomes Interrogativos"
"3","Língua Portuguesa (Português)","PORT","9501","03.02.05.01","4","Pronomes Pessoais"
"3","Língua Portuguesa (Português)","PORT","9503","03.02.05.03","4","Pronomes Possessivos"
"3","Língua Portuguesa (Português)","PORT","9507","03.02.05.07","4","Pronomes Relativos"
"3","Língua Portuguesa (Português)","PORT","3237","01.07","2","Questões Mescladas de Ortografia"
"3","Língua Portuguesa (Português)","PORT","7957","06.10","2","Questões Mescladas de Sintaxe"
"3","Língua Portuguesa (Português)","PORT","9508","03.02.05.08","4","Questões Mescladas sobre Pronomes"
"3","Língua Portuguesa (Português)","PORT","1422","03.02.11","3","Questões Variadas de Classe de Palavras"
"3","Língua Portuguesa (Português)","PORT","1828","03.02.04.04","4","Questões Variadas de Verbo"
"3","Língua Portuguesa (Português)","PORT","5631","20","1","Reescrita de Frases. Substituição de Palavras ou Trechos de Texto."
"3","Língua Portuguesa (Português)","PORT","5981","08","1","Regência"
"3","Língua Portuguesa (Português)","PORT","332","08.01","2","Regência Nominal e Verbal (Casos Gerais)"
"3","Língua Portuguesa (Português)","PORT","338","05","1","Semântica"
"3","Língua Portuguesa (Português)","PORT","3844","05.06","2","Significação de Vocábulo e Expressões"
"3","Língua Portuguesa (Português)","PORT","342","05.01","2","Sinônimos e Antônimos"
"3","Língua Portuguesa (Português)","PORT","317","06","1","Sintaxe"
"3","Língua Portuguesa (Português)","PORT","5640","03.02.02","3","Substantivo"
"3","Língua Portuguesa (Português)","PORT","8205","06.02.01.01","4","Sujeito"
"3","Língua Portuguesa (Português)","PORT","8208","06.02.03","3","Termos Acessórios (Adjunto Adnominal, Adjunto Adverbial e Aposto). Vocativo"
"3","Língua Portuguesa (Português)","PORT","8204","06.02.01","3","Termos Essenciais da Oração"
"3","Língua Portuguesa (Português)","PORT","3818","18","1","Tipologia e Gênero Textual"
"3","Língua Portuguesa (Português)","PORT","3779","12","1","Tipos de Discurso (Direto, Indireto e Indireto Livre)"
"3","Língua Portuguesa (Português)","PORT","8207","06.02.02","3","Transitividade Verbal e Termos Integrantes (Objeto Direto e Indireto, Complemento Nominal e Agente da Passiva)"
"3","Língua Portuguesa (Português)","PORT","5630","01.05","2","Uso do Hífen"
"3","Língua Portuguesa (Português)","PORT","4501","13.01","2","Variações da Linguagem: Não Verbal, Regional, Histórica, Contextual. Neologismos e Estrangeirismos"
"3","Língua Portuguesa (Português)","PORT","5641","03.02.04","3","Verbo"
"3","Língua Portuguesa (Português)","PORT","347","13.04","2","Vícios de Linguagem (Pleonasmo, Ambiguidade, Cacofonia, etc.)"
"3","Língua Portuguesa (Português)","PORT","5657","15","1","Vocábulo ""Como"""
"3","Língua Portuguesa (Português)","PORT","5656","16","1","Vocábulo ""Que"""
"3","Língua Portuguesa (Português)","PORT","306","10","1","Vozes (Voz Passiva e Voz Ativa)"
"4","Informática","TECINF","4593","04.01.04","3","Access"
"4","Informática","TECINF","2729","04.01.04.01","4","Access 2003 e Versões Anteriores"
"4","Informática","TECINF","2730","04.01.04.02","4","Access 2007"
"4","Informática","TECINF","4281","04.01.04.03","4","Access 2010"
"4","Informática","TECINF","4645","04.01.04.04","4","Access 2013"
"4","Informática","TECINF","6590","04.01.04.05","4","Access 2016"
"4","Informática","TECINF","15572","10","1","Adobe PDF"
"4","Informática","TECINF","2431","07.02","2","Ameaças (Vírus, Worms, Trojans, Malware, etc.)"
"4","Informática","TECINF","327","07.03.02","3","Antivírus e Antispyware"
"4","Informática","TECINF","15570","06.11","2","Aplicativos para Videoconferência (Zoom, Google Meet, etc.)"
"4","Informática","TECINF","2436","07.05","2","Backup"
"4","Informática","TECINF","2391","02.03","2","Barramentos, Placa-mãe e BIOS"
"4","Informática","TECINF","2413","04.02","2","BrOffice / LibreOffice"
"4","Informática","TECINF","2415","04.02.02","3","Calc"
"4","Informática","TECINF","4535","08","1","Compactadores e Descompactadores (Winzip, Winrar, etc.)"
"4","Informática","TECINF","4315","06.08","2","Computação em Nuvem (Cloud Computing)"
"4","Informática","TECINF","4596","06.01","2","Conceitos de Internet"
"4","Informática","TECINF","2430","07.01","2","Conceitos e Princípios de Segurança da Informação"
"4","Informática","TECINF","17241","06.08.01","3","Conceitos e Tipos de Computação em Nuvem (Cloud Computing)"
"4","Informática","TECINF","17999","06.08.02.01","4","Conceitos Gerais de Google Workspace"
"4","Informática","TECINF","2383","01","1","Conceitos Gerais de Informática e Introdução"
"4","Informática","TECINF","2392","03.01","2","Conceitos Gerais de Sistemas Operacionais e Sistemas de Arquivos"
"4","Informática","TECINF","17215","06.04.05.01","4","Conceitos Gerais sobre Webmails"
"4","Informática","TECINF","2437","05.01","2","Conceitos, Modelos, Tipos e Topologias de Redes"
"4","Informática","TECINF","2426","06.04","2","Correio Eletrônico (E-mail)"
"4","Informática","TECINF","2433","07.04","2","Criptografia, Assinatura e Certificado Digital"
"4","Informática","TECINF","18000","06.08.02.05","4","Demais Recursos do Google Workspace"
"4","Informática","TECINF","1783","07.03.04","3","Demais Recursos (IDS, VPN, etc.)"
"4","Informática","TECINF","4094","06.12","2","Demais Serviços de Internet"
"4","Informática","TECINF","17242","06.08.05","3","Dropbox"
"4","Informática","TECINF","2279","05.02","2","Equipamentos, Meios de Transmissão e Conexão"
"4","Informática","TECINF","4591","04.01.02","3","Excel"
"4","Informática","TECINF","2407","04.01.02.01","4","Excel 2003 e Versões Anteriores"
"4","Informática","TECINF","2408","04.01.02.02","4","Excel 2007"
"4","Informática","TECINF","4277","04.01.02.03","4","Excel 2010"
"4","Informática","TECINF","5312","04.01.02.04","4","Excel 2013"
"4","Informática","TECINF","6034","04.01.02.05","4","Excel 2016"
"4","Informática","TECINF","8684","04.01.02.06","4","Excel 2019"
"4","Informática","TECINF","4598","09","1","Extensão de Arquivos"
"4","Informática","TECINF","315","07.03.01","3","Firewall e Proxy"
"4","Informática","TECINF","17216","06.04.05.02","4","Gmail"
"4","Informática","TECINF","4278","06.03.03","3","Google Chrome"
"4","Informática","TECINF","17997","06.08.02.03","4","Google Docs"
"4","Informática","TECINF","17240","06.08.02.02","4","Google Drive"
"4","Informática","TECINF","17998","06.08.02.04","4","Google Sheets"
"4","Informática","TECINF","11528","06.08.02","3","Google Workspace"
"4","Informática","TECINF","4316","06.07","2","Grupos Colaborativos e de Discussão"
"4","Informática","TECINF","1743","02","1","Hardware"
"4","Informática","TECINF","2416","04.02.03","3","Impress"
"4","Informática","TECINF","1767","06","1","Internet"
"4","Informática","TECINF","2424","06.03.01","3","Internet Explorer"
"4","Informática","TECINF","4514","06.02","2","Intranet e Extranet"
"4","Informática","TECINF","2398","03.03","2","Linux / Unix"
"4","Informática","TECINF","2387","02.02","2","Memórias (RAM, ROM, CACHE, HD, etc.)"
"4","Informática","TECINF","1442","06.03.04","3","Microsoft Edge"
"4","Informática","TECINF","2400","04.01","2","Microsoft Office"
"4","Informática","TECINF","10339","06.10","2","Microsoft Teams"
"4","Informática","TECINF","2425","06.03.02","3","Mozilla Firefox"
"4","Informática","TECINF","5349","06.04.04","3","Mozilla Thunderbird"
"4","Informática","TECINF","2399","03.04","2","MS-DOS"
"4","Informática","TECINF","2423","06.03","2","Navegadores (Browsers)"
"4","Informática","TECINF","2386","02.05","2","Nobreak e Estabilizadores"
"4","Informática","TECINF","17239","06.08.03","3","Nuvens Microsoft (OneDrive e Azure)"
"4","Informática","TECINF","15682","04.01.05","3","OneNote"
"4","Informática","TECINF","5350","06.04.02","3","Outlook"
"4","Informática","TECINF","4314","06.04.02.01","4","Outlook 2003 e Versões Anteriores"
"4","Informática","TECINF","2993","06.04.02.02","4","Outlook 2007"
"4","Informática","TECINF","2289","06.04.02.03","4","Outlook 2010"
"4","Informática","TECINF","4515","06.04.02.04","4","Outlook 2013"
"4","Informática","TECINF","5355","06.04.02.05","4","Outlook 2016"
"4","Informática","TECINF","9939","06.04.02.06","4","Outlook 2019"
"4","Informática","TECINF","5351","06.04.03","3","Outlook Express"
"4","Informática","TECINF","2384","11","1","Outros Tópicos de Informática"
"4","Informática","TECINF","17217","06.04.05.03","4","Outros Webmails (Yahoo! Mail, Hotmail, Live Mail, etc.)"
"4","Informática","TECINF","1752","02.04","2","Periféricos (Dispositivos de Entrada e Saída)"
"4","Informática","TECINF","4592","04.01.03","3","Powerpoint"
"4","Informática","TECINF","2411","04.01.03.01","4","Powerpoint 2003 e Versões Anteriores"
"4","Informática","TECINF","2412","04.01.03.02","4","Powerpoint 2007"
"4","Informática","TECINF","4279","04.01.03.03","4","Powerpoint 2010"
"4","Informática","TECINF","5719","04.01.03.04","4","Powerpoint 2013"
"4","Informática","TECINF","2931","04.01.03.05","4","Powerpoint 2016"
"4","Informática","TECINF","8897","04.01.03.06","4","Powerpoint 2019"
"4","Informática","TECINF","2327","07.03.03","3","Procedimentos de Segurança da Informação (Senhas, Autenticação, Etc.)"
"4","Informática","TECINF","2390","02.01","2","Processador (CPU) e Arquitetura de Computador"
"4","Informática","TECINF","2422","05.03","2","Protocolos de Redes"
"4","Informática","TECINF","2389","02.07","2","Questões Mescladas de Hardware"
"4","Informática","TECINF","4369","06.13","2","Questões Mescladas de Internet"
"4","Informática","TECINF","4664","04.02.04","3","Questões Mescladas de Libre Office"
"4","Informática","TECINF","4663","04.01.06","3","Questões Mescladas de Microsoft Office"
"4","Informática","TECINF","4312","06.03.06","3","Questões Mescladas de Navegadores"
"4","Informática","TECINF","3186","04.03","2","Questões Mescladas de Suítes de Escritório"
"4","Informática","TECINF","5352","06.04.01","3","Recursos, Campos, Endereçamento (Correio Eletrônico)"
"4","Informática","TECINF","2432","07.03","2","Recursos (Segurança da Informação)"
"4","Informática","TECINF","2417","05","1","Redes de Computadores"
"4","Informática","TECINF","4311","06.06","2","Redes Sociais (Facebook, WhatsApp, etc.)"
"4","Informática","TECINF","7844","06.03.05","3","Safari"
"4","Informática","TECINF","2429","07","1","Segurança da Informação"
"4","Informática","TECINF","17237","06.09","2","Serviços de Mapas e Localização (Google Maps, Waze, etc.)"
"4","Informática","TECINF","1744","03","1","Sistemas Operacionais"
"4","Informática","TECINF","4597","06.05","2","Sites de Busca (Google, Bing, Yahoo, etc.)"
"4","Informática","TECINF","2402","04","1","Suítes de Escritório"
"4","Informática","TECINF","15571","02.06","2","Tipos de Computadores"
"4","Informática","TECINF","5353","06.04.05","3","Webmails"
"4","Informática","TECINF","4595","03.02","2","Windows"
"4","Informática","TECINF","5784","03.02.06","3","Windows 10"
"4","Informática","TECINF","11365","03.02.07","3","Windows 11"
"4","Informática","TECINF","2394","03.02.01","3","Windows 2000 e Versões Anteriores"
"4","Informática","TECINF","2397","03.02.04","3","Windows 7"
"4","Informática","TECINF","5013","03.02.05","3","Windows 8"
"4","Informática","TECINF","2396","03.02.03","3","Windows Vista"
"4","Informática","TECINF","2395","03.02.02","3","Windows XP"
"4","Informática","TECINF","4590","04.01.01","3","Word"
"4","Informática","TECINF","2403","04.01.01.01","4","Word 2003 e Versões Anteriores"
"4","Informática","TECINF","2404","04.01.01.02","4","Word 2007"
"4","Informática","TECINF","4280","04.01.01.03","4","Word 2010"
"4","Informática","TECINF","5296","04.01.01.04","4","Word 2013"
"4","Informática","TECINF","6033","04.01.01.05","4","Word 2016"
"4","Informática","TECINF","4935","04.01.01.06","4","Word 2019"
"4","Informática","TECINF","2414","04.02.01","3","Writer"
"6","Direito Civil","DCIVIL","2030","03.02","2","Bens Públicos (arts. 98 a 103)"
"6","Direito Civil","DCIVIL","2022","03.01","2","Classificação dos Bens (arts. 79 a 97)"
"6","Direito Civil","DCIVIL","3322","06.02","2","Classificação dos Contratos"
"6","Direito Civil","DCIVIL","3376","11.02.01","3","Conceito e Teorias Justificadoras da Posse"
"6","Direito Civil","DCIVIL","3048","06.03.08","3","Contrato Preliminar (arts. 462 a 466)"
"6","Direito Civil","DCIVIL","3453","13.02.04","3","Da Aceitação e Renúncia da Herança (arts. 1.804 a 1.813)"
"6","Direito Civil","DCIVIL","3346","07.12","2","Da Agência e Distribuição (arts. 710 a 721)"
"6","Direito Civil","DCIVIL","3420","11.03.06.04","4","Da Anticrese (arts. 1.506 a 1.510) "
"6","Direito Civil","DCIVIL","4619","13.05.07","3","Da Anulação da Partilha (art. 2.027)"
"6","Direito Civil","DCIVIL","3385","11.03.03.02","4","Da Aquisição da Propriedade Imóvel - Usucapião, Acessão e Registro (arts. 1.238 a 1.259)"
"6","Direito Civil","DCIVIL","3389","11.03.03.03","4","Da Aquisição da Propriedade Móvel (arts. 1.260 a 1.274) - Usucapião, Ocupação, Tradição, etc."
"6","Direito Civil","DCIVIL","3379","11.02.03","3","Da Aquisição e Transmissão da Posse (arts. 1.204 a 1.209)"
"6","Direito Civil","DCIVIL","3302","05.03.02","3","Da Assunção de Dívida (arts. 299 a 303)"
"6","Direito Civil","DCIVIL","3538","02.01.03","3","Da Ausência das Pessoas Naturais (arts. 22 a 39)"
"6","Direito Civil","DCIVIL","3463","13.04.02","3","Da Capacidade de Testar (arts. 1.860 a 1.861)"
"6","Direito Civil","DCIVIL","3301","05.03.01","3","Da Cessão de Crédito (arts. 286 a 298)"
"6","Direito Civil","DCIVIL","3318","05.05.05","3","Da Cláusula Penal (arts. 408 a 416)"
"6","Direito Civil","DCIVIL","3479","13.05.04","3","Da Colação (arts. 2.002 a 2.012)"
"6","Direito Civil","DCIVIL","3345","07.11","2","Da Comissão (arts. 693 a 709)"
"6","Direito Civil","DCIVIL","3540","05.04.07","3","Da Compensação (arts. 368 a 380)"
"6","Direito Civil","DCIVIL","3332","07.01","2","Da Compra e Venda (arts. 481 a 532)"
"6","Direito Civil","DCIVIL","2040","04.02.03","3","Da Condição, Termo e Encargo (arts. 121 a 137) - Elementos Acidentais"
"6","Direito Civil","DCIVIL","3310","05.04.08","3","Da Confusão, Comissão e Adjunção (arts. 381 a 384)"
"6","Direito Civil","DCIVIL","3349","07.16","2","Da Constituição de Renda (arts. 803 a 813)"
"6","Direito Civil","DCIVIL","3347","07.13","2","Da Corretagem (arts. 722 a 729)"
"6","Direito Civil","DCIVIL","3444","12.05.02","3","Da Curatela (arts. 1.767 a 1.783)"
"6","Direito Civil","DCIVIL","3308","05.04.05","3","Da Dação em Pagamento (arts. 356 a 359)"
"6","Direito Civil","DCIVIL","3470","13.04.10","3","Da Deserdação (arts. 1.961 a 1.965)"
"6","Direito Civil","DCIVIL","3336","07.04","2","Da Doação (arts. 538 a 564)"
"6","Direito Civil","DCIVIL","3342","07.08","2","Da Empreitada (arts. 610 a 626)"
"6","Direito Civil","DCIVIL","3536","06.03.06","3","Da Evicção (arts. 447 a 457)"
"6","Direito Civil","DCIVIL","3354","06.04","2","Da Extinção do Contrato (arts. 472 a 480)"
"6","Direito Civil","DCIVIL","3351","07.18","2","Da Fiança (arts. 818 a 839)"
"6","Direito Civil","DCIVIL","4618","13.05.06","3","Da Garantia dos Quinhões Hereditários (arts. 2.023 a 2.026)"
"6","Direito Civil","DCIVIL","3361","08.02","2","Da Gestão de Negócios (arts. 861 a 875)"
"6","Direito Civil","DCIVIL","3415","11.03.04.05","4","Da Habitação (arts. 1.414 a 1.416)"
"6","Direito Civil","DCIVIL","3451","13.02.02","3","Da Herança e de sua Administração (arts. 1.791 a 1.797)"
"6","Direito Civil","DCIVIL","3455","13.02.06","3","Da Herança Jacente (arts. 1.819 a 1.823)"
"6","Direito Civil","DCIVIL","3419","11.03.06.03","4","Da Hipoteca (arts. 1.473 a 1.505)"
"6","Direito Civil","DCIVIL","3307","05.04.04","3","Da Imputação do Pagamento (arts. 352 a 355)"
"6","Direito Civil","DCIVIL","6362","11.03.06.05","4","Da Laje (arts. 1.510-A a 1.510-E)"
"6","Direito Civil","DCIVIL","3335","07.05","2","Da Locação de Coisas (arts. 565 a 578)"
"6","Direito Civil","DCIVIL","3315","05.05.02","3","Da Mora (arts. 394 a 401)"
"6","Direito Civil","DCIVIL","3309","05.04.06","3","Da Novação (arts. 360 a 367)"
"6","Direito Civil","DCIVIL","3458","13.03.01","3","Da Ordem da Vocação Hereditária (arts. 1.829 a 1.844)"
"6","Direito Civil","DCIVIL","3480","13.05.05","3","Da Partilha (arts. 2.013 a 2.022) "
"6","Direito Civil","DCIVIL","3381","11.02.05","3","Da Perda da Posse (arts. 1.223 a 1.224)"
"6","Direito Civil","DCIVIL","3397","11.03.03.04","4","Da Perda da Propriedade Móvel e Imóvel (arts. 1.275 a 1.276)"
"6","Direito Civil","DCIVIL","2006","02.01.01","3","Da Personalidade e da Capacidade (arts. 1º a 10)"
"6","Direito Civil","DCIVIL","3456","13.02.07","3","Da Petição de Herança (arts. 1.824 a 1.828)"
"6","Direito Civil","DCIVIL","3375","11.02","2","Da Posse (arts. 1.196 a 1.224)"
"6","Direito Civil","DCIVIL","3378","11.02.02","3","Da Posse e sua Classificação (arts. 1.196 a 1.203)"
"6","Direito Civil","DCIVIL","3341","07.07","2","Da Prestação de Serviço (arts. 593 a 609)"
"6","Direito Civil","DCIVIL","3325","06.03.04","3","Da Promessa de Fato de Terceiro (arts. 439 e 440)"
"6","Direito Civil","DCIVIL","3360","08.01","2","Da Promessa de Recompensa (arts. 854 a 860)"
"6","Direito Civil","DCIVIL","3382","11.03.03","3","Da Propriedade (arts. 1.228 a 1.368-F)"
"6","Direito Civil","DCIVIL","3383","11.03.03.01","4","Da Propriedade em Geral (arts. 1.228 a 1.237)"
"6","Direito Civil","DCIVIL","3399","11.03.03.09","4","Da Propriedade Fiduciária (arts. 1.361 a 1.368-B)"
"6","Direito Civil","DCIVIL","3398","11.03.03.08","4","Da Propriedade Resolúvel (arts. 1.359 a 1.360)"
"6","Direito Civil","DCIVIL","6017","12.01.02","3","Da Proteção da Pessoa dos Filhos (arts. 1.583 a 1.590)"
"6","Direito Civil","DCIVIL","3471","13.04.11","3","Da Redução das Disposições Testamentárias (arts. 1.966 a 1.968)"
"6","Direito Civil","DCIVIL","3311","05.04.09","3","Da Remissão das Dívidas (arts. 385 a 388)"
"6","Direito Civil","DCIVIL","4606","04.02.02","3","Da Representação (arts. 115 a 120)"
"6","Direito Civil","DCIVIL","3357","06.04.04","3","Da Resolução por Onerosidade Excessiva (arts. 478 a 480)"
"6","Direito Civil","DCIVIL","3364","09","1","Da Responsabilidade Civil (arts. 927 a 954)"
"6","Direito Civil","DCIVIL","3472","13.04.12","3","Da Revogação do Testamento (arts. 1.969 a 1.972)"
"6","Direito Civil","DCIVIL","3319","05.05.06","3","Das Arras ou Sinal (arts. 417 a 420)"
"6","Direito Civil","DCIVIL","2015","02.02.02","3","Das Associações (arts. 53 a 61)"
"6","Direito Civil","DCIVIL","4603","14","1","Das Disposições Finais e Transitórias (arts. 2.028 a 2.046)"
"6","Direito Civil","DCIVIL","4616","13.02.01","3","Das Disposições Gerais das Sucessões (arts. 1.784 a 1.790)"
"6","Direito Civil","DCIVIL","3466","13.04.06","3","Das Disposições Testamentárias (arts. 1.897 a 1.911)"
"6","Direito Civil","DCIVIL","3464","13.04.03","3","Das Formas Ordinárias do Testamento: Público, Cerrado e Particular (arts. 1.862 a 1880)"
"6","Direito Civil","DCIVIL","2017","02.02.03","3","Das Fundações (arts. 62 a 69)"
"6","Direito Civil","DCIVIL","3293","05.02","2","Das Modalidades das Obrigações (arts. 233 a 285)"
"6","Direito Civil","DCIVIL","3297","05.02.04","3","Das Obrigações Alternativas (arts. 252 a 256)"
"6","Direito Civil","DCIVIL","3294","05.02.01","3","Das Obrigações de Dar (arts. 233 a 246)"
"6","Direito Civil","DCIVIL","3295","05.02.02","3","Das Obrigações de Fazer (arts. 247 a 249)"
"6","Direito Civil","DCIVIL","3296","05.02.03","3","Das Obrigações de Não Fazer (arts. 250 a 251)"
"6","Direito Civil","DCIVIL","3298","05.02.05","3","Das Obrigações Divisíveis e Indivisíveis (arts. 257 a 263)"
"6","Direito Civil","DCIVIL","3299","05.02.06","3","Das Obrigações Solidárias (arts. 264 a 285)"
"6","Direito Civil","DCIVIL","3316","05.05.03","3","Das Perdas e Danos (arts. 402 a 405)"
"6","Direito Civil","DCIVIL","3903","02","1","Das Pessoas (arts. 1º a 78)"
"6","Direito Civil","DCIVIL","2012","02.02","2","Das Pessoas Jurídicas (arts. 40 a 69)"
"6","Direito Civil","DCIVIL","2004","02.01","2","Das Pessoas Naturais (arts. 1º a 39)"
"6","Direito Civil","DCIVIL","4612","10","1","Das Preferências e Privilégios Creditórios (arts. 955 a 965)"
"6","Direito Civil","DCIVIL","3435","12.01.03","3","Das Relações de Parentesco (arts. 1.591 a 1.638)"
"6","Direito Civil","DCIVIL","3541","11.03.04.02","4","Das Servidões (arts. 1.378 a 1.389)"
"6","Direito Civil","DCIVIL","3469","13.04.09","3","Das Substituições - Testamento (arts. 1.947 a 1.960)"
"6","Direito Civil","DCIVIL","3906","13.02","2","Da Sucessão em Geral (arts. 1.784 a 1.828)"
"6","Direito Civil","DCIVIL","3457","13.03","2","Da Sucessão Legítima (arts. 1.829 a 1.856)"
"6","Direito Civil","DCIVIL","3461","13.04","2","Da Sucessão Testamentária (arts. 1.857 a 1.990)"
"6","Direito Civil","DCIVIL","3411","11.03.04.01","4","Da Superfície (arts. 1.369 a 1.377)"
"6","Direito Civil","DCIVIL","3331","07","1","Das Várias Espécies de Contrato (arts. 481 a 853)"
"6","Direito Civil","DCIVIL","15441","12.06","2","Da Tomada de Decisão Apoiada (art. 1.783-A)"
"6","Direito Civil","DCIVIL","3352","07.19","2","Da Transação (arts. 840 a 850)"
"6","Direito Civil","DCIVIL","3300","05.03","2","Da Transmissão das Obrigações (arts. 286 a 303)"
"6","Direito Civil","DCIVIL","3333","07.02","2","Da Troca ou Permuta (art. 533)"
"6","Direito Civil","DCIVIL","3443","12.05.01","3","Da Tutela (arts. 1.728 a 1.766)"
"6","Direito Civil","DCIVIL","3440","12.05","2","Da Tutela e da Curatela (arts. 1.728 a 1.783)"
"6","Direito Civil","DCIVIL","3446","12.03","2","Da União Estável (arts. 1.723 a 1.727)"
"6","Direito Civil","DCIVIL","3447","12.04","2","Da União Homoafetiva"
"6","Direito Civil","DCIVIL","3452","13.02.03","3","Da Vocação Hereditária (arts. 1.798 a 1.803)"
"6","Direito Civil","DCIVIL","2041","04.02.04","3","Defeitos ou Vícios do Negócio Jurídico (arts. 138 a 165)"
"6","Direito Civil","DCIVIL","2019","02.02.04","3","Desconsideração da Personalidade Jurídica"
"6","Direito Civil","DCIVIL","2003","01","1","Direito Civil (Conceito, Objeto, Princípios, Fontes, Histórico, etc)"
"6","Direito Civil","DCIVIL","3410","11.03.04","3","Direitos Reais de Gozo ou Fruição (arts. 1.369 a 1416)"
"6","Direito Civil","DCIVIL","3417","11.03.06","3","Direitos Reais Sobre a Coisa Alheia (arts. 1.419 a 1.510)"
"6","Direito Civil","DCIVIL","3313","05.05.01","3","Disposições Gerais do Inadimplemento das Obrigações (arts. 389 a 393)"
"6","Direito Civil","DCIVIL","4614","11.03.06.01","4","Disposições Gerais do Penhor, Hipoteca e Anticrese (arts. 1.419 a 1.430)"
"6","Direito Civil","DCIVIL","3321","06.03","2","Disposições Gerais dos Contratos (arts. 421 a 471)"
"6","Direito Civil","DCIVIL","3374","11.03.02","3","Disposições Gerais dos Direitos Reais (arts. 1.225 a 1.227)"
"6","Direito Civil","DCIVIL","2013","02.02.01","3","Disposições Gerais - Pessoas Jurídicas (arts. 40 a 52)"
"6","Direito Civil","DCIVIL","3303","05.04","2","Do Adimplemento e Extinção das Obrigações (arts. 304 a 388)"
"6","Direito Civil","DCIVIL","2031","12.02.04","3","Do Bem de Família (arts. 1.711 a 1.722)"
"6","Direito Civil","DCIVIL","3424","12.01.01","3","Do Casamento (arts. 1.511 a 1.582)"
"6","Direito Civil","DCIVIL","3314","05.05.07","3","Do Caso Fortuito e Força Maior"
"6","Direito Civil","DCIVIL","3353","07.20","2","Do Compromisso (arts. 851 a 853)"
"6","Direito Civil","DCIVIL","6876","11.03.03.07","4","Do Condomínio em Multipropriedade (arts. 1.358-B a 1.358-U)"
"6","Direito Civil","DCIVIL","3407","11.03.03.06","4","Do Condomínio Geral (arts. 1.314 a 1.358-A)"
"6","Direito Civil","DCIVIL","4658","06.03.09","3","Do Contrato com Pessoa a Declarar (arts. 467 a 471)"
"6","Direito Civil","DCIVIL","16950","07.21","2","Do Contrato de Administração Fiduciária de Garantias (art. 853-A)"
"6","Direito Civil","DCIVIL","3334","07.03","2","Do Contrato Estimatório (arts. 534 a 537)"
"6","Direito Civil","DCIVIL","3343","07.09","2","Do Depósito (arts. 627 a 652)"
"6","Direito Civil","DCIVIL","5929","11","1","Do Direito das Coisas (arts. 1.196 a 1.510)"
"6","Direito Civil","DCIVIL","3289","05","1","Do Direito das Obrigações (arts. 233 a 420)"
"6","Direito Civil","DCIVIL","3449","13","1","Do Direito das Sucessões (arts. 1.784 a 2.027)"
"6","Direito Civil","DCIVIL","3468","13.04.08","3","Do Direito de Acrescer entre Herdeiros e Legatários (arts. 1.941 a 1.946)"
"6","Direito Civil","DCIVIL","3421","12","1","Do Direito de Família (arts. 1.511 a 1.783)"
"6","Direito Civil","DCIVIL","3460","13.03.03","3","Do Direito de Representação na Sucessão Legítima (arts. 1.851 a 1.856)"
"6","Direito Civil","DCIVIL","3416","11.03.05","3","Do Direito do Promitente Comprador (arts. 1.417 e 1.418)"
"6","Direito Civil","DCIVIL","3436","12.02","2","Do Direito Patrimonial (Direito de Família - arts. 1.639 a 1.722)"
"6","Direito Civil","DCIVIL","3425","12.01","2","Do Direito Pessoal (Direito de Família - arts. 1.511 a 1.638)"
"6","Direito Civil","DCIVIL","3355","06.04.01","3","Do Distrato e da Cláusula Resolutiva (arts. 472 a 475)"
"6","Direito Civil","DCIVIL","3339","07.06","2","Do Empréstimo (arts. 579 a 592)"
"6","Direito Civil","DCIVIL","3363","08.04","2","Do Enriquecimento Sem Causa (arts. 884 a 886)"
"6","Direito Civil","DCIVIL","16219","11.03.03.10","4","Do Fundo de Investimento (arts. 1.368-C a 1.368-F)"
"6","Direito Civil","DCIVIL","3312","05.05","2","Do Inadimplemento das Obrigações (arts. 389 a 420)"
"6","Direito Civil","DCIVIL","3476","13.05.01","3","Do Inventário (art. 1.991)"
"6","Direito Civil","DCIVIL","3475","13.05","2","Do Inventário e da Partilha (arts. 1.991 a 2.027)"
"6","Direito Civil","DCIVIL","3350","07.17","2","Do Jogo e da Aposta (arts. 814 a 817)"
"6","Direito Civil","DCIVIL","3344","07.10","2","Do Mandato (arts. 653 a 692)"
"6","Direito Civil","DCIVIL","2009","02.03","2","Domicílio das Pessoas Naturais e Jurídicas (arts. 70 a 78)"
"6","Direito Civil","DCIVIL","3304","05.04.01","3","Do Pagamento (arts. 304 a 333)"
"6","Direito Civil","DCIVIL","3306","05.04.03","3","Do Pagamento com Sub-Rogação (arts. 346 a 351)"
"6","Direito Civil","DCIVIL","3478","13.05.03","3","Do Pagamento das Dívidas no Inventário (arts. 1.997 a 2.001)"
"6","Direito Civil","DCIVIL","3305","05.04.02","3","Do Pagamento em Consignação (arts. 334 a 345)"
"6","Direito Civil","DCIVIL","3362","08.03","2","Do Pagamento Indevido (arts. 876 a 883)"
"6","Direito Civil","DCIVIL","3418","11.03.06.02","4","Do Penhor (arts. 1.431 a 1.472)"
"6","Direito Civil","DCIVIL","3434","12.02.01","3","Do Regime de Bens entre os Cônjuges (arts. 1.639 a 1.688)"
"6","Direito Civil","DCIVIL","3473","13.04.13","3","Do Rompimento do Testamento (arts. 1.973 a 1.975)"
"6","Direito Civil","DCIVIL","3445","12.02.03","3","Dos Alimentos (arts. 1.694 a 1.710)"
"6","Direito Civil","DCIVIL","2055","04.04","2","Dos Atos Ilícitos (arts. 186 a 188)"
"6","Direito Civil","DCIVIL","3359","08","1","Dos Atos Unilaterais (arts. 854 a 886)"
"6","Direito Civil","DCIVIL","2020","03","1","Dos Bens (arts. 79 a 103)"
"6","Direito Civil","DCIVIL","3465","13.04.04","3","Dos Codicilos (arts. 1.881 a 1.885)"
"6","Direito Civil","DCIVIL","3327","06.03.07","3","Dos Contratos Aleatórios (arts. 458 a 461)"
"6","Direito Civil","DCIVIL","3320","06","1","Dos Contratos em Geral (arts. 421 a 480)"
"6","Direito Civil","DCIVIL","2008","02.01.02","3","Dos Direitos da Personalidade (arts. 11 a 21)"
"6","Direito Civil","DCIVIL","3400","11.03.03.05","4","Dos Direitos de Vizinhança (arts. 1.277 a 1.313)"
"6","Direito Civil","DCIVIL","3372","11.03","2","Dos Direitos Reais (arts. 1.225 a 1.510)"
"6","Direito Civil","DCIVIL","3380","11.02.04","3","Dos Efeitos da Posse (arts. 1.210 a 1.222)"
"6","Direito Civil","DCIVIL","3340","07.15","2","Do Seguro (arts. 757 a 802 - Revogado pela Lei nº 15.040)"
"6","Direito Civil","DCIVIL","3454","13.02.05","3","Dos Excluídos da Sucessão (arts. 1.814 a 1.818)"
"6","Direito Civil","DCIVIL","2032","04","1","Dos Fatos Jurídicos (arts. 104 a 232)"
"6","Direito Civil","DCIVIL","3459","13.03.02","3","Dos Herdeiros Necessários (arts. 1.845 a 1.850)"
"6","Direito Civil","DCIVIL","3317","05.05.04","3","Dos Juros Legais (arts. 406 a 407)"
"6","Direito Civil","DCIVIL","3467","13.04.07","3","Dos Legados (arts. 1.912 a 1.940)"
"6","Direito Civil","DCIVIL","3477","13.05.02","3","Dos Sonegados (arts. 1.992 a 1.996)"
"6","Direito Civil","DCIVIL","4617","13.04.05","3","Dos Testamentos Especiais (arts. 1.886 a 1.896)"
"6","Direito Civil","DCIVIL","3326","06.03.05","3","Dos Vícios Redibitórios (arts. 441 a 446)"
"6","Direito Civil","DCIVIL","3474","13.04.14","3","Do Testamenteiro (arts. 1.976 a 1.990)"
"6","Direito Civil","DCIVIL","3462","13.04.01","3","Do Testamento em Geral (arts. 1.857 a 1.859)"
"6","Direito Civil","DCIVIL","3348","07.14","2","Do Transporte (arts. 730 a 756)"
"6","Direito Civil","DCIVIL","3414","11.03.04.04","4","Do Uso (arts. 1.412 e 1.413)"
"6","Direito Civil","DCIVIL","3413","11.03.04.03","4","Do Usufruto (arts. 1.390 a 1.411)"
"6","Direito Civil","DCIVIL","4615","12.02.02","3","Do Usufruto e da Administração dos Bens de Filhos Menores (arts. 1.689 a 1.693)"
"6","Direito Civil","DCIVIL","3047","06.03.03","3","Estipulação em Favor de Terceiro (art. 436 a 438)"
"6","Direito Civil","DCIVIL","3358","06.04.03","3","Exceção do Contrato Não Cumprido (arts. 476 e 477)"
"6","Direito Civil","DCIVIL","2034","04.01","2","Fatos Jurídicos: Conceito, Classificação e Princípios Gerais"
"6","Direito Civil","DCIVIL","2049","04.02.05","3","Invalidade do Negócio Jurídico (arts. 166 a 184)"
"6","Direito Civil","DCIVIL","14001","15","1","Jurisprudência dos Tribunais Superiores em Matéria Civil"
"6","Direito Civil","DCIVIL","14013","15.12","2","Jurisprudência dos Tribunais Superiores sobre Assuntos Diversos e/ou Mesclados em Matéria Civil"
"6","Direito Civil","DCIVIL","14004","15.03","2","Jurisprudência dos Tribunais Superiores sobre Bens"
"6","Direito Civil","DCIVIL","14007","15.06","2","Jurisprudência dos Tribunais Superiores sobre Contratos em Geral"
"6","Direito Civil","DCIVIL","14010","15.09","2","Jurisprudência dos Tribunais Superiores sobre Direito das Coisas"
"6","Direito Civil","DCIVIL","14012","15.11","2","Jurisprudência dos Tribunais Superiores sobre Direito das Sucessões"
"6","Direito Civil","DCIVIL","14011","15.10","2","Jurisprudência dos Tribunais Superiores sobre Direito de Família"
"6","Direito Civil","DCIVIL","14008","15.07","2","Jurisprudência dos Tribunais Superiores sobre Espécies de Contrato"
"6","Direito Civil","DCIVIL","14005","15.04","2","Jurisprudência dos Tribunais Superiores sobre Fatos Jurídicos"
"6","Direito Civil","DCIVIL","14006","15.05","2","Jurisprudência dos Tribunais Superiores sobre Obrigações"
"6","Direito Civil","DCIVIL","14003","15.02","2","Jurisprudência dos Tribunais Superiores sobre Pessoas Jurídicas"
"6","Direito Civil","DCIVIL","14002","15.01","2","Jurisprudência dos Tribunais Superiores sobre Pessoas Naturais"
"6","Direito Civil","DCIVIL","14009","15.08","2","Jurisprudência dos Tribunais Superiores sobre Responsabilidade Civil"
"6","Direito Civil","DCIVIL","2035","04.02","2","Negócio Jurídico (arts. 104 a 184)"
"6","Direito Civil","DCIVIL","2037","04.02.01","3","Negócio Jurídico. Classificações. Disposições Gerais (arts. 104 a 114)"
"6","Direito Civil","DCIVIL","3324","06.03.02","3","Preliminares e da Formação dos Contratos (arts. 421 a 435)"
"6","Direito Civil","DCIVIL","2059","04.05","2","Prescrição e Decadência (arts. 189 a 211)"
"6","Direito Civil","DCIVIL","3323","06.01","2","Princípios Contratuais no Código Civil"
"6","Direito Civil","DCIVIL","3290","05.01","2","Princípios Gerais das Obrigações (Conceito e Fontes)"
"6","Direito Civil","DCIVIL","4613","11.01","2","Princípios Gerais do Direito das Coisas"
"6","Direito Civil","DCIVIL","3450","13.01","2","Princípios Gerais do Direito das Sucessões"
"6","Direito Civil","DCIVIL","3373","11.03.01","3","Princípios Gerais dos Direitos Reais"
"6","Direito Civil","DCIVIL","2070","04.06","2","Prova do Negócio Jurídico (arts. 212 a 232)"
"6","Direito Civil","DCIVIL","846","16","1","Questões Envolvendo Diversos Assuntos"
"6","Direito Civil","DCIVIL","3957","02.02.05","3","Questões Mescladas de Pessoas Jurídicas (arts. 40 a 69)"
"6","Direito Civil","DCIVIL","3956","06.05","2","Questões Mescladas dos Contratos em Geral (arts. 421 a 480)"
"6","Direito Civil","DCIVIL","2817","04.07","2","Questões Mesclados de Fatos Jurídicos (arts. 104 a 232)"
"7","Direito Penal","DPENAL","6220","17.01.15","3","Abandono de Função (art. 323 do CP)"
"7","Direito Penal","DPENAL","6169","07.01.06","3","Aborto Provocado pela Gestante ou com seu Consentimento (art. 124 do CP)"
"7","Direito Penal","DPENAL","6170","07.01.07","3","Aborto Provocado por Terceiro (arts. 125 a 128 do CP)"
"7","Direito Penal","DPENAL","4191","03.02.02.01","4","Ação e Omissão (art. 13, § 2º, do CP)"
"7","Direito Penal","DPENAL","6204","16.04.04","3","Adulteração de Sinal Identificador de Veículo Automotor (art. 311 do CP)"
"7","Direito Penal","DPENAL","6215","17.01.13","3","Advocacia Administrativa (art. 321 do CP)"
"7","Direito Penal","DPENAL","4230","02.02","2","Aplicação da Lei Penal (arts. 1º a 12 do CP)"
"7","Direito Penal","DPENAL","3079","02.02.02","3","Aplicação da Lei Penal no Espaço (arts. 6º a 9º do CP)"
"7","Direito Penal","DPENAL","278","02.02.01","3","Aplicação da Lei Penal no Tempo (arts. 1º a 4º e 10 a 12 do CP)"
"7","Direito Penal","DPENAL","17230","17.05.13","3","Arrebatamento de Preso (art. 353 do CP)"
"7","Direito Penal","DPENAL","2051","03.05.04","3","Arrependimento Eficaz (art. 15 do CP)"
"7","Direito Penal","DPENAL","2057","03.05.07","3","Arrependimento Posterior (art. 16 do CP)"
"7","Direito Penal","DPENAL","17221","17.05.04","3","Auto-Acusação Falsa (art. 341 do CP)"
"7","Direito Penal","DPENAL","3170","06.01","2","Causas de Extinção da Punibilidade (arts. 107 e 120 do CP)"
"7","Direito Penal","DPENAL","6196","16.03.06","3","Certidão/Atestado Ideologicamente Falso e Falsidade Material de Atestado/Certidão (art. 301 do CP)"
"7","Direito Penal","DPENAL","3117","03.09","2","Classificações dos Crimes"
"7","Direito Penal","DPENAL","17223","17.05.06","3","Coação no Curso do Processo (art. 344 do CP)"
"7","Direito Penal","DPENAL","17220","17.05.03","3","Comunicação Falsa de Crime ou de Contravenção (art. 340 do CP)"
"7","Direito Penal","DPENAL","4628","03.01","2","Conceito de Crime"
"7","Direito Penal","DPENAL","3118","03.07.01","3","Conceitos Gerais da Culpabilidade"
"7","Direito Penal","DPENAL","4194","00","1","Conceitos, Objeto, Teorias e Evolução do Direito Penal"
"7","Direito Penal","DPENAL","1226","04.03","2","Concurso de Crimes (arts. 69 a 76 do CP)"
"7","Direito Penal","DPENAL","251","03.08.02","3","Concurso de Pessoas (arts. 29 a 31 do CP)"
"7","Direito Penal","DPENAL","6211","17.01.08","3","Concussão e Excesso de Exação (art. 316 do CP)"
"7","Direito Penal","DPENAL","6214","17.01.12","3","Condescendência Criminosa (art. 320 do CP)"
"7","Direito Penal","DPENAL","4192","03.02.02","3","Conduta (arts. 13, § 2º, e 18 a 20 do CP)"
"7","Direito Penal","DPENAL","4235","02.02.01.05","4","Conflito Aparente de Normas Penais (art. 12 do CP)"
"7","Direito Penal","DPENAL","4231","02.02.01.01","4","Conflitos de Leis Penais no Tempo (arts. 1º e 2º do CP)"
"7","Direito Penal","DPENAL","3108","03.06.01","3","Considerações Gerais sobre a Ilicitude e suas Excludentes (art. 23 do CP)"
"7","Direito Penal","DPENAL","3388","03.05.06","3","Consumação (art. 14, inciso I, do CP)"
"7","Direito Penal","DPENAL","17203","17.02.06","3","Corrupção Ativa (art. 333 do CP)"
"7","Direito Penal","DPENAL","6212","17.01.09","3","Corrupção Passiva (art. 317 do CP)"
"7","Direito Penal","DPENAL","824","03.05.02","3","Crime Impossível (art. 17 do CP)"
"7","Direito Penal","DPENAL","6186","16.01.02","3","Crimes Assimilados ao de Moeda Falsa (art. 290 do CP)"
"7","Direito Penal","DPENAL","3570","14.02","2","Crimes contra a Segurança dos Meios de Transporte e Outros Serviços Públicos (arts. 260 a 266 do CP)"
"7","Direito Penal","DPENAL","3583","17.03","2","Crimes Praticados por Particular contra a Administração Pública Estrangeira (arts. 337-B a D do CP)"
"7","Direito Penal","DPENAL","5708","03.07","2","Culpabilidade"
"7","Direito Penal","DPENAL","3152","05","1","Da Ação Penal (arts. 100 a 106 do CP)"
"7","Direito Penal","DPENAL","1324","04.02","2","Da Aplicação da Pena (arts. 59 a 68 do CP)"
"7","Direito Penal","DPENAL","6027","08.05","2","Da Apropriação Indébita (arts. 168 a 170 do CP)"
"7","Direito Penal","DPENAL","3087","02.02.01.04","4","Da Contagem dos Prazos (arts. 10 e 11 do CP)"
"7","Direito Penal","DPENAL","3162","06","1","Da Extinção da Punibilidade (arts. 107 a 120 do CP)"
"7","Direito Penal","DPENAL","3576","16.02","2","Da Falsidade de Títulos e Outros Papéis Públicos (arts. 293 a 295 do CP)"
"7","Direito Penal","DPENAL","3577","16.03","2","Da Falsidade Documental (arts. 296 a 305 do CP)"
"7","Direito Penal","DPENAL","3575","16.01","2","Da Moeda Falsa (arts. 289 a 292 do CP)"
"7","Direito Penal","DPENAL","3149","04.01.03","3","Da Pena de Multa (arts. 49 a 52 e 58 do CP)"
"7","Direito Penal","DPENAL","3550","07.03","2","Da Periclitação da Vida e da Saúde (arts. 130 a 136 do CP)"
"7","Direito Penal","DPENAL","3174","06.02","2","Da Prescrição (arts. 108 a 119 do CP)"
"7","Direito Penal","DPENAL","6029","08.07","2","Da Receptação (arts. 180 e 180-A do CP)"
"7","Direito Penal","DPENAL","3551","07.04","2","Da Rixa (art. 137 do CP)"
"7","Direito Penal","DPENAL","6030","08.08","2","Das Disposições Gerais dos Crimes contra o Patrimônio (arts. 181 a 183 do CP)"
"7","Direito Penal","DPENAL","3549","07.02","2","Das Lesões Corporais (art. 129 do CP)"
"7","Direito Penal","DPENAL","1315","04.05","2","Das Medidas de Segurança e da Reabilitação (arts. 93 a 99 do CP)"
"7","Direito Penal","DPENAL","3132","04","1","Das Penas (arts. 32 a 99 do CP)"
"7","Direito Penal","DPENAL","3141","04.01.02","3","Das Penas Restritivas de Direitos (arts. 43 a 48 e 54 a 57 do CP)"
"7","Direito Penal","DPENAL","6025","08.03","2","Da Usurpação (arts. 161 e 162 do CP)"
"7","Direito Penal","DPENAL","17219","17.05.02","3","Denunciação Caluniosa (art. 339 do CP)"
"7","Direito Penal","DPENAL","3578","16.04","2","De Outras Falsidades e das Fraudes em Certame de Interesse Público (arts. 306 a 311-A do CP)"
"7","Direito Penal","DPENAL","17201","17.02.04","3","Desacato (art. 331 do CP)"
"7","Direito Penal","DPENAL","17204","17.02.07","3","Descaminho e Contrabando (arts. 334 e 334-A do CP)"
"7","Direito Penal","DPENAL","3426","03.05.03","3","Desistência Voluntária (art. 15 do CP)"
"7","Direito Penal","DPENAL","17236","17.05.19","3","Desobediência a Decisão Judicial sobre Perda ou Suspensão de Direito (art. 359 do CP)"
"7","Direito Penal","DPENAL","17200","17.02.03","3","Desobediência (art. 330 do CP)"
"7","Direito Penal","DPENAL","6026","08.04","2","Do Dano (arts. 163 a 167 do CP)"
"7","Direito Penal","DPENAL","6028","08.06","2","Do Estelionato e das Outras Fraudes (arts. 171 a 179 do CP)"
"7","Direito Penal","DPENAL","6023","08.01","2","Do Furto (arts. 155 e 156 do CP)"
"7","Direito Penal","DPENAL","4190","03.02.02.02","4","Dolo, Culpa e Preterdolo (arts. 18 e 19 do CP)"
"7","Direito Penal","DPENAL","6024","08.02","2","Do Roubo e da Extorsão (arts. 157 a 160 do CP)"
"7","Direito Penal","DPENAL","1959","17.05","2","Dos Crimes contra a Administração da Justiça (arts. 338 a 359 do CP)"
"7","Direito Penal","DPENAL","1958","17","1","Dos Crimes contra a Administração Pública (arts. 312 a 359-H do CP)"
"7","Direito Penal","DPENAL","3566","13.03","2","Dos Crimes contra a Assistência Familiar (arts. 244 a 247 do CP)"
"7","Direito Penal","DPENAL","3558","12","1","Dos Crimes contra a Dignidade Sexual (arts. 213 a 234 do CP)"
"7","Direito Penal","DPENAL","350","13","1","Dos Crimes contra a Família (arts. 235 a 249 do CP)"
"7","Direito Penal","DPENAL","307","16","1","Dos Crimes contra a Fé Pública (arts. 289 a 311-A do CP)"
"7","Direito Penal","DPENAL","3552","07.05","2","Dos Crimes contra a Honra (arts. 138 a 145 do CP)"
"7","Direito Penal","DPENAL","1968","14","1","Dos Crimes contra a Incolumidade Pública (arts. 250 a 285 do CP)"
"7","Direito Penal","DPENAL","6176","07.06.03","3","Dos Crimes contra a Inviolabilidade de Correspondência (arts. 151 a 152 do CP)"
"7","Direito Penal","DPENAL","6175","07.06.02","3","Dos Crimes contra a Inviolabilidade de Domicílio (art. 150 do CP)"
"7","Direito Penal","DPENAL","6177","07.06.04","3","Dos Crimes contra a Inviolabilidade dos Segredos (arts. 153 a 154-B do CP)"
"7","Direito Penal","DPENAL","3553","07.06","2","Dos Crimes contra a Liberdade Individual (arts. 146 a 154-B do CP)"
"7","Direito Penal","DPENAL","6174","07.06.01","3","Dos Crimes contra a Liberdade Pessoal (arts. 146 a 149-A do CP)"
"7","Direito Penal","DPENAL","3559","12.01","2","Dos Crimes contra a Liberdade Sexual e da Exposição da Intimidade Sexual (arts. 213 a 216-B do CP)"
"7","Direito Penal","DPENAL","3556","10","1","Dos Crimes contra a Organização do Trabalho (arts. 197 a 207 do CP)"
"7","Direito Penal","DPENAL","3567","13.04","2","Dos Crimes contra a Pátrio Poder, Tutela e Curatela (arts. 248 a 249 do CP)"
"7","Direito Penal","DPENAL","3572","15","1","Dos Crimes contra a Paz Pública (arts. 286 a 288-A do CP)"
"7","Direito Penal","DPENAL","3547","07","1","Dos Crimes contra a Pessoa (arts. 121 a 154-B do CP)"
"7","Direito Penal","DPENAL","3555","09","1","Dos Crimes contra a Propriedade Imaterial (arts. 184 a 186 do CP)"
"7","Direito Penal","DPENAL","3571","14.03","2","Dos Crimes contra a Saúde Pública (arts. 267 a 285 do CP)"
"7","Direito Penal","DPENAL","2375","17.06","2","Dos Crimes contra as Finanças Públicas (arts. 359-A a 359-H do CP)"
"7","Direito Penal","DPENAL","3166","07.01","2","Dos Crimes contra a Vida (arts. 121 a 128 do CP)"
"7","Direito Penal","DPENAL","3564","13.01","2","Dos Crimes contra o Casamento (arts. 235 a 239 do CP)"
"7","Direito Penal","DPENAL","3565","13.02","2","Dos Crimes contra o Estado de Filiação (arts. 241 a 243 do CP)"
"7","Direito Penal","DPENAL","3909","18","1","Dos Crimes contra o Estado Democrático de Direito (arts. 359-I a 359-T do CP)"
"7","Direito Penal","DPENAL","3554","08","1","Dos Crimes contra o Patrimônio (arts. 155 a 183 do CP)"
"7","Direito Penal","DPENAL","3557","11","1","Dos Crimes contra o Sentimento Religioso e contra o Respeito aos Mortos (arts. 208 a 212 do CP)"
"7","Direito Penal","DPENAL","3569","14.01","2","Dos Crimes de Perigo Comum (arts. 250 a 259 do CP)"
"7","Direito Penal","DPENAL","9575","17.04","2","Dos Crimes em Licitações e Contratos Administrativos (arts. 337-E a 337-P do CP)"
"7","Direito Penal","DPENAL","3580","17.01","2","Dos Crimes Praticados por Funcionário Público contra a Administração em Geral (arts. 312 a 327 do CP)"
"7","Direito Penal","DPENAL","3582","17.02","2","Dos Crimes Praticados por Particular contra a Administração em Geral (art. 328 a 337-A  do CP)"
"7","Direito Penal","DPENAL","3560","12.02","2","Dos Crimes Sexuais contra Vulnerável (arts. 217-A a 226 do CP)"
"7","Direito Penal","DPENAL","3562","12.04","2","Do Ultraje Público ao Pudor (arts. 233 a 234 do CP)"
"7","Direito Penal","DPENAL","1253","04.04","2","Efeitos da Condenação (arts. 91 a 92 do CP)"
"7","Direito Penal","DPENAL","2182","02.02.02.05","4","Eficácia de Sentença Penal Estrangeira (art. 9º do CP)"
"7","Direito Penal","DPENAL","4193","03.02.01","3","Elementos do Fato Típico"
"7","Direito Penal","DPENAL","6188","16.01.04","3","Emissão de Título ao Portador sem Permissão Legal (art. 292 do CP)"
"7","Direito Penal","DPENAL","6217","17.01.07","3","Emprego Irregular de Verbas ou Rendas Públicas (art. 315 do CP)"
"7","Direito Penal","DPENAL","3096","03.02.02.03","4","Erro de Tipo (art. 20 do CP)"
"7","Direito Penal","DPENAL","3137","04.01","2","Espécies de Penas (arts. 32 a 58)"
"7","Direito Penal","DPENAL","3112","03.06.02","3","Estado de Necessidade (art. 24 do CP)"
"7","Direito Penal","DPENAL","3114","03.06.04","3","Estrito Cumprimento do Dever Legal (art. 23, inciso III, do CP)"
"7","Direito Penal","DPENAL","17229","17.05.12","3","Evasão mediante Violência contra a Pessoa (art. 352 do CP)"
"7","Direito Penal","DPENAL","17224","17.05.07","3","Exercício Arbitrário das Próprias Razões (arts. 345 e 346 do CP)"
"7","Direito Penal","DPENAL","6221","17.01.16","3","Exercício Funcional Ilegalmente Antecipado ou Prolongado (art. 324 do CP)"
"7","Direito Penal","DPENAL","3115","03.06.05","3","Exercício Regular de Direito (art. 23, inciso III, do CP)"
"7","Direito Penal","DPENAL","3129","03.07.04","3","Exigibilidade de Conduta Diversa (art. 22 do CP)"
"7","Direito Penal","DPENAL","17234","17.05.17","3","Exploração de Prestígio (art. 357 do CP)"
"7","Direito Penal","DPENAL","6216","17.01.06","3","Extravio, Sonegação ou Inutilização de Livro ou Documento (art. 314 do CP)"
"7","Direito Penal","DPENAL","6218","17.01.10","3","Facilitação de Contrabando ou Descaminho (art. 318 do CP)"
"7","Direito Penal","DPENAL","6202","16.04.02","3","Falsa Identidade (arts. 307 a 308 do CP)"
"7","Direito Penal","DPENAL","6197","16.03.07","3","Falsidade de Atestado Médico (art. 302 do CP)"
"7","Direito Penal","DPENAL","6194","16.03.04","3","Falsidade Ideológica (art. 299 do CP)"
"7","Direito Penal","DPENAL","6193","16.03.03","3","Falsificação de Documento Particular (art. 298 do CP)"
"7","Direito Penal","DPENAL","6192","16.03.02","3","Falsificação de Documento Público (art. 297 do CP)"
"7","Direito Penal","DPENAL","6189","16.02.01","3","Falsificação de Papéis Públicos (art. 293 do CP)"
"7","Direito Penal","DPENAL","6191","16.03.01","3","Falsificação do Selo ou Sinal Público (art. 296 do CP)"
"7","Direito Penal","DPENAL","6201","16.04.01","3","Falsificação do Sinal para Metal Precioso ou na Fiscalização Alfandegária (art. 306 do CP)"
"7","Direito Penal","DPENAL","6195","16.03.05","3","Falso Reconhecimento de Firma ou Letra (art. 300 do CP)"
"7","Direito Penal","DPENAL","17222","17.05.05","3","Falso Testemunho ou Falsa Perícia (arts. 342 e 343 do CP)"
"7","Direito Penal","DPENAL","832","03.05.01","3","Fases do Delito"
"7","Direito Penal","DPENAL","3090","03.02","2","Fato Típico"
"7","Direito Penal","DPENAL","17226","17.05.09","3","Favorecimento Pessoal (art. 348 do CP)"
"7","Direito Penal","DPENAL","17227","17.05.10","3","Favorecimento Real (arts. 349 e 349-A do CP)"
"7","Direito Penal","DPENAL","13069","07.01.02","3","Feminicídio (art. 121-A do CP)"
"7","Direito Penal","DPENAL","6203","16.04.03","3","Fraude de Lei sobre Estrangeiro (arts. 309 a 310 do CP)"
"7","Direito Penal","DPENAL","17225","17.05.08","3","Fraude Processual (art. 347 do CP)"
"7","Direito Penal","DPENAL","6205","16.04.05","3","Fraudes em Certames de Interesse Público (art. 311-A do CP)"
"7","Direito Penal","DPENAL","17228","17.05.11","3","Fuga de Pessoa Presa ou Submetida a Medida de Segurança (art. 351 do CP)"
"7","Direito Penal","DPENAL","6206","17.01.01","3","Funcionário Público para Fins Penais (art. 327 do CP)"
"7","Direito Penal","DPENAL","3548","07.01.01","3","Homicídio (art. 121 do CP)"
"7","Direito Penal","DPENAL","3111","03.06","2","Ilicitude e suas Excludentes (arts. 23 a 25 do CP)"
"7","Direito Penal","DPENAL","17206","17.02.09","3","Impedimento, Perturbação ou Fraude de Concorrência (art. 335 do CP)"
"7","Direito Penal","DPENAL","3119","03.07.02","3","Imputabilidade Penal (arts. 26 a 28 do CP)"
"7","Direito Penal","DPENAL","6167","07.01.04","3","Induzimento, Instigação ou Auxílio a Suicídio ou a Automutilação (art. 122 do CP)"
"7","Direito Penal","DPENAL","6168","07.01.05","3","Infanticídio (art. 123 do CP)"
"7","Direito Penal","DPENAL","6209","17.01.04","3","Inserção de Dados Falsos em Sistema de Informações (art. 313-A do CP)"
"7","Direito Penal","DPENAL","17207","17.02.10","3","Inutilização de Edital ou de Sinal (art. 336 do CP)"
"7","Direito Penal","DPENAL","857","03.05","2","Iter Criminis"
"7","Direito Penal","DPENAL","13942","19","1","Jurisprudência dos Tribunais Superiores em Matéria Penal"
"7","Direito Penal","DPENAL","13953","19.11","2","Jurisprudência dos Tribunais Superiores sobre Crimes contra a Administração Pública"
"7","Direito Penal","DPENAL","13950","19.08","2","Jurisprudência dos Tribunais Superiores sobre Crimes contra a Dignidade Sexual"
"7","Direito Penal","DPENAL","13951","19.09","2","Jurisprudência dos Tribunais Superiores sobre Crimes contra a Família"
"7","Direito Penal","DPENAL","13952","19.10","2","Jurisprudência dos Tribunais Superiores sobre Crimes contra a Fé Pública"
"7","Direito Penal","DPENAL","13948","19.06","2","Jurisprudência dos Tribunais Superiores sobre Crimes contra a Pessoa"
"7","Direito Penal","DPENAL","13949","19.07","2","Jurisprudência dos Tribunais Superiores sobre Crimes contra o Patrimônio"
"7","Direito Penal","DPENAL","13947","19.05","2","Jurisprudência dos Tribunais Superiores sobre Extinção da Punibilidade"
"7","Direito Penal","DPENAL","13944","19.02","2","Jurisprudência dos Tribunais Superiores sobre Lei Penal"
"7","Direito Penal","DPENAL","13946","19.04","2","Jurisprudência dos Tribunais Superiores sobre Penas"
"7","Direito Penal","DPENAL","13943","19.01","2","Jurisprudência dos Tribunais Superiores sobre Princípios do Direito Penal"
"7","Direito Penal","DPENAL","13945","19.03","2","Jurisprudência dos Tribunais Superiores sobre Teoria do Crime"
"7","Direito Penal","DPENAL","13959","19.12","2","Jurisprudências dos Tribunais Superiores sobre Outros Assuntos em Matéria Penal"
"7","Direito Penal","DPENAL","13958","19.11.04","3","Jurisprudência sobre Crimes contra a Administração da Justiça"
"7","Direito Penal","DPENAL","17619","19.11.05","3","Jurisprudência sobre Crimes contra as Finanças Públicas"
"7","Direito Penal","DPENAL","13957","19.11.03","3","Jurisprudência sobre Crimes em Licitações e Contratos Administrativos"
"7","Direito Penal","DPENAL","13955","19.11.01","3","Jurisprudência sobre Crimes Praticados por Funcionário Público Contra a Administração em Geral"
"7","Direito Penal","DPENAL","13956","19.11.02","3","Jurisprudência sobre Crimes Praticados por Particular contra a Administração em Geral"
"7","Direito Penal","DPENAL","3113","03.06.03","3","Legítima Defesa (art. 25 do CP)"
"7","Direito Penal","DPENAL","4232","02.02.01.02","4","Lei Excepcional ou Temporária (art. 3º do CP)"
"7","Direito Penal","DPENAL","4228","02","1","Lei Penal"
"7","Direito Penal","DPENAL","4229","02.01","2","Lei Penal (Conceito, Classificação, Características, Interpretação)"
"7","Direito Penal","DPENAL","3561","12.03","2","Lenocínio e Tráfico de Pessoas para Prostituição ou Exploração Sexual (arts. 227 a 232-A do CP)"
"7","Direito Penal","DPENAL","4236","02.02.02.01","4","Lugar do Crime (art. 6º do CP)"
"7","Direito Penal","DPENAL","6210","17.01.05","3","Modificação ou Alteração Não Autorizada de Sistema de Informações (art. 313-B do CP)"
"7","Direito Penal","DPENAL","6185","16.01.01","3","Moeda Falsa (art. 289 do CP)"
"7","Direito Penal","DPENAL","17231","17.05.14","3","Motim de Presos (art. 354 do CP)"
"7","Direito Penal","DPENAL","4188","03.02.04","3","Nexo de Causalidade (art. 13, caput e § 1º, do CP)"
"7","Direito Penal","DPENAL","834","03.02.04.02","4","Nexo de Causalidade: Concausas (art. 13, § 1º, do CP)"
"7","Direito Penal","DPENAL","4187","03.02.04.01","4","Nexo de Causalidade: Teorias (art. 13, caput, do CP)"
"7","Direito Penal","DPENAL","17232","17.05.15","3","Patrocínio Infiel e Patrocínio Simultâneo ou Tergiversação (art. 355 do CP)"
"7","Direito Penal","DPENAL","6207","17.01.02","3","Peculato (art. 312 do CP)"
"7","Direito Penal","DPENAL","6208","17.01.03","3","Peculato Mediante Erro de Outrem (art. 313 do CP)"
"7","Direito Penal","DPENAL","2239","02.02.02.04","4","Pena Cumprida no Estrangeiro (art. 8º do CP)"
"7","Direito Penal","DPENAL","3133","04.01.01","3","Penas Privativas de Liberdade: Espécies, Regimes e Progressão (arts. 32 a 42 e 53 do CP)"
"7","Direito Penal","DPENAL","6190","16.02.02","3","Petrechos de Falsificação (arts. 294 a 295 do CP)"
"7","Direito Penal","DPENAL","6187","16.01.03","3","Petrechos para Falsificação de Moeda (art. 291 do CP)"
"7","Direito Penal","DPENAL","3126","03.07.03","3","Potencial Consciência da Ilicitude: Erro de Proibição e Descriminantes Putativas (arts. 20, §1º, e 21 do CP)"
"7","Direito Penal","DPENAL","6213","17.01.11","3","Prevaricação (arts. 319 e 319-A do CP)"
"7","Direito Penal","DPENAL","4238","02.02.02.03","4","Princípio da Extraterritorialidade (art. 7º do CP)"
"7","Direito Penal","DPENAL","4237","02.02.02.02","4","Princípio da Territorialidade (art. 5º do CP)"
"7","Direito Penal","DPENAL","1523","01.02","2","Princípios Constitucionais de Direito Penal"
"7","Direito Penal","DPENAL","4629","01.01","2","Princípios da Legalidade e Anterioridade Penal e Demais Princípios Decorrentes (art. 1º do CP)"
"7","Direito Penal","DPENAL","3807","01","1","Princípios de Direito Penal"
"7","Direito Penal","DPENAL","3811","01.03","2","Princípios Modernos de Direito Penal"
"7","Direito Penal","DPENAL","17238","17.05.20","3","Questões Mescladas sobre Crimes contra a Administração da Justiça (arts. 338 a 359 do CP)"
"7","Direito Penal","DPENAL","6249","17.07","2","Questões Mescladas sobre Crimes contra a Administração Pública (arts. 312 a 359-H do CP)"
"7","Direito Penal","DPENAL","4453","08.09","2","Questões Mescladas sobre Crimes Contra o Patrimônio (arts. 155 a 183 do CP)"
"7","Direito Penal","DPENAL","17212","17.01.19","3","Questões Mescladas sobre Crimes Praticados por Funcionário Público contra a Administração em Geral (arts. 312 a 327 do CP)"
"7","Direito Penal","DPENAL","17210","17.02.13","3","Questões Mescladas sobre Crimes Praticados por Particular contra a Administração em Geral (arts. 328 a 337-A do CP)"
"7","Direito Penal","DPENAL","17218","17.05.01","3","Reingresso de Estrangeiro Expulso (art. 338 do CP)"
"7","Direito Penal","DPENAL","6198","16.03.08","3","Reprodução ou Adulteração de Selo ou Peça Filatélica (art. 303 do CP)"
"7","Direito Penal","DPENAL","17199","17.02.02","3","Resistência (art. 329 do CP)"
"7","Direito Penal","DPENAL","17209","17.02.12","3","Sonegação de Contribuição Previdenciária (art. 337-A do CP)"
"7","Direito Penal","DPENAL","17233","17.05.16","3","Sonegação de Papel ou Objeto de Valor Probatório (art. 356 do CP)"
"7","Direito Penal","DPENAL","17208","17.02.11","3","Subtração ou Inutilização de Livro ou Documento (art. 337 do CP)"
"7","Direito Penal","DPENAL","3809","03.08.01","3","Sujeito Ativo e Passivo (Crimes)"
"7","Direito Penal","DPENAL","3107","03.08","2","Sujeitos do Crime"
"7","Direito Penal","DPENAL","6200","16.03.10","3","Supressão de Documento (art. 305 do CP)"
"7","Direito Penal","DPENAL","1349","04.06","2","Suspensão Condicional da Pena e Livramento Condicional (arts. 77 a 90 do CP)"
"7","Direito Penal","DPENAL","4234","02.02.01.03","4","Tempo do Crime (art. 4º do CP)"
"7","Direito Penal","DPENAL","3099","03.05.05","3","Tentativa (Crime) (art. 14, inciso II e parágrafo único, do CP)"
"7","Direito Penal","DPENAL","3089","03","1","Teoria do Crime"
"7","Direito Penal","DPENAL","4189","03.02.03","3","Tipicidade e Resultado"
"7","Direito Penal","DPENAL","17202","17.02.05","3","Tráfico de Influência (art. 332 do CP)"
"7","Direito Penal","DPENAL","6199","16.03.09","3","Uso de Documento Falso (art. 304 do CP)"
"7","Direito Penal","DPENAL","17198","17.02.01","3","Usurpação de Função Pública (art. 328 do CP)"
"7","Direito Penal","DPENAL","18276","07.01.03","3","Vicaricídio (art. 121-B do CP)"
"7","Direito Penal","DPENAL","6222","17.01.17","3","Violação de Sigilo Funcional (art. 325 do CP)"
"7","Direito Penal","DPENAL","6223","17.01.18","3","Violação do Sigilo de Proposta de Concorrência (art. 326 do CP)"
"7","Direito Penal","DPENAL","6219","17.01.14","3","Violência Arbitrária (art. 322 do CP)"
"7","Direito Penal","DPENAL","17235","17.05.18","3","Violência ou Fraude em Arrematação Judicial (art. 358 do CP)"
"14","Administração Geral e Pública","ADMPUB","8872","17.04.05","3","14 Princípios de Deming"
"14","Administração Geral e Pública","ADMPUB","2907","24.03","2","A Área de Gestão de Pessoas"
"14","Administração Geral e Pública","ADMPUB","3165","02.02","2","Abordagem Clássica da Administração"
"14","Administração Geral e Pública","ADMPUB","2320","02.04","2","Abordagem Neoclássica da Administração"
"14","Administração Geral e Pública","ADMPUB","2150","05","1","Accountability e Transparência  "
"14","Administração Geral e Pública","ADMPUB","499","01.02","2","Administração"
"14","Administração Geral e Pública","ADMPUB","6180","07.02","2","Administração Burocrática"
"14","Administração Geral e Pública","ADMPUB","4264","22","1","Administração da Produção e Operações"
"14","Administração Geral e Pública","ADMPUB","2163","24.21.01","3","Administração de Pessoas no Setor Público"
"14","Administração Geral e Pública","ADMPUB","5917","28","1","Administração Financeira"
"14","Administração Geral e Pública","ADMPUB","6182","07.03","2","Administração Gerencial (Nova Gestão Pública ou Modelo Pós-Burocrático)"
"14","Administração Geral e Pública","ADMPUB","6178","07.01","2","Administração Patrimonialista"
"14","Administração Geral e Pública","ADMPUB","3161","02.04.02","3"," Administração por Objetivos (APO)"
"14","Administração Geral e Pública","ADMPUB","6184","07.04","2","Administração Societal"
"14","Administração Geral e Pública","ADMPUB","4654","01.03","2","Administrador"
"14","Administração Geral e Pública","ADMPUB","1904","24.15","2","Análise e Desenho de Cargos"
"14","Administração Geral e Pública","ADMPUB","6181","08.02","2","A Reforma Burocrática no Brasil"
"14","Administração Geral e Pública","ADMPUB","6183","08.03","2","A Reforma Gerencial no Brasil"
"14","Administração Geral e Pública","ADMPUB","5967","10.03.03","3","Arranjo Físico ou Layout (OSM)"
"14","Administração Geral e Pública","ADMPUB","5923","02.02.01","3","Aspectos Gerais e Origens"
"14","Administração Geral e Pública","ADMPUB","2061","09.09","2","Balanced Scorecard (BSC)"
"14","Administração Geral e Pública","ADMPUB","8873","17.04.06","3","Benchmarking"
"14","Administração Geral e Pública","ADMPUB","1907","24.18","2","Benefícios e Incentivos"
"14","Administração Geral e Pública","ADMPUB","17515","16.03","2","BPM, BPMN e CBOK"
"14","Administração Geral e Pública","ADMPUB","8874","17.04.07","3","Brainstorming e Brainwriting"
"14","Administração Geral e Pública","ADMPUB","3599","31","1","Ciclo de Gestão"
"14","Administração Geral e Pública","ADMPUB","17514","16.02","2","Ciclo PDCA (Plan-Do-Check-Act ou Ciclo de Shewart)"
"14","Administração Geral e Pública","ADMPUB","1887","13.02","2","Clima Organizacional"
"14","Administração Geral e Pública","ADMPUB","319","20","1","Coaching, Tutoria (Mentoring) e Aconselhamento (Counseling)"
"14","Administração Geral e Pública","ADMPUB","4225","13","1","Comportamento Organizacional"
"14","Administração Geral e Pública","ADMPUB","1462","14","1","Comunicação"
"14","Administração Geral e Pública","ADMPUB","2167","14.02","2","Comunicação na Gestão Pública e Gestão de Redes Organizacionais"
"14","Administração Geral e Pública","ADMPUB","1894","14.01","2","Comunicação no Processo de Gestão"
"14","Administração Geral e Pública","ADMPUB","8864","17.01","2","Conceito, Princípios, Fundamentos e Evolução da Qualidade"
"14","Administração Geral e Pública","ADMPUB","16280","26.01","2","Conceitos e Teorias de Inovação e Empreendorismo"
"14","Administração Geral e Pública","ADMPUB","17513","16.01","2","Conceitos Gerais sobre Gestão por Processos"
"14","Administração Geral e Pública","ADMPUB","2147","03","1","Convergências e Divergências entre a Gestão Pública e a Privada"
"14","Administração Geral e Pública","ADMPUB","3173","03.01","2","Convergências entre a Gestão Pública e a Privada"
"14","Administração Geral e Pública","ADMPUB","3259","27","1","Coordenação"
"14","Administração Geral e Pública","ADMPUB","1461","13.03","2","Cultura Organizacional"
"14","Administração Geral e Pública","ADMPUB","11275","04.06","2","Decreto nº 10.160/2019 - Governo Aberto"
"14","Administração Geral e Pública","ADMPUB","11678","24.21.04","3","Decreto nº 11.072/2022 - Programa de Gestão e Desempenho (PGD) da Administração Pública Federal"
"14","Administração Geral e Pública","ADMPUB","9610","24.21.03","3","Decreto nº 7.133/2010 - Avaliação de Desempenho do Poder Executivo Federal"
"14","Administração Geral e Pública","ADMPUB","5045","04.05","2","Decreto nº 9.203/2017 - Política de Governança da Administração Pública Federal"
"14","Administração Geral e Pública","ADMPUB","5971","32","1","Decreto nº 9.739/2019 - Aprimoramento da Administração Federal e SIORG"
"14","Administração Geral e Pública","ADMPUB","4986","24.21.02","3","Decreto nº 9.991/2019 - Política Nacional de Desenvolvimento de Pessoas"
"14","Administração Geral e Pública","ADMPUB","5874","13.05","2","Delegação e Empowerment"
"14","Administração Geral e Pública","ADMPUB","3930","10.02","2","Departamentalização (Conceitos e Tipos)"
"14","Administração Geral e Pública","ADMPUB","1905","24.16","2","Desempenho"
"14","Administração Geral e Pública","ADMPUB","1889","10.01","2","Desenho Organizacional (Conceitos, Tipos, Centralização e Descentralização)"
"14","Administração Geral e Pública","ADMPUB","16330","26.04","2","Design de Serviços"
"14","Administração Geral e Pública","ADMPUB","16281","26.03","2","Design Thinking"
"14","Administração Geral e Pública","ADMPUB","2043","09.04","2","Diagnóstico de Ambiente Organizacional - Matriz SWOT"
"14","Administração Geral e Pública","ADMPUB","8868","17.04.01","3","Diagrama de Causa e Efeito - Ishikawa"
"14","Administração Geral e Pública","ADMPUB","8871","17.04.04","3","Diagrama de Pareto"
"14","Administração Geral e Pública","ADMPUB","6171","03.02","2","Divergências entre a Gestão Pública e a Privada"
"14","Administração Geral e Pública","ADMPUB","5890","19","1","Educação Corporativa"
"14","Administração Geral e Pública","ADMPUB","2046","01.05","2","Eficiência, Eficácia e Efetividade"
"14","Administração Geral e Pública","ADMPUB","2156","21","1","Empreendedorismo Governamental"
"14","Administração Geral e Pública","ADMPUB","3158","02.02.02","3","Escola da Administração Científica"
"14","Administração Geral e Pública","ADMPUB","3155","02.02.03","3","Escola da Teoria Clássica"
"14","Administração Geral e Pública","ADMPUB","2263","09.06","2","Estratégia e Vantagem Competitiva"
"14","Administração Geral e Pública","ADMPUB","16161","08","1","Evolução da APU no Brasil"
"14","Administração Geral e Pública","ADMPUB","2805","24.06","2","Evolução da Área de Gestão de Pessoas no Contexto Nacional"
"14","Administração Geral e Pública","ADMPUB","2804","24.05","2","Evolução e Tendências da Área de Gestão de Pessoas no Cenário Mundial"
"14","Administração Geral e Pública","ADMPUB","2159","17.06","2","Excelência e Qualidade nos Serviços Públicos (Gespública, MEGP)"
"14","Administração Geral e Pública","ADMPUB","5969","10.03.05","3","Formulários e Manuais Administrativos"
"14","Administração Geral e Pública","ADMPUB","1283","24.02","2","Gerenciamento da Diversidade nas Organizações"
"14","Administração Geral e Pública","ADMPUB","2074","17.09","2","Gerenciamento pelas Diretrizes"
"14","Administração Geral e Pública","ADMPUB","4266","26","1","Gestão da Inovação e Empreendedorismo"
"14","Administração Geral e Pública","ADMPUB","4227","17","1","Gestão da Qualidade"
"14","Administração Geral e Pública","ADMPUB","1895","11.03","2","Gestão de Conflitos"
"14","Administração Geral e Pública","ADMPUB","1902","24","1","Gestão de Pessoas"
"14","Administração Geral e Pública","ADMPUB","1901","18","1","Gestão do Conhecimento"
"14","Administração Geral e Pública","ADMPUB","4376","24.08","2","Gestão Estratégica de Pessoas e Planejamento Estratégico de Pessoas"
"14","Administração Geral e Pública","ADMPUB","6347","34","1","Gestão Hospitalar"
"14","Administração Geral e Pública","ADMPUB","3251","25","1","Gestão por Competências"
"14","Administração Geral e Pública","ADMPUB","1896","16","1","Gestão por Processos (BPM CBOK, Ciclo PDCA, 6 Sigma etc.)"
"14","Administração Geral e Pública","ADMPUB","2160","17.07","2","Gestão por Resultados"
"14","Administração Geral e Pública","ADMPUB","2148","04.01","2","Governabilidade"
"14","Administração Geral e Pública","ADMPUB","6172","04","1","Governabilidade, Governança e Intermediação de Interesses"
"14","Administração Geral e Pública","ADMPUB","5870","04.02","2","Governança Corporativa"
"14","Administração Geral e Pública","ADMPUB","6173","04.03","2","Governança Pública"
"14","Administração Geral e Pública","ADMPUB","3598","06","1","Governo Eletrônico"
"14","Administração Geral e Pública","ADMPUB","1900","13.06","2","Grupos e Equipes de Trabalho"
"14","Administração Geral e Pública","ADMPUB","4374","24.10","2","Hierarquia de Decisões na área de Gestão de Pessoas"
"14","Administração Geral e Pública","ADMPUB","3539","09.08","2","Indicadores de Desempenho"
"14","Administração Geral e Pública","ADMPUB","16282","11.04","2","Inteligência Emocional"
"14","Administração Geral e Pública","ADMPUB","2317","09.03","2"," Intenção Estratégica ou Desenvolvimento Institucional"
"14","Administração Geral e Pública","ADMPUB","2161","04.04","2","Intermediação de Interesses"
"14","Administração Geral e Pública","ADMPUB","16279","26.02","2","Intraempreendedorismo"
"14","Administração Geral e Pública","ADMPUB","1885","01","1","Introdução à Administração"
"14","Administração Geral e Pública","ADMPUB","1899","13.01","2"," Introdução ao Comportamento Organizacional (Definição e Características)"
"14","Administração Geral e Pública","ADMPUB","1481","11.01","2","Introdução ao Processo de Direção (Conceito e Características)"
"14","Administração Geral e Pública","ADMPUB","2318","09.01","2","Introdução ao Processo de Planejamento (Diretrizes, Princípios, Características, Etapas, Níveis)"
"14","Administração Geral e Pública","ADMPUB","1100","02.01","2","Introdução (Conceitos, Evolução Histórica, Princípios, Abordagens Prescritivas e Normativas)"
"14","Administração Geral e Pública","ADMPUB","17507","17.04.09","3","Kaizen"
"14","Administração Geral e Pública","ADMPUB","1891","11.02","2","Liderança"
"14","Administração Geral e Pública","ADMPUB","4976","33","1","Manual de Orientação para Arranjo Institucional de Órgãos e Entidades do Poder Executivo Federal"
"14","Administração Geral e Pública","ADMPUB","16278","26.06","2","Manual de Oslo"
"14","Administração Geral e Pública","ADMPUB","4864","23","1","Marketing"
"14","Administração Geral e Pública","ADMPUB","2038","09.05","2","Matriz GUT"
"14","Administração Geral e Pública","ADMPUB","8870","17.04.03","3","Método 5S"
"14","Administração Geral e Pública","ADMPUB","8867","17.04","2","Métodos e Ferramentas"
"14","Administração Geral e Pública","ADMPUB","4223","17.05","2","Modelo de Excelência Gerencial (FNQ)"
"14","Administração Geral e Pública","ADMPUB","2803","24.04","2","Modelos Básicos de Gestão de Pessoas"
"14","Administração Geral e Pública","ADMPUB","2154","07","1","Modelos Teóricos de Gestão Pública"
"14","Administração Geral e Pública","ADMPUB","1890","13.04","2","Motivação"
"14","Administração Geral e Pública","ADMPUB","6165","02.08.02","3","Mudança Organizacional"
"14","Administração Geral e Pública","ADMPUB","15910","17.03.01","3","NBR ISO 9000 - Sistemas de Gestão da Qualidade - Fundamentos e Vocabulário"
"14","Administração Geral e Pública","ADMPUB","15911","17.03.02","3","NBR ISO 9001 - Sistemas de Gestão da Qualidade - Requisitos"
"14","Administração Geral e Pública","ADMPUB","15923","17.03.03","3","NBR ISO 9004 - Gestão para Sucesso Sustentado"
"14","Administração Geral e Pública","ADMPUB","5965","10.03.01","3","Noções Introdutórias (OSM)"
"14","Administração Geral e Pública","ADMPUB","9615","24.21.06","3","Normas de Gestão de Pessoas Estaduais e Municipais"
"14","Administração Geral e Pública","ADMPUB","8866","17.03","2","Normas ISO (Gestão da Qualidade)"
"14","Administração Geral e Pública","ADMPUB","1914","36","1","Novas Tecnologias e Tendências na Administração"
"14","Administração Geral e Pública","ADMPUB","16283","09.14","2","Objetivos-Chaves para Resultados (OKR)"
"14","Administração Geral e Pública","ADMPUB","2806","24.07","2","Objetivos, Funções e Desafios da Área de Gestão de Pessoas"
"14","Administração Geral e Pública","ADMPUB","3167","02.11","2","O Papel do Homem nas Diversas Teorias"
"14","Administração Geral e Pública","ADMPUB","2799","24.22","2","Organização do Trabalho e do Tempo"
"14","Administração Geral e Pública","ADMPUB","3035","01.01","2","Organização (Introdução à Administração)"
"14","Administração Geral e Pública","ADMPUB","5964","10.03","2","Organização, Sistemas e Métodos (OSM)"
"14","Administração Geral e Pública","ADMPUB","15915","17.03.04","3","Outros Assuntos e Tópicos Mesclados de Normas ISO"
"14","Administração Geral e Pública","ADMPUB","8875","17.04.10","3","Outros Métodos e Ferramentas"
"14","Administração Geral e Pública","ADMPUB","17518","16.06","2","Outros Temas e Tópicos Mesclados em Gestão por Processos"
"14","Administração Geral e Pública","ADMPUB","2277","35","1","Outros Temas e Tópicos Variados de Administração"
"14","Administração Geral e Pública","ADMPUB","6179","08.01","2","Patrimonialismo no Brasil"
"14","Administração Geral e Pública","ADMPUB","16284","26.05","2","Pensamento Computacional"
"14","Administração Geral e Pública","ADMPUB","3384","09.07","2","Planejamento baseado em Cenários"
"14","Administração Geral e Pública","ADMPUB","2151","09.13","2","Planejamento e Estratégia no Setor Público"
"14","Administração Geral e Pública","ADMPUB","1974","09.02","2","Planejamento Estratégico"
"14","Administração Geral e Pública","ADMPUB","5633","09.12","2","Planejamento Operacional"
"14","Administração Geral e Pública","ADMPUB","5632","09.11","2","Planejamento Tático"
"14","Administração Geral e Pública","ADMPUB","8869","17.04.02","3","Plano 5W2h"
"14","Administração Geral e Pública","ADMPUB","8865","17.02","2","Principais Teóricos - Gurus da Qualidade"
"14","Administração Geral e Pública","ADMPUB","4375","24.09","2","Princípio da Responsabilidade de Linha e Função de Staff"
"14","Administração Geral e Pública","ADMPUB","3020","15","1","Processo Decisório (Tomada de Decisão)"
"14","Administração Geral e Pública","ADMPUB","1892","12","1","Processo de Controle e Avaliação"
"14","Administração Geral e Pública","ADMPUB","1459","11","1","Processo de Direção"
"14","Administração Geral e Pública","ADMPUB","4639","10","1","Processo de Organização"
"14","Administração Geral e Pública","ADMPUB","1888","09","1","Processo de Planejamento"
"14","Administração Geral e Pública","ADMPUB","3032","01.04","2","Processo Organizacional e Funções Administrativas"
"14","Administração Geral e Pública","ADMPUB","2166","30","1","Processos Participativos de Gestão Pública"
"14","Administração Geral e Pública","ADMPUB","5167","24.20","2","Qualidade de Vida no Trabalho (QVT)"
"14","Administração Geral e Pública","ADMPUB","5202","17.08","2","Qualidade no Atendimento ao Público"
"14","Administração Geral e Pública","ADMPUB","1903","24.13","2","Recrutamento (Gestão de Pessoas)"
"14","Administração Geral e Pública","ADMPUB","9612","24.21","2","Recursos Humanos no Setor Público"
"14","Administração Geral e Pública","ADMPUB","2319","09.10","2","Redes e Alianças"
"14","Administração Geral e Pública","ADMPUB","8945","17.04.08","3","Reengenharia"
"14","Administração Geral e Pública","ADMPUB","1470","24.01","2","Relações de Equilíbrio entre Indivíduo e Organização"
"14","Administração Geral e Pública","ADMPUB","1906","24.17","2","Remuneração (Administração Geral)"
"14","Administração Geral e Pública","ADMPUB","5966","10.03.02","3","Representações Gráficas (OSM)"
"14","Administração Geral e Pública","ADMPUB","3338","29","1","Responsabilidade Social Corporativa"
"14","Administração Geral e Pública","ADMPUB","17516","16.04","2","Seis Sigma (6 Sigma)"
"14","Administração Geral e Pública","ADMPUB","6066","24.14","2","Seleção (Gestão de Pessoas)"
"14","Administração Geral e Pública","ADMPUB","9600","24.21.05","3","SIAPE"
"14","Administração Geral e Pública","ADMPUB","6270","24.23","2","Sistemas de Informações Gerenciais (SIG)"
"14","Administração Geral e Pública","ADMPUB","17517","16.05","2","Society for Design and Process (SDPS)"
"14","Administração Geral e Pública","ADMPUB","2908","24.12","2","Subsistemas de Gestão de Pessoas"
"14","Administração Geral e Pública","ADMPUB","5968","10.03.04","3","Técnicas de Levantamento de Dados e Informações (OSM)"
"14","Administração Geral e Pública","ADMPUB","2756","02.07","2","Teoria Comportamental"
"14","Administração Geral e Pública","ADMPUB","5918","02.10","2","Teoria Contingencial (Abordagem Contingencial da Administração)"
"14","Administração Geral e Pública","ADMPUB","1411","02.05","2","Teoria da Burocracia"
"14","Administração Geral e Pública","ADMPUB","5922","02.03","2","Teoria das Relações Humanas (Abordagem Humanística da Administração)"
"14","Administração Geral e Pública","ADMPUB","6166","02.08.01","3"," Teoria do Desenvolvimento Organizacional"
"14","Administração Geral e Pública","ADMPUB","4973","02.08","2","Teoria do Desenvolvimento Organizacional e Mudança Organizacional"
"14","Administração Geral e Pública","ADMPUB","5919","02.09","2","Teoria dos Sistemas (Abordagem Sistêmica da Administração)"
"14","Administração Geral e Pública","ADMPUB","5921","02.06","2","Teoria Estruturalista (Abordagem Estruturalista da Administração)"
"14","Administração Geral e Pública","ADMPUB","3153","02.04.01","3","Teoria Neoclássica"
"14","Administração Geral e Pública","ADMPUB","1886","02","1","Teorias Administrativas"
"14","Administração Geral e Pública","ADMPUB","4363","24.11","2","Terceirização"
"14","Administração Geral e Pública","ADMPUB","8876","17.04.11","3","Tópico Mesclado de Métodos e Ferramentas"
"14","Administração Geral e Pública","ADMPUB","8863","07.05","2","Tópico Mesclado de Modelos Teóricos de Gestão Pública"
"14","Administração Geral e Pública","ADMPUB","8862","02.12","2","Tópico Mesclado de Teorias Administrativas"
"14","Administração Geral e Pública","ADMPUB","3258","24.19","2","Treinamento, Desenvolvimento e Educação (TDeE)"
"18","Direito Tributário","DTRIB","602","08","1","Administração Tributária (arts. 194 a 208 do CTN)"
"18","Direito Tributário","DTRIB","3679","01.03","2","A Natureza Jurídica Específica dos Tributos"
"18","Direito Tributário","DTRIB","5901","04.04","2","Bitributação e Bis in Idem"
"18","Direito Tributário","DTRIB","588","06.05","2","Capacidade Tributária (art. 126 do CTN)"
"18","Direito Tributário","DTRIB","605","08.03","2","Certidão Negativa (arts. 205 a 208 do CTN)"
"18","Direito Tributário","DTRIB","5887","01.02","2","Classificação Doutrinária dos Tributos"
"18","Direito Tributário","DTRIB","16324","10.03","2","Comitê Gestor do IBS (CF 1988, EC 132)"
"18","Direito Tributário","DTRIB","5906","04.01","2","Competência para Legislar sobre Direito Tributário"
"18","Direito Tributário","DTRIB","587","04","1","Competência Tributária (CF/1988 e CTN)"
"18","Direito Tributário","DTRIB","5904","04.02","2","Competência Tributária: Conceitos e Características"
"18","Direito Tributário","DTRIB","5886","01.01","2","Conceito de Tributo"
"18","Direito Tributário","DTRIB","12356","14.01","2","Conceitos de Direito Processual Tributário"
"18","Direito Tributário","DTRIB","12357","14.02","2","Conceitos e Princípios do Processo Administrativo Tributário"
"18","Direito Tributário","DTRIB","12358","14.03","2","Conceitos e Princípios do Processo Tributário Judicial"
"18","Direito Tributário","DTRIB","16323","10.02","2","Contribuição sobre Bens e Serviços - CBS (CF/1988, EC 132)"
"18","Direito Tributário","DTRIB","581","02.03","2","Contribuições de Melhoria (CF/1988 e CTN)"
"18","Direito Tributário","DTRIB","583","02.05","2","Contribuições Especiais (CF/1988)"
"18","Direito Tributário","DTRIB","594","07","1","Crédito Tributário (arts. 139 a 193 do CTN)"
"18","Direito Tributário","DTRIB","5828","14.08","2","Demais Temas sobre Processo Tributário"
"18","Direito Tributário","DTRIB","5827","14","1","Direito Processual Tributário"
"18","Direito Tributário","DTRIB","881","15","1","Direito Tributário Internacional"
"18","Direito Tributário","DTRIB","524","12","1","Disposições Finais e Transitórias do CTN (arts. 209 a 218)"
"18","Direito Tributário","DTRIB","4002","05.01","2","Disposições Gerais da Legislação (arts. 96 a 100 do CTN)"
"18","Direito Tributário","DTRIB","4006","07.01","2","Disposições Gerais do Crédito Tributário (arts. 139 a 141 do CTN)"
"18","Direito Tributário","DTRIB","3046","06.01","2","Disposições Gerais sobre Obrigação Tributária (Conceito, Obrigação Principal e Acessória)"
"18","Direito Tributário","DTRIB","604","08.02","2","Dívida Ativa Tributária (arts. 201 a 204 do CTN)"
"18","Direito Tributário","DTRIB","3912","06.06","2","Domicílio Tributário (art. 127 do CTN)"
"18","Direito Tributário","DTRIB","582","02.04","2","Empréstimo Compulsório (CF/1988 e CTN)"
"18","Direito Tributário","DTRIB","575","02","1","Espécies de Tributos"
"18","Direito Tributário","DTRIB","861","05.04","2","Espécies Normativas Aplicadas ao Direito Tributário (art. 146 e 146-A da CF/1988)"
"18","Direito Tributário","DTRIB","598","07.05","2","Exclusão do Crédito Tributário (arts. 175 a 182 do CTN)"
"18","Direito Tributário","DTRIB","597","07.04","2","Extinção do Crédito Tributário (arts. 156 a 174 do CTN)"
"18","Direito Tributário","DTRIB","4003","06.02","2","Fato Gerador (arts. 114 a 118 do CTN)"
"18","Direito Tributário","DTRIB","603","08.01","2","Fiscalização Tributária (arts. 194 a 200 do CTN)"
"18","Direito Tributário","DTRIB","599","07.07","2","Garantias e Privilégios do Crédito Tributário (arts. 183 a 193 do CTN)"
"18","Direito Tributário","DTRIB","6239","09.01.05","3","Imposto de Exportação - IE"
"18","Direito Tributário","DTRIB","6238","09.01.06","3","Imposto de Importação - II"
"18","Direito Tributário","DTRIB","5888","09.01.01","3","Imposto de Renda - IR (CF/1988 e CTN)"
"18","Direito Tributário","DTRIB","5894","09.02.03","3","Imposto de Transmissão Causa Mortis e Doação - ITCMD (CF/1988 e CTN)"
"18","Direito Tributário","DTRIB","5897","09.03.02","3","Imposto Predial e Territorial Urbano - IPTU (CF/1988 e CTN)"
"18","Direito Tributário","DTRIB","5899","02.01","2","Impostos (Conceito e Classificações)"
"18","Direito Tributário","DTRIB","16325","10.04","2","Imposto Seletivo - IS (CF 1988; EC 132)"
"18","Direito Tributário","DTRIB","5895","09.02","2","Impostos Estaduais"
"18","Direito Tributário","DTRIB","577","09.01","2","Impostos Federais"
"18","Direito Tributário","DTRIB","576","09","1","Impostos Federais, Estaduais e Municipais"
"18","Direito Tributário","DTRIB","579","09.03","2","Impostos Municipais"
"18","Direito Tributário","DTRIB","16322","10.01","2","Imposto sobre Bens e Serviços - IBS (CF/1988, EC 132)"
"18","Direito Tributário","DTRIB","578","09.02.01","3","Imposto sobre Circulação de Mercadorias e Serviços - ICMS (CF/1988 e CTN)"
"18","Direito Tributário","DTRIB","3666","09.01.04","3","Imposto sobre Grandes Fortunas - IGF"
"18","Direito Tributário","DTRIB","4004","09.01.03","3","Imposto sobre Operações Financeiras - IOF"
"18","Direito Tributário","DTRIB","5889","09.01.02","3","Imposto sobre Produtos Industrializados - IPI (CF/1988 e CTN)"
"18","Direito Tributário","DTRIB","5893","09.02.02","3","Imposto sobre Propriedade de Veículos Automotores - IPVA (CF/1988 e CTN)"
"18","Direito Tributário","DTRIB","1501","09.01.07","3","Imposto sobre Propriedade Territorial Rural - ITR"
"18","Direito Tributário","DTRIB","5896","09.03.01","3","Imposto sobre Serviços - ISS (CF/1988 e CTN)"
"18","Direito Tributário","DTRIB","5898","09.03.03","3","Imposto sobre Transmissão de Bens Imóveis - ITBI (CF/1988 e CTN)"
"18","Direito Tributário","DTRIB","586","03.02","2","Imunidades Tributárias"
"18","Direito Tributário","DTRIB","591","05.03","2","Interpretação e Integração da Legislação Tributária (arts. 107 a 112 do CTN)"
"18","Direito Tributário","DTRIB","3680","01","1","Introdução ao Direito Tributário"
"18","Direito Tributário","DTRIB","5762","16","1","Jurisprudência dos Tribunais Superiores em Matéria Tributária"
"18","Direito Tributário","DTRIB","13758","16.25","2","Jurisprudência dos Tribunais Superiores sobre a Lei nº 12.016/2009 (Mandado de Segurança)"
"18","Direito Tributário","DTRIB","13756","16.23","2","Jurisprudência dos Tribunais Superiores sobre a Lei nº 6.830/1980 (Lei de Execução Fiscal)"
"18","Direito Tributário","DTRIB","13757","16.24","2","Jurisprudência dos Tribunais Superiores sobre a Lei nº 8.397/1992 (Medida Cautelar Fiscal)"
"18","Direito Tributário","DTRIB","13748","16.15","2","Jurisprudência dos Tribunais Superiores sobre Certidão Negativa"
"18","Direito Tributário","DTRIB","13735","16.02","2","Jurisprudência dos Tribunais Superiores sobre Contribuições de Melhoria"
"18","Direito Tributário","DTRIB","13736","16.03","2","Jurisprudência dos Tribunais Superiores sobre Contribuições Especiais"
"18","Direito Tributário","DTRIB","13747","16.14","2","Jurisprudência dos Tribunais Superiores sobre Dívida Ativa Tributária"
"18","Direito Tributário","DTRIB","13744","16.11","2","Jurisprudência dos Tribunais Superiores sobre Exclusão do Crédito Tributário"
"18","Direito Tributário","DTRIB","13743","16.10","2","Jurisprudência dos Tribunais Superiores sobre Extinção do Crédito Tributário"
"18","Direito Tributário","DTRIB","13746","16.13","2","Jurisprudência dos Tribunais Superiores sobre Fiscalização Tributária"
"18","Direito Tributário","DTRIB","13745","16.12","2","Jurisprudência dos Tribunais Superiores sobre Garantias e Privilégios do Crédito Tributário"
"18","Direito Tributário","DTRIB","13750","16.17","2","Jurisprudência dos Tribunais Superiores sobre ICMS"
"18","Direito Tributário","DTRIB","13738","16.05","2","Jurisprudência dos Tribunais Superiores sobre Imunidades Tributárias"
"18","Direito Tributário","DTRIB","13754","16.21","2","Jurisprudência dos Tribunais Superiores sobre IPTU"
"18","Direito Tributário","DTRIB","13751","16.18","2","Jurisprudência dos Tribunais Superiores sobre IPVA"
"18","Direito Tributário","DTRIB","13753","16.20","2","Jurisprudência dos Tribunais Superiores sobre ISS"
"18","Direito Tributário","DTRIB","13755","16.22","2","Jurisprudência dos Tribunais Superiores sobre ITBI"
"18","Direito Tributário","DTRIB","13752","16.19","2","Jurisprudência dos Tribunais Superiores sobre ITCMD"
"18","Direito Tributário","DTRIB","13741","16.08","2","Jurisprudência dos Tribunais Superiores sobre Lançamento e Constituição do Crédito Tributário"
"18","Direito Tributário","DTRIB","13739","16.06","2","Jurisprudência dos Tribunais Superiores sobre Legislação Tributária"
"18","Direito Tributário","DTRIB","13740","16.07","2","Jurisprudência dos Tribunais Superiores sobre Obrigação Tributária"
"18","Direito Tributário","DTRIB","13737","16.04","2","Jurisprudência dos Tribunais Superiores sobre Princípios Tributários"
"18","Direito Tributário","DTRIB","13742","16.09","2","Jurisprudência dos Tribunais Superiores sobre Suspensão do Crédito Tributário"
"18","Direito Tributário","DTRIB","13734","16.01","2","Jurisprudência dos Tribunais Superiores sobre Taxas, Preços Públicos e Pedágio"
"18","Direito Tributário","DTRIB","13759","16.26","2","Jurisprudência dos Tribunais Superiores sobre Tópicos Mesclados e/ou Outros Assuntos Tributários"
"18","Direito Tributário","DTRIB","13749","16.16","2","Jurisprudência dos Tribunais Superiores sobre Tributos Federais"
"18","Direito Tributário","DTRIB","595","07.02","2","Lançamento e Constituição do Crédito Tributário (arts. 142 a 150 do CTN)"
"18","Direito Tributário","DTRIB","589","05","1","Legislação Tributária (arts. 96 a 112 do CTN e art. 146 e 146-A da CF/1988)"
"18","Direito Tributário","DTRIB","12359","14.06","2","Lei nº 12.016/2009 - Mandado de Segurança em Matéria Tributária"
"18","Direito Tributário","DTRIB","4007","14.04","2","Lei nº 6.830/1980 - Lei de Execução Fiscal"
"18","Direito Tributário","DTRIB","607","14.05","2","Lei nº 8.397/1992 - Medida Cautelar Fiscal"
"18","Direito Tributário","DTRIB","17375","14.07","2","Lei nº 9.494/1997 - Tutela Antecipada contra a Fazenda Pública"
"18","Direito Tributário","DTRIB","584","03","1","Limitações Constitucionais ao Poder de Tributar (arts. 150 a 152 da CF)"
"18","Direito Tributário","DTRIB","592","06","1","Obrigação Tributária (arts. 113 a 138 do CTN)"
"18","Direito Tributário","DTRIB","16326","10.05","2","Outras Questões e Tópicos Mesclados sobre a Reforma Tributária"
"18","Direito Tributário","DTRIB","10813","13","1","Planejamento Tributário: Elisão, Evasão e Elusão Fiscal"
"18","Direito Tributário","DTRIB","585","03.01","2","Princípios Tributários"
"18","Direito Tributário","DTRIB","6723","02.06","2","Questões Mescladas de Espécies de Tributos"
"18","Direito Tributário","DTRIB","6722","09.01.08","3","Questões Mescladas de Impostos Federais"
"18","Direito Tributário","DTRIB","16321","10","1","Reforma Tributária"
"18","Direito Tributário","DTRIB","606","11","1","Repartição Constitucional de Receitas Tributárias (arts. 157 a 162 da CF/1988)"
"18","Direito Tributário","DTRIB","5902","04.03","2","Repartição da Competência Tributária (Privativa, Comum, Cumulativa, Residual, Extraordinária e Compartilhada)"
"18","Direito Tributário","DTRIB","593","06.07","2","Responsabilidade Tributária (arts. 128 a 138 do CTN)"
"18","Direito Tributário","DTRIB","4005","06.04","2","Solidariedade (arts. 124 e 125 do CTN)"
"18","Direito Tributário","DTRIB","1500","06.03","2","Sujeito: Ativo e Passivo (arts. 119 a 123 do CTN)"
"18","Direito Tributário","DTRIB","596","07.03","2","Suspensão da Exigibilidade do Crédito Tributário (arts. 151 a 155-A do CTN)"
"18","Direito Tributário","DTRIB","580","02.02","2","Taxas (CF/1988 e CTN)"
"18","Direito Tributário","DTRIB","7302","07.06","2","Tópicos Mesclados de Extinção, Exclusão e Suspensão do Crédito Tributário"
"18","Direito Tributário","DTRIB","5885","17","1","Tópicos Variados de Direito Tributário"
"18","Direito Tributário","DTRIB","590","05.02","2","Vigência e Aplicação da Legislação Tributária (arts. 101 a 106 do CTN)"
"20","Matemática Financeira","MATFIN","719","09","1","Análise de Investimentos"
"20","Matemática Financeira","MATFIN","6021","09.06","2","Análise de Investimentos - Outras Questões"
"20","Matemática Financeira","MATFIN","5581","03.02","2","Cálculo de Montante sem Tabela Financeira"
"20","Matemática Financeira","MATFIN","698","03.09","2","Capitalização Contínua"
"20","Matemática Financeira","MATFIN","692","02.04","2","Capital Médio, Taxa Média e Prazo Médio"
"20","Matemática Financeira","MATFIN","710","07.01","2","Classificação das Rendas"
"20","Matemática Financeira","MATFIN","5696","03.05","2","Comparação entre Juros Simples e Juros Compostos"
"20","Matemática Financeira","MATFIN","7768","01","1","Conceitos Iniciais: Definição de Capital, Montante, Taxa e Desconto. "
"20","Matemática Financeira","MATFIN","697","03.04","2","Convenção Linear e Convenção Exponencial"
"20","Matemática Financeira","MATFIN","5579","04","1","Custo Efetivo em Transações com Tarifas Adicionais"
"20","Matemática Financeira","MATFIN","701","03.07","2","Desconto Comercial Composto"
"20","Matemática Financeira","MATFIN","695","02.06","2","Desconto Comercial Simples"
"20","Matemática Financeira","MATFIN","5317","03.08","2","Desconto Composto e Cálculo da Taxa Efetiva"
"20","Matemática Financeira","MATFIN","699","03.06","2","Desconto Racional Composto"
"20","Matemática Financeira","MATFIN","694","02.05","2","Desconto Racional Simples"
"20","Matemática Financeira","MATFIN","5580","02.08","2","Desconto Simples e Cálculo de Taxa Efetiva"
"20","Matemática Financeira","MATFIN","708","06","1","Equivalência de Capitais"
"20","Matemática Financeira","MATFIN","3544","09.05","2","Índice de Lucratividade e Taxa de Rentabilidade"
"20","Matemática Financeira","MATFIN","707","05","1","Inflação, Juros Reais e Juros Aparentes"
"20","Matemática Financeira","MATFIN","696","03.01","2","Juros Compostos"
"20","Matemática Financeira","MATFIN","691","02.02","2","Juros Exatos, Bancários e Comerciais"
"20","Matemática Financeira","MATFIN","689","02.01","2","Juros Simples"
"20","Matemática Financeira","MATFIN","1846","09.04","2","Método do Custo Anual"
"20","Matemática Financeira","MATFIN","723","09.03","2","Payback e Payback Descontado"
"20","Matemática Financeira","MATFIN","5645","07.02.04","3","Rearranjo do Fluxo de Caixa"
"20","Matemática Financeira","MATFIN","724","03","1","Regime de Juros e Descontos Compostos"
"20","Matemática Financeira","MATFIN","725","02","1","Regime de Juros e Descontos Simples"
"20","Matemática Financeira","MATFIN","5578","02.07","2","Relação entre Desconto Comercial Simples e Desconto Racional Simples"
"20","Matemática Financeira","MATFIN","726","07.03","2","Rendas Perpétuas"
"20","Matemática Financeira","MATFIN","709","07","1","Rendas (Séries de Pagamentos)"
"20","Matemática Financeira","MATFIN","711","07.02","2","Renda Uniforme (Incluindo Renda Variável que Pode Ser Decomposta em Rendas Uniformes)"
"20","Matemática Financeira","MATFIN","5644","07.02.03","3","Renda Uniforme no Regime Simples"
"20","Matemática Financeira","MATFIN","712","07.04","2","Renda Variável"
"20","Matemática Financeira","MATFIN","717","08.04","2","Sistema de Amortização Alemão"
"20","Matemática Financeira","MATFIN","716","08.03","2","Sistema de Amortização Americano"
"20","Matemática Financeira","MATFIN","714","08.01","2","Sistema de Amortização Constante (SAC)"
"20","Matemática Financeira","MATFIN","715","08.02","2","Sistema de Amortização Francês (Price)"
"20","Matemática Financeira","MATFIN","713","08","1","Sistemas de Amortização"
"20","Matemática Financeira","MATFIN","721","08.06","2","Sistemas de Amortização - Outras Questões"
"20","Matemática Financeira","MATFIN","718","08.05","2","Sistemas Mistos de Amortização"
"20","Matemática Financeira","MATFIN","722","09.02","2","Taxa Interna de Retorno (TIR) e Taxa Mínima de Atratividade (TMA)"
"20","Matemática Financeira","MATFIN","1088","03.03","2","Taxas Efetivas, Nominais e Equivalentes no Regime Composto"
"20","Matemática Financeira","MATFIN","5313","02.03","2","Taxas Equivalentes e Proporcionais no Regime Simples"
"20","Matemática Financeira","MATFIN","5646","07.02.05","3","Títulos com Cupons Periódicos (Bonds)"
"20","Matemática Financeira","MATFIN","5642","07.02.01","3","Valor Atual de Uma Série de Pagamentos"
"20","Matemática Financeira","MATFIN","5643","07.02.02","3","Valor Futuro de Uma Série de Pagamentos"
"20","Matemática Financeira","MATFIN","720","09.01","2","Valor Presente Líquido (VPL)"
"21","Contabilidade Geral","CONTAB","4728","06.02","2","Ações (Ágio na Emissão, Reembolso, Resgate, Amortização, Gastos na Emissão)"
"21","Contabilidade Geral","CONTAB","4733","06.07","2","Ações em Tesouraria"
"21","Contabilidade Geral","CONTAB","3860","06.06","2","Ajuste de Avaliação Patrimonial"
"21","Contabilidade Geral","CONTAB","4736","06.10","2","Ajustes Acumulados de Conversão"
"21","Contabilidade Geral","CONTAB","4700","04","1","Ativo"
"21","Contabilidade Geral","CONTAB","4716","04.11","2","Ativo Diferido (Extinto)"
"21","Contabilidade Geral","CONTAB","4714","04.08","2","Ativo Imobilizado (Conceito, Classificação, Mensuração Inicial, Reavaliação)"
"21","Contabilidade Geral","CONTAB","4713","04.07","2","Ativo Não Circulante Mantido p/ Venda e Operação Descontinuada (CPC 31)"
"21","Contabilidade Geral","CONTAB","5627","04.10","2","Ativos Biológicos e Produtos Agrícolas (CPC 29)"
"21","Contabilidade Geral","CONTAB","4705","04.03","2","Ativos Especiais"
"21","Contabilidade Geral","CONTAB","4715","04.09","2","Ativos Intangíveis (CPC 04, Lei 6.404)"
"21","Contabilidade Geral","CONTAB","986","01.09","2","Atos e Fatos Contábeis"
"21","Contabilidade Geral","CONTAB","990","01.07","2","Balancete de Verificação"
"21","Contabilidade Geral","CONTAB","996","11.02","2","Balanço Patrimonial"
"21","Contabilidade Geral","CONTAB","4727","06.01","2","Capital Social (Subscrito, a Realizar, Realizado)"
"21","Contabilidade Geral","CONTAB","3854","01.01","2","Conceito, Objeto, Finalidade, Técnicas Contábeis, Equação Patrimonial"
"21","Contabilidade Geral","CONTAB","12878","13.02","2","Conceitos de SPED e seus Módulos"
"21","Contabilidade Geral","CONTAB","4746","14.02","2","Concessões (ICPC 01)"
"21","Contabilidade Geral","CONTAB","5300","14.01","2","Contabilidade Ambiental"
"21","Contabilidade Geral","CONTAB","3843","01","1","Contabilidade Básica"
"21","Contabilidade Geral","CONTAB","4704","04.02","2","Contas a receber e Perda com Créditos de Liquidação Duvidosa (PCLD)"
"21","Contabilidade Geral","CONTAB","4747","12.01","2","CPC 02: Efeitos de Mudanças/Taxas de Câmbio/Investimentos no Exterior e Conversão de Demonstrações"
"21","Contabilidade Geral","CONTAB","2784","12.02","2","CPC 05: Divulgação sobre Partes Relacionadas"
"21","Contabilidade Geral","CONTAB","4742","12.03","2","CPC 06: Arrendamento Mercantil (Financeiro e Operacional)"
"21","Contabilidade Geral","CONTAB","3862","12.04","2","CPC 07: Subvenção e Assistência Governamentais"
"21","Contabilidade Geral","CONTAB","4748","12.05","2","CPC 10: Pagamento Baseado em Ações"
"21","Contabilidade Geral","CONTAB","3859","12.06","2","CPC 12: Ajuste a Valor Presente"
"21","Contabilidade Geral","CONTAB","4745","12.07","2","CPC 15: Combinação de Negócios, Fusão, Incorporação e Cisão"
"21","Contabilidade Geral","CONTAB","2276","03.01","2","CPC 16 - Tratamento Contábil para os Estoques"
"21","Contabilidade Geral","CONTAB","5701","12.08","2","CPC 17: Contratos de Construção (Revogado)"
"21","Contabilidade Geral","CONTAB","2859","12.09","2","CPC 22: Informações por Segmento"
"21","Contabilidade Geral","CONTAB","5516","12.10","2","CPC 23: Políticas Contábeis, Mudanças de Estimativa e Retificação de Erro"
"21","Contabilidade Geral","CONTAB","5892","12.11","2","CPC 24: Eventos Subsequentes"
"21","Contabilidade Geral","CONTAB","989","12.12","2","CPC 30: Receitas (Revogado)"
"21","Contabilidade Geral","CONTAB","299","12.13","2","CPC 42: Correção Monetária Integral"
"21","Contabilidade Geral","CONTAB","324","12.14","2","CPC 46: Mensuração a Valor Justo (Lei 6.404, art. 183, §1º)"
"21","Contabilidade Geral","CONTAB","6321","12.15","2","CPC 47: Receita de Contrato com Cliente"
"21","Contabilidade Geral","CONTAB","8470","12.16","2","CPC PME: Contabilidade para Pequenas e Médias Empresas"
"21","Contabilidade Geral","CONTAB","4460","03.03","2","Critérios de Avaliação do Estoque (PEPS, UEPS, Média Ponderada)"
"21","Contabilidade Geral","CONTAB","12880","13.04","2","CTG 2001 (R3) - Formalidades da Escrituração Contábil em Forma Digital"
"21","Contabilidade Geral","CONTAB","4722","05.02","2","Debêntures e Títulos de Dívida"
"21","Contabilidade Geral","CONTAB","12833","13.01","2","Decreto nº 6.022/2007 - Sistema Público de Escrituração Digital (SPED)"
"21","Contabilidade Geral","CONTAB","1004","11.11","2","Demonstração Contábil Consolidada (CPC 36, Lei 6.404, art. 249 e 250)"
"21","Contabilidade Geral","CONTAB","999","11.09","2","Demonstração da Origem e Aplicação dos Recursos (DOAR)"
"21","Contabilidade Geral","CONTAB","1003","11.05","2","Demonstração das Mutações do Patrimônio Líquido (DMPL)"
"21","Contabilidade Geral","CONTAB","1001","11.06","2","Demonstração de Fluxo de Caixa (DFC - CPC 03, Lei 6.404, art. 188, I)"
"21","Contabilidade Geral","CONTAB","997","11.04","2","Demonstração de Lucros ou Prejuízos Acumulados (DLPA)"
"21","Contabilidade Geral","CONTAB","3857","11.08","2","Demonstração de Resultados Abrangentes (DRA)"
"21","Contabilidade Geral","CONTAB","998","11.03","2","Demonstração do Resultado do Exercício (DRE) e Destinação do Resultado"
"21","Contabilidade Geral","CONTAB","1002","11.07","2","Demonstração do Valor Adicionado (DVA - CPC 09, Lei 6.404, art. 188, II)"
"21","Contabilidade Geral","CONTAB","995","11","1","Demonstrações Contábeis"
"21","Contabilidade Geral","CONTAB","1006","04.12","2","Depreciação, Amortização e Exaustão"
"21","Contabilidade Geral","CONTAB","4702","04.01","2","Disponibilidades: Equivalentes de Caixa, Conciliação, Cheques, Numerários em Trânsito, etc"
"21","Contabilidade Geral","CONTAB","1005","14.04","2","Dividendos"
"21","Contabilidade Geral","CONTAB","3856","11.01","2","Elaboração e Apresentação das Demonstrações Contábeis (CPC 26, Lei 6.404, arts. 176 e 177)"
"21","Contabilidade Geral","CONTAB","4721","05.01","2","Empréstimos e Fornecedores"
"21","Contabilidade Geral","CONTAB","1087","01.08","2","Erros de Escrituração"
"21","Contabilidade Geral","CONTAB","12877","13","1","Escrituração Contábil Digital (ECD)"
"21","Contabilidade Geral","CONTAB","1786","14.03","2","Escrituração Fiscal e Outras Questões Tributárias"
"21","Contabilidade Geral","CONTAB","983","01.05","2","Escrituração: Normas, Livros Contábeis, Lançamentos, Método das Partidas Dobradas"
"21","Contabilidade Geral","CONTAB","4607","03","1","Estoques e Operação com Mercadorias"
"21","Contabilidade Geral","CONTAB","3855","01.04","2","Estrutura Conceitual Básica da Contabilidade (CPC 00)"
"21","Contabilidade Geral","CONTAB","3861","04.14","2","Goodwill"
"21","Contabilidade Geral","CONTAB","12879","13.03","2","Instruções Normativas da RFB sobre Escrituração Contábil Digital"
"21","Contabilidade Geral","CONTAB","4708","04.05","2","Instrumentos Financeiros"
"21","Contabilidade Geral","CONTAB","4709","04.06","2","Investimentos"
"21","Contabilidade Geral","CONTAB","674","04.06.03","3","Investimentos Avaliados pelo Custo ou MEP (CPC 18, Lei 6.404, art. 248)"
"21","Contabilidade Geral","CONTAB","4740","14.05","2","Juros sobre Capital Próprio"
"21","Contabilidade Geral","CONTAB","4734","06.08","2","Lucros e Prejuízos Acumulados"
"21","Contabilidade Geral","CONTAB","7058","14.08","2","NBC TG 2004 - Contabilidade para Cooperativas"
"21","Contabilidade Geral","CONTAB","2656","11.12","2","Notas Explicativas (Contabilidade Geral)"
"21","Contabilidade Geral","CONTAB","4735","06.09","2","Opções Outorgadas Reconhecidas"
"21","Contabilidade Geral","CONTAB","4720","07","1","Operações com Duplicatas"
"21","Contabilidade Geral","CONTAB","671","08","1","Operações com Folha de Pagamento e Benefícios a Empregados (CPC 33)"
"21","Contabilidade Geral","CONTAB","2251","03.02","2","Operações com Mercadorias (CMV, RCM, Tributos, Frete, etc.)"
"21","Contabilidade Geral","CONTAB","4706","09","1","Operações com Receitas e Despesas Antecipadas"
"21","Contabilidade Geral","CONTAB","1785","11.10","2","Origens, Aplicações, Capital Circulante Líquido"
"21","Contabilidade Geral","CONTAB","4737","06.11","2","Outras Contas do PL"
"21","Contabilidade Geral","CONTAB","11493","12","1","Outros CPCs"
"21","Contabilidade Geral","CONTAB","314","14.09","2","Outros Temas (Contabilidade)"
"21","Contabilidade Geral","CONTAB","11494","14","1","Outros Temas de Contabilidade Geral"
"21","Contabilidade Geral","CONTAB","4718","05","1","Passivo Exigível"
"21","Contabilidade Geral","CONTAB","6692","05.04","2","Passivo Exigível a Longo Prazo"
"21","Contabilidade Geral","CONTAB","4726","06","1","Patrimônio Líquido"
"21","Contabilidade Geral","CONTAB","11393","01.06","2","Plano de Contas"
"21","Contabilidade Geral","CONTAB","669","01.03","2","Princípios Contábeis"
"21","Contabilidade Geral","CONTAB","4710","04.06.01","3","Propriedades para Investimento (CPC 28)"
"21","Contabilidade Geral","CONTAB","4724","10","1","Provisões, Passivos e Ativos Contingentes (CPC 25, Lei 6.404)"
"21","Contabilidade Geral","CONTAB","4707","04.04","2","Realizável a Longo Prazo"
"21","Contabilidade Geral","CONTAB","3858","04.13","2","Redução ao Valor Recuperável de Ativos (CPC 01, Lei 6.404, art. 183, §3º, I)"
"21","Contabilidade Geral","CONTAB","670","02","1","Regimes Contábeis (Competência, Caixa e Misto)"
"21","Contabilidade Geral","CONTAB","4731","06.05","2","Reserva de Reavaliação (Extinta)"
"21","Contabilidade Geral","CONTAB","4730","06.04","2","Reservas de Capital"
"21","Contabilidade Geral","CONTAB","4729","06.03","2","Reservas de Lucros"
"21","Contabilidade Geral","CONTAB","8471","14.07","2","Resolução CFC nº 1.055/05 - Comitê de Pronunciamentos Contábeis (CPC)"
"21","Contabilidade Geral","CONTAB","8472","14.06","2","Resolução CFC N.º 1.328/11 - Estrutura das Normas Brasileiras de Contabilidade"
"21","Contabilidade Geral","CONTAB","987","01.02","2","Teoria das Contas (Personalística, Patrimonialista, e Materialística)"
"21","Contabilidade Geral","CONTAB","4723","05.03","2","Tributos sobre Lucro (IRPJ, CSLL, Lucro Real, Presumido e Arbitrado)"
"28","Direito Empresarial (Comercial)","DEMPRE","1218","03.04.04","3","Acionistas (arts. 106 a 120 da Lei nº 6.404/1976)"
"28","Direito Empresarial (Comercial)","DEMPRE","1228","03.04.05","3","Ações, Partes Beneficiárias, Debêntures, Bônus de Subscrição (arts. 11 a 79 da Lei nº 6.404/1976)"
"28","Direito Empresarial (Comercial)","DEMPRE","1222","03.04.06","3","Assembleia Geral, Conselhos, Diretoria (arts. 121 a 165-A da Lei nº 6.404/1976)"
"28","Direito Empresarial (Comercial)","DEMPRE","1284","04.03","2","Atos Cambiários"
"28","Direito Empresarial (Comercial)","DEMPRE","325","20","1","Bibliografia Específica do PROFNIT"
"28","Direito Empresarial (Comercial)","DEMPRE","1227","03.04.03","3","Capital Social e Modificação do Capital Social (arts. 5º a 10 e 166 a 174 da Lei nº 6.404/1976)"
"28","Direito Empresarial (Comercial)","DEMPRE","1220","03.04.01","3","Características e Natureza da Companhia ou Sociedade Anônima (arts. 1º a 4º da Lei nº 6.404/1976)"
"28","Direito Empresarial (Comercial)","DEMPRE","7510","08.04.05","3","Cartão de Crédito e Outros Contratos Bancários"
"28","Direito Empresarial (Comercial)","DEMPRE","1281","04.08","2","Cédulas de Crédito"
"28","Direito Empresarial (Comercial)","DEMPRE","1287","04.06","2","Cheque - Lei nº 7.357/1985"
"28","Direito Empresarial (Comercial)","DEMPRE","7505","08.02","2","Compra e Venda empresarial"
"28","Direito Empresarial (Comercial)","DEMPRE","2795","08.01","2","Conceitos, Classificações e Princípios dos Contratos Mercantis"
"28","Direito Empresarial (Comercial)","DEMPRE","1290","05.01","2","Conceitos Iniciais, Princípios - Disposições Preliminares (Arts. 1º a 3º da Lei nº 11.101/2005)"
"28","Direito Empresarial (Comercial)","DEMPRE","15537","03.04.10","3","Consórcio (arts. 278 e 279 da Lei nº 6.404/1976)"
"28","Direito Empresarial (Comercial)","DEMPRE","1217","03.04.02","3","Constituição da Companhia (arts. 80 a 99 da Lei nº 6.404/1976)"
"28","Direito Empresarial (Comercial)","DEMPRE","7508","08.04","2","Contratos Bancários"
"28","Direito Empresarial (Comercial)","DEMPRE","7509","08.04.01","3","Contratos Bancários Próprios (Depósito, Conta, Aplicação, Mútuo, Desconto e Crédito)"
"28","Direito Empresarial (Comercial)","DEMPRE","7506","08.03","2","Contratos de Colaboração"
"28","Direito Empresarial (Comercial)","DEMPRE","2789","08","1","Contratos Mercantis"
"28","Direito Empresarial (Comercial)","DEMPRE","9611","09","1","Cooperativismo"
"28","Direito Empresarial (Comercial)","DEMPRE","1193","02.03.04","3","Da Escrituração (arts. 1.179 a 1.195 do CC)"
"28","Direito Empresarial (Comercial)","DEMPRE","1310","05.04","2","Da Falência (Arts. 75 a 160 da Lei nº 11.101/2005)"
"28","Direito Empresarial (Comercial)","DEMPRE","15909","05.06","2","Da Insolvência Transnacional (Arts. 167-A a 167-Y da Lei nº 11.101/2005)"
"28","Direito Empresarial (Comercial)","DEMPRE","1330","05.05","2","Da Recuperação Extrajudicial (Arts. 161 a 167 da Lei nº 11.101/2005)"
"28","Direito Empresarial (Comercial)","DEMPRE","1297","05.03","2","Da Recuperação Judicial e da Convolação da Recuperação Judicial em Falência (Arts. 47 a 74 da Lei nº 11.101/2005)"
"28","Direito Empresarial (Comercial)","DEMPRE","6771","07.01.07","3","Das Disposições Gerais (arts 212 a 228 da Lei nº 9.279/1996 - LPI)"
"28","Direito Empresarial (Comercial)","DEMPRE","6763","07.01.05","3","Das Indicações Geográficas (arts 176 a 182 da Lei nº 9.279/1996 - LPI)"
"28","Direito Empresarial (Comercial)","DEMPRE","6752","07.01.04","3","Das Marcas (arts 122 a 175 da Lei nº 9.279/1996 - LPI)"
"28","Direito Empresarial (Comercial)","DEMPRE","1194","03","1","Da Sociedade"
"28","Direito Empresarial (Comercial)","DEMPRE","6383","03.03.08","3","Da Sociedade Dependente de Autorização - Nacional e Estrangeira (arts. 1.123 a 1.141 do CC)"
"28","Direito Empresarial (Comercial)","DEMPRE","6761","07.01.02","3","Das Patentes (arts 6º a 93 da Lei nº 9.279/1996 - LPI)"
"28","Direito Empresarial (Comercial)","DEMPRE","6760","07.01.06","3","Da Transferência de Tecnologia e da Franquia (art. 211 da Lei nº 9.279/1996 - LPI)"
"28","Direito Empresarial (Comercial)","DEMPRE","1271","08.04.02","3","Decreto-Lei nº 911/1969 - Alienação Fiduciária em Garantia"
"28","Direito Empresarial (Comercial)","DEMPRE","9613","09.03","2","Decreto nº 3.017 - SESCOOP"
"28","Direito Empresarial (Comercial)","DEMPRE","7251","11","1","Decreto nº 486/1969 e Decreto nº 64.567/1969 - Escrituração e Livros Mercantis"
"28","Direito Empresarial (Comercial)","DEMPRE","1188","02","1","Direito de Empresa"
"28","Direito Empresarial (Comercial)","DEMPRE","6377","01","1","Direito Empresarial: Conceito, Autonomia, Fontes, Princípios, Histórico"
"28","Direito Empresarial (Comercial)","DEMPRE","1291","05.02","2","Disposições Comuns à Recuperação Judicial e à Falência (Arts. 5º a 46 da Lei nº 11.101/2005)"
"28","Direito Empresarial (Comercial)","DEMPRE","17558","05.07","2","Disposições Finais e Transitórias (arts. 189 a 201 da Lei nº 11.101/2005)"
"28","Direito Empresarial (Comercial)","DEMPRE","16221","03.04.12","3","Disposições Finais e Transitórias (arts. 289 a 300 da Lei nº 6.404/1976)"
"28","Direito Empresarial (Comercial)","DEMPRE","6755","07.01.01","3","Disposições Preliminares (arts 1º a 5º da Lei nº 9.279/1996 - LPI)"
"28","Direito Empresarial (Comercial)","DEMPRE","2016","03.04.07","3","Dissolução, Liquidação e Extinção das SA (arts. 206 a 219 da Lei nº 6.404/1976)"
"28","Direito Empresarial (Comercial)","DEMPRE","1258","03.03.07","3","Dissolução, Liquidação e Extinção das Sociedades (arts. 1.028 a 1.038, 1.102 a 1.112 do CC)"
"28","Direito Empresarial (Comercial)","DEMPRE","6378","02.01","2","Do Empresário (arts. 966 a 980 do CC)"
"28","Direito Empresarial (Comercial)","DEMPRE","6380","02.01.02","3","Do Empresário: da Capacidade (arts. 972 a 980 do CC)"
"28","Direito Empresarial (Comercial)","DEMPRE","1189","02.01.01","3","Do Empresário: da Caracterização e da Inscrição (arts. 966 a 971 do CC)"
"28","Direito Empresarial (Comercial)","DEMPRE","1191","02.02","2","Do Estabelecimento (arts. 1.142 a 1.149 do CC)"
"28","Direito Empresarial (Comercial)","DEMPRE","1190","02.03.02","3","Do Nome Empresarial (arts. 1.155 a 1.168 do CC)"
"28","Direito Empresarial (Comercial)","DEMPRE","2792","02.03.01","3","Do Registro (arts. 1.150 a 1.154 do CC)"
"28","Direito Empresarial (Comercial)","DEMPRE","7083","07.01.03","3","Dos Desenhos Industriais (arts 94 a 121 da Lei nº 9.279/1996 - LPI)"
"28","Direito Empresarial (Comercial)","DEMPRE","6379","02.03","2","Dos Institutos Complementares (arts. 1.150 a 1.195 do CC)"
"28","Direito Empresarial (Comercial)","DEMPRE","1192","02.03.03","3","Dos Prepostos (arts. 1.169 a 1.178 do CC)"
"28","Direito Empresarial (Comercial)","DEMPRE","1288","04.07","2","Duplicata - Lei nº 5.474/1968"
"28","Direito Empresarial (Comercial)","DEMPRE","7512","08.04.04","3","Factoring (Fomento Mercantil)"
"28","Direito Empresarial (Comercial)","DEMPRE","15538","03.04.09","3","Grupo de Sociedades (arts. 265 a 277 da Lei nº 6.404/1976)"
"28","Direito Empresarial (Comercial)","DEMPRE","9614","09.01","2","História, Conceitos e Princípios do Cooperativismo"
"28","Direito Empresarial (Comercial)","DEMPRE","17044","12","1","IN DREI/SGD/ME nº 82/2021 - Procedimentos de Autenticação dos Livros Contábeis ou Não dos Empresários Individuais, das EIRELI, das Sociedades, Bem Como dos Livros dos Agentes Auxiliares de Comércio"
"28","Direito Empresarial (Comercial)","DEMPRE","14636","30","1","Jurisprudência dos Tribunais Superiores em Matéria Empresarial"
"28","Direito Empresarial (Comercial)","DEMPRE","14641","30.06","2","Jurisprudência dos Tribunais Superiores sobre Contratos Mercantis"
"28","Direito Empresarial (Comercial)","DEMPRE","14637","30.01","2","Jurisprudência dos Tribunais Superiores sobre Empresário"
"28","Direito Empresarial (Comercial)","DEMPRE","6921","30.05","2","Jurisprudência dos Tribunais Superiores sobre Propriedade Industrial"
"28","Direito Empresarial (Comercial)","DEMPRE","14640","30.04","2","Jurisprudência dos Tribunais Superiores sobre  Recuperação Judicial e Falência"
"28","Direito Empresarial (Comercial)","DEMPRE","14638","30.02","2","Jurisprudência dos Tribunais Superiores sobre Sociedade"
"28","Direito Empresarial (Comercial)","DEMPRE","14639","30.03","2","Jurisprudência dos Tribunais Superiores sobre Títulos de Crédito"
"28","Direito Empresarial (Comercial)","DEMPRE","1196","08.03.02","3","Lei nº 13.966/2019 - Franquias"
"28","Direito Empresarial (Comercial)","DEMPRE","14986","03.04.14","3","Lei nº 14.193/2021 - Sociedade Anônima do Futebol (SAF)"
"28","Direito Empresarial (Comercial)","DEMPRE","2893","09.02","2","Lei nº 5.764/1971 - Cooperativas"
"28","Direito Empresarial (Comercial)","DEMPRE","6388","06","1","Lei nº 6.024/74 - Intervenção e Liquidação Extrajudicial de Instituição Financeira"
"28","Direito Empresarial (Comercial)","DEMPRE","2790","08.04.03","3","Lei nº 6.099/74 - Arrendamento Mercantil"
"28","Direito Empresarial (Comercial)","DEMPRE","6742","07.01","2","Lei nº 9.279/1996 - Propriedade Industrial"
"28","Direito Empresarial (Comercial)","DEMPRE","6762","07.02","2","Lei nº 9.609/1998 - Propriedade Intelectual de Programa de Computador"
"28","Direito Empresarial (Comercial)","DEMPRE","1285","04.04","2","Letra de Câmbio"
"28","Direito Empresarial (Comercial)","DEMPRE","1286","04.05","2","Nota Promissória e Commercial Papers"
"28","Direito Empresarial (Comercial)","DEMPRE","1245","03.05","2","Operações Societárias (arts. 1.113 a 1.122 do CC, arts. 220 a 234 da Lei nº 6.404/1976)"
"28","Direito Empresarial (Comercial)","DEMPRE","11539","04.03.02","3","Outros Atos Cambiários (Saque, Endosso, Aval, Aceite, Prescrição, Ações Cambiais)"
"28","Direito Empresarial (Comercial)","DEMPRE","1197","08.07","2","Outros Temas de Contratos Mercantis"
"28","Direito Empresarial (Comercial)","DEMPRE","6387","03.04.13","3","Outros Temas de Sociedade Anônima"
"28","Direito Empresarial (Comercial)","DEMPRE","1280","04.09","2","Outros Títulos"
"28","Direito Empresarial (Comercial)","DEMPRE","15540","03.04.11","3","Prazos de Prescrição (arts. 285 a 288 da Lei nº 6.404/1976)"
"28","Direito Empresarial (Comercial)","DEMPRE","3072","07","1","Propriedade Industrial"
"28","Direito Empresarial (Comercial)","DEMPRE","11538","04.03.01","3","Protesto (Conceitos e Procedimentos - Lei nº 9.492/1997)"
"28","Direito Empresarial (Comercial)","DEMPRE","7511","08.06","2","Questões Mescladas de Contratos Mercantis"
"28","Direito Empresarial (Comercial)","DEMPRE","7017","07.03","2","Questões Mescladas sobre Propriedade Industrial"
"28","Direito Empresarial (Comercial)","DEMPRE","5039","04.10","2","Questões Mescladas sobre Título de Crédito"
"28","Direito Empresarial (Comercial)","DEMPRE","1289","05","1","Recuperação Judicial e Falência (Lei nº 11.101/2005)"
"28","Direito Empresarial (Comercial)","DEMPRE","7507","08.03.01","3","Representação, Comissão, Concessão, Distribuição e Agência"
"28","Direito Empresarial (Comercial)","DEMPRE","1216","03.04","2","Sociedade Anônima"
"28","Direito Empresarial (Comercial)","DEMPRE","1195","03.01","2","Sociedade: Conceito, Classificação e Disposições Gerais (arts. 981 a 985 do CC)"
"28","Direito Empresarial (Comercial)","DEMPRE","1234","03.03.06","3","Sociedade Cooperativa (arts. 1.093 a 1.096 do CC)"
"28","Direito Empresarial (Comercial)","DEMPRE","1233","03.03.05","3","Sociedade em Comandita por Ações (arts. 1.090 a 1.092 do CC e 280 a 284 da Lei nº 6.404/1976)"
"28","Direito Empresarial (Comercial)","DEMPRE","1206","03.03.03","3","Sociedade em Comandita Simples (arts. 1.045 a 1.051 do CC)"
"28","Direito Empresarial (Comercial)","DEMPRE","1199","03.02.01","3","Sociedade em Comum (arts. 986 a 990 do CC)"
"28","Direito Empresarial (Comercial)","DEMPRE","1200","03.02.02","3","Sociedade em Conta de Participação (arts. 991 a 996 do CC)"
"28","Direito Empresarial (Comercial)","DEMPRE","1205","03.03.02","3","Sociedade em Nome Coletivo (arts. 1.039 a 1.044 do CC)"
"28","Direito Empresarial (Comercial)","DEMPRE","1207","03.03.04","3","Sociedade Limitada (arts. 1.052 a 1.087 do CC)"
"28","Direito Empresarial (Comercial)","DEMPRE","6382","03.03","2","Sociedade Personificada (arts. 997 a 1.141 do CC)"
"28","Direito Empresarial (Comercial)","DEMPRE","6384","03.06","2","Sociedades Coligadas, Controladas, Filiadas (arts. 1.097 a 1.101 do CC e 243 a 264 da Lei nº 6.404)"
"28","Direito Empresarial (Comercial)","DEMPRE","15539","03.04.08","3","Sociedades de Economia Mista (arts. 235 a 240 da Lei nº 6.404/1976)"
"28","Direito Empresarial (Comercial)","DEMPRE","1201","03.03.01","3","Sociedade Simples (arts. 997 a 1.027 do CC)"
"28","Direito Empresarial (Comercial)","DEMPRE","1198","03.02","2","Sociedades Não Personificadas"
"28","Direito Empresarial (Comercial)","DEMPRE","1269","04","1","Títulos de Crédito"
"28","Direito Empresarial (Comercial)","DEMPRE","1270","04.01","2","Títulos de Crédito: Conceito, Características, Princípios, Teorias e Classificações"
"28","Direito Empresarial (Comercial)","DEMPRE","1219","04.02","2","Títulos de Crédito no Código Civil (arts. 887 a 926 do CC)"
"29","Auditoria Privada","AUDIT","2737","02.06","2","Amostragem em Auditoria"
"29","Auditoria Privada","AUDIT","2753","03.01","2","Aspectos Gerais da Auditoria Interna"
"29","Auditoria Privada","AUDIT","6320","06","1","Auditoria em Saúde"
"29","Auditoria Privada","AUDIT","2731","02","1","Auditoria Independente"
"29","Auditoria Privada","AUDIT","2752","03","1","Auditoria Interna (Controle Interno)"
"29","Auditoria Privada","AUDIT","5788","02.01.03","3","Características Inerentes ao Auditor (Julgamento e Ceticismo)"
"29","Auditoria Privada","AUDIT","2738","02.07","2","Contingências e Estimativas Contábeis (Auditoria)"
"29","Auditoria Privada","AUDIT","2743","02.12","2","Continuidade Normal das Atividades da Entidade"
"29","Auditoria Privada","AUDIT","5789","02.01.04","3","Controle de Qualidade da Auditoria"
"29","Auditoria Privada","AUDIT","3845","02.18","2","Controle Interno da Entidade Auditada"
"29","Auditoria Privada","AUDIT","2755","03.05","2","Diferenças entre a Auditoria Interna e a Auditoria Independente"
"29","Auditoria Privada","AUDIT","2745","02.14","2","Documentação de Auditoria/Papéis de Trabalho"
"29","Auditoria Privada","AUDIT","16288","01","1","Estrutura Conceitual para Trabalhos de Asseguração"
"29","Auditoria Privada","AUDIT","2735","02.04","2","Evidência em Auditoria"
"29","Auditoria Privada","AUDIT","2739","02.08","2","Fraude e Erro (Auditoria)"
"29","Auditoria Privada","AUDIT","2757","04","1","Governança Corporativa, Controle e Análise de Risco"
"29","Auditoria Privada","AUDIT","2758","04.01","2","Governança Corporativa e no Setor Público"
"29","Auditoria Privada","AUDIT","5790","02.01.05","3","Independência (Auditor)"
"29","Auditoria Privada","AUDIT","2759","04.02","2","Lei Sarbanes-Oxley"
"29","Auditoria Privada","AUDIT","2734","02.03","2","Materialidade, Relevância e Risco em Auditoria Independente"
"29","Auditoria Privada","AUDIT","2760","04.03","2","Modelos de Controle e de Análise de Risco do COSO"
"29","Auditoria Privada","AUDIT","2751","02.17","2","Normas Complementares do Processo de Auditoria"
"29","Auditoria Privada","AUDIT","6324","02.17.03","3","Normas da CVM"
"29","Auditoria Privada","AUDIT","6326","02.17.05","3","Normas de Auditoria da ISO "
"29","Auditoria Privada","AUDIT","6319","06.02","2","Normas de Auditoria de Enfermagem"
"29","Auditoria Privada","AUDIT","6325","02.17.04","3","Normas de Auditoria de Sistema de Gestão da Qualidade e/ou Ambiental"
"29","Auditoria Privada","AUDIT","6318","06.01","2","Normas de Auditoria do Ministério da Saúde/SUS/DENASUS"
"29","Auditoria Privada","AUDIT","5791","02.01.06","3","Normas de Execução do Trabalho do Auditor Independente"
"29","Auditoria Privada","AUDIT","6322","02.17.01","3","Normas do BACEN"
"29","Auditoria Privada","AUDIT","3848","03.04","2","Normas Internacionais de Auditoria Interna (IIA)"
"29","Auditoria Privada","AUDIT","2732","02.01","2","Normas Profissionais do Auditor Independente"
"29","Auditoria Privada","AUDIT","3847","03.03","2","Normas Profissionais do Auditor Interno (NBC PI 01)"
"29","Auditoria Privada","AUDIT","3846","03.02","2","Normas Técnicas do Auditor Interno (NBC TI 01 - ex NBC-T-12)"
"29","Auditoria Privada","AUDIT","5786","02.01.01","3","Objetivos Gerais do Auditor"
"29","Auditoria Privada","AUDIT","2746","02.15","2","Opinião do Auditor Independente/Relatórios e Pareceres de Auditoria"
"29","Auditoria Privada","AUDIT","6327","02.17.06","3","Outras Normas de Auditoria"
"29","Auditoria Privada","AUDIT","2794","05","1","Perícia Contábil"
"29","Auditoria Privada","AUDIT","2733","02.02","2","Planejamento de Auditoria Independente"
"29","Auditoria Privada","AUDIT","5787","02.01.02","3","Princípios Éticos do Auditor"
"29","Auditoria Privada","AUDIT","2742","02.11","2","Representações Formais/Carta de Responsabilidade"
"29","Auditoria Privada","AUDIT","2750","02.16","2","Testes em Áreas Específicas das Demonstrações Contábeis"
"29","Auditoria Privada","AUDIT","2736","02.05","2","Testes e Procedimentos em Auditoria"
"29","Auditoria Privada","AUDIT","2740","02.09","2","Transações com Partes Relacionadas (Auditoria)"
"29","Auditoria Privada","AUDIT","2741","02.10","2","Transações e Eventos Subsequentes (Auditoria)"
"29","Auditoria Privada","AUDIT","2744","02.13","2","Utilização do Trabalho de Outros Profissionais (Auditoria)"
"33","Economia e Finanças Públicas","ECOFIN","5155","05.01.02","3","Adam Smith"
"33","Economia e Finanças Públicas","ECOFIN","10337","06.05","2","A Economia da Década de 60 e do Regime Militar"
"33","Economia e Finanças Públicas","ECOFIN","1716","06.14.01","3","Antecedentes e Implantação"
"33","Economia e Finanças Públicas","ECOFIN","1654","02.03","2","Balanço de Pagamentos"
"33","Economia e Finanças Públicas","ECOFIN","1586","04.01","2","Bem Estar e Funções do Governo"
"33","Economia e Finanças Públicas","ECOFIN","1638","01.10.01","3","Bens Públicos (Economia)"
"33","Economia e Finanças Públicas","ECOFIN","1731","07.04.03","3","Capital Humano"
"33","Economia e Finanças Públicas","ECOFIN","1691","02.18.04","3","Ciclos Reais de Negócios"
"33","Economia e Finanças Públicas","ECOFIN","5149","03.04","2","Comercio Internacional e Competição Imperfeita"
"33","Economia e Finanças Públicas","ECOFIN","1607","01.01.01","3","Conceito de Economia"
"33","Economia e Finanças Públicas","ECOFIN","1649","02.01","2","Conceitos Básicos da Macroeconomia: Objetivos e Tipos de Mercados"
"33","Economia e Finanças Públicas","ECOFIN","5277","09.01","2","Conceitos Básicos de Estatística e Álgebra Matricial Aplicados ao Modelo de Regressão Linear "
"33","Economia e Finanças Públicas","ECOFIN","1723","07.01","2","Conceitos Básicos, Definições e Indicadores do Mercado de Trabalho"
"33","Economia e Finanças Públicas","ECOFIN","1606","01.01","2","Conceitos Básicos (Microeconomia)"
"33","Economia e Finanças Públicas","ECOFIN","1651","02.02.01","3","Conceitos e Identidades Macroeconômicos"
"33","Economia e Finanças Públicas","ECOFIN","1629","01.07.05","3","Concorrência Monopolística"
"33","Economia e Finanças Públicas","ECOFIN","1626","01.07.02","3","Concorrência Perfeita"
"33","Economia e Finanças Públicas","ECOFIN","1678","02.14.01","3","Consumo no Modelo Intertemporal"
"33","Economia e Finanças Públicas","ECOFIN","1650","02.02","2","Contas Nacionais"
"33","Economia e Finanças Públicas","ECOFIN","1681","02.15","2","Crescimento Econômico"
"33","Economia e Finanças Públicas","ECOFIN","1683","02.15.02","3","Crescimento Endógeno e Outros Modelos"
"33","Economia e Finanças Públicas","ECOFIN","1706","06.10","2","Crise da Dívida Externa"
"33","Economia e Finanças Públicas","ECOFIN","1721","06.17","2","Crise Financeira de 2008"
"33","Economia e Finanças Públicas","ECOFIN","1717","06.14.02","3","Crises Cambiais Enfrentadas"
"33","Economia e Finanças Públicas","ECOFIN","1609","01.01.03","3","Curva de Possibilidades de Produção"
"33","Economia e Finanças Públicas","ECOFIN","1594","04.02.03","3","Curva Reversa (de Laffer)"
"33","Economia e Finanças Públicas","ECOFIN","1669","02.09","2","Curvas de Phillips"
"33","Economia e Finanças Públicas","ECOFIN","1623","01.06","2","Custos"
"33","Economia e Finanças Públicas","ECOFIN","5156","05.01.03","3","David Ricardo"
"33","Economia e Finanças Públicas","ECOFIN","1610","01.02","2","Demanda e Oferta"
"33","Economia e Finanças Públicas","ECOFIN","1660","02.06.02","3","Demanda por Moeda"
"33","Economia e Finanças Públicas","ECOFIN","1724","07.02","2","Demanda por Trabalho"
"33","Economia e Finanças Públicas","ECOFIN","1699","06.03.02","3","Depressão dos Anos 1930"
"33","Economia e Finanças Públicas","ECOFIN","1733","07.05","2","Desemprego"
"33","Economia e Finanças Públicas","ECOFIN","4261","08","1","Desenvolvimento Econômico e Distribuição de Renda"
"33","Economia e Finanças Públicas","ECOFIN","1676","02.13","2","Determinantes do Investimento"
"33","Economia e Finanças Públicas","ECOFIN","1732","07.04.04","3","Discriminação e Segmentação no Mercado de Trabalho"
"33","Economia e Finanças Públicas","ECOFIN","1595","04.03","2","Dívida Pública, NFSP e Tipos de Déficit Público no Brasil"
"33","Economia e Finanças Públicas","ECOFIN","5276","09","1","Econometria"
"33","Economia e Finanças Públicas","ECOFIN","5286","09.10","2","Econometria de Séries Temporais: Conceitos Básicos"
"33","Economia e Finanças Públicas","ECOFIN","5287","09.11","2","Econometria de Séries Temporais: Modelagem ARIMA e Extensões"
"33","Economia e Finanças Públicas","ECOFIN","1667","02.07.02","3","Economia Aberta (Modelo Mundell-Flemming)"
"33","Economia e Finanças Públicas","ECOFIN","1694","06.01.01","3","Economia Açucareira"
"33","Economia e Finanças Públicas","ECOFIN","1692","06","1","Economia Brasileira"
"33","Economia e Finanças Públicas","ECOFIN","1718","06.13","2","Economia Brasileira na Década de 1990"
"33","Economia e Finanças Públicas","ECOFIN","6607","06.11.01","3","Economia Brasileira na Década de 80 (a ""Década Perdida"")"
"33","Economia e Finanças Públicas","ECOFIN","4334","02.04","2","Economia Clássica"
"33","Economia e Finanças Públicas","ECOFIN","12350","01.04.06","3","Economia Comportamental"
"33","Economia e Finanças Públicas","ECOFIN","9565","10","1","Economia Doméstica"
"33","Economia e Finanças Públicas","ECOFIN","1722","07","1","Economia do Trabalho"
"33","Economia e Finanças Públicas","ECOFIN","1666","02.07.01","3","Economia Fechada"
"33","Economia e Finanças Públicas","ECOFIN","5145","03","1","Economia Internacional"
"33","Economia e Finanças Públicas","ECOFIN","1677","02.14","2","Economia Intertemporal"
"33","Economia e Finanças Públicas","ECOFIN","9594","06.03.03","3","Economia no Pós-Guerra"
"33","Economia e Finanças Públicas","ECOFIN","5153","05.01","2","Economia Politica Clássica"
"33","Economia e Finanças Públicas","ECOFIN","5151","03.06","2","Economia Politica do Comercio Internacional"
"33","Economia e Finanças Públicas","ECOFIN","5158","05.02","2","Economia (Politica) Moderna "
"33","Economia e Finanças Públicas","ECOFIN","1620","01.04.04","3","Efeitos Renda e Substituição"
"33","Economia e Finanças Públicas","ECOFIN","1633","01.09","2","Eficiência e Equilíbrio Geral"
"33","Economia e Finanças Públicas","ECOFIN","1636","01.09.03","3","Eficiência na Produção"
"33","Economia e Finanças Públicas","ECOFIN","1635","01.09.02","3","Eficiência nas Trocas"
"33","Economia e Finanças Públicas","ECOFIN","1634","01.09.01","3","Eficiência (ou Ótimo) de Pareto"
"33","Economia e Finanças Públicas","ECOFIN","1614","01.03.03","3","Elasticidade Preço Cruzada"
"33","Economia e Finanças Públicas","ECOFIN","1612","01.03.01","3","Elasticidade Preço da Demanda"
"33","Economia e Finanças Públicas","ECOFIN","1615","01.03.04","3","Elasticidade Preço da Oferta"
"33","Economia e Finanças Públicas","ECOFIN","1613","01.03.02","3","Elasticidade Renda da Demanda"
"33","Economia e Finanças Públicas","ECOFIN","1611","01.03","2","Elasticidades"
"33","Economia e Finanças Públicas","ECOFIN","1619","01.04.03","3","Equilíbrio do Consumidor"
"33","Economia e Finanças Públicas","ECOFIN","1680","02.14.03","3","Equivalência Ricardiana"
"33","Economia e Finanças Públicas","ECOFIN","1608","01.01.02","3","Escassez, Escolha e Custo de Oportunidade"
"33","Economia e Finanças Públicas","ECOFIN","1621","01.04.05","3","Escolha Envolvendo Risco (Incerteza)"
"33","Economia e Finanças Públicas","ECOFIN","1624","01.07","2","Estruturas de Mercado"
"33","Economia e Finanças Públicas","ECOFIN","1684","02.16","2","Expectativas Racionais"
"33","Economia e Finanças Públicas","ECOFIN","1639","01.10.02","3","Externalidades"
"33","Economia e Finanças Públicas","ECOFIN","1637","01.10","2","Falhas de Mercado"
"33","Economia e Finanças Públicas","ECOFIN","1596","04.04","2","Federalismo Fiscal"
"33","Economia e Finanças Públicas","ECOFIN","3814","04","1","Finanças Públicas"
"33","Economia e Finanças Públicas","ECOFIN","1598","04.06","2","Finanças Públicas no Brasil: Experiências Recentes"
"33","Economia e Finanças Públicas","ECOFIN","1659","02.06.01","3","Funções e Atributos da Moeda"
"33","Economia e Finanças Públicas","ECOFIN","5164","05.02.06","3","Fundamentos da Moderna Macroeconomia"
"33","Economia e Finanças Públicas","ECOFIN","1711","06.12","2","Governo Collor"
"33","Economia e Finanças Públicas","ECOFIN","1720","06.16","2","Governo Lula"
"33","Economia e Finanças Públicas","ECOFIN","1707","06.11","2","Governo Sarney e os Planos Econômicos da Década Perdida (1980)"
"33","Economia e Finanças Públicas","ECOFIN","4246","06.18","2","Governos Dilma Rousseff e Michel Temer"
"33","Economia e Finanças Públicas","ECOFIN","1597","04.05","2","Hipóteses Teóricas do Crescimento das Despesas Públicas"
"33","Economia e Finanças Públicas","ECOFIN","5152","05","1","História da Economia"
"33","Economia e Finanças Públicas","ECOFIN","1686","02.18","2","História do Pensamento Econômico"
"33","Economia e Finanças Públicas","ECOFIN","1645","01.11","2","Incidência Tributária - Impacto da Carga Tributária sobre a Economia"
"33","Economia e Finanças Públicas","ECOFIN","4262","08.01","2","Indicadores do Desenvolvimento Econômico"
"33","Economia e Finanças Públicas","ECOFIN","1604","08.02","2","Indicadores Sociais e Desigualdades Regionais"
"33","Economia e Finanças Públicas","ECOFIN","1671","02.10","2","Inflação"
"33","Economia e Finanças Públicas","ECOFIN","1640","01.10.03","3","Informações Assimétricas"
"33","Economia e Finanças Públicas","ECOFIN","1698","06.03.01","3","Início da Industrialização"
"33","Economia e Finanças Públicas","ECOFIN","1734","07.06","2","Instituições e Intervenção Governamental no Mercado de Trabalho"
"33","Economia e Finanças Públicas","ECOFIN","5150","03.05","2","Instrumentos de Politica Internacional"
"33","Economia e Finanças Públicas","ECOFIN","5163","05.02.05","3","John M. Keynes"
"33","Economia e Finanças Públicas","ECOFIN","5157","05.01.04","3","Karl Marx"
"33","Economia e Finanças Públicas","ECOFIN","1600","04.06.02","3","Liberalismo Fiscal e Privatização"
"33","Economia e Finanças Públicas","ECOFIN","1648","02","1","Macroeconomia"
"33","Economia e Finanças Públicas","ECOFIN","5159","05.02.01","3","Marginalistas (Primeira Geração)"
"33","Economia e Finanças Públicas","ECOFIN","5160","05.02.02","3","Marginalistas (Segunda Geração)"
"33","Economia e Finanças Públicas","ECOFIN","1632","01.08","2","Mercado de Fatores de Produção"
"33","Economia e Finanças Públicas","ECOFIN","5154","05.01.01","3","Mercantilismo"
"33","Economia e Finanças Públicas","ECOFIN","1605","01","1","Microeconomia"
"33","Economia e Finanças Públicas","ECOFIN","1704","06.08","2","Milagre Econômico"
"33","Economia e Finanças Públicas","ECOFIN","1695","06.01.02","3","Mineração"
"33","Economia e Finanças Públicas","ECOFIN","1687","02.18.01","3","Modelo Clássico (Pensamento Econômico)"
"33","Economia e Finanças Públicas","ECOFIN","1725","07.02.01","3","Modelo Competitivo"
"33","Economia e Finanças Públicas","ECOFIN","1668","02.08","2","Modelo de Oferta e Demanda Agregada (OA-DA) de Determinação da Renda e dos Preços"
"33","Economia e Finanças Públicas","ECOFIN","5279","09.03","2","Modelo de Regressão com Variáveis Binárias (Variáveis Dummy)"
"33","Economia e Finanças Públicas","ECOFIN","5278","09.02","2","Modelo de Regressão Linear Clássico (MQO e Verossimilhança)"
"33","Economia e Finanças Públicas","ECOFIN","1682","02.15.01","3","Modelo de Solow"
"33","Economia e Finanças Públicas","ECOFIN","5147","03.02","2","Modelo Heckscher-Ohlin"
"33","Economia e Finanças Públicas","ECOFIN","1665","02.07","2","Modelo IS-LM de Determinação da Renda e dos Juros"
"33","Economia e Finanças Públicas","ECOFIN","1655","02.05","2","Modelo Keynesiano"
"33","Economia e Finanças Públicas","ECOFIN","1726","07.02.02","3","Modelo Não Competitivo"
"33","Economia e Finanças Públicas","ECOFIN","5148","03.03","2","Modelo Padrão de Comercio Internacional"
"33","Economia e Finanças Públicas","ECOFIN","5146","03.01","2","Modelo Ricardiano de Vantagens Comparativas"
"33","Economia e Finanças Públicas","ECOFIN","5284","09.08","2","Modelos Autorregressivos e com Defasagens Distribuídas"
"33","Economia e Finanças Públicas","ECOFIN","5285","09.09","2","Modelos de Equações Simultâneas (MQI, MQ2E, MQ3E, etc.)"
"33","Economia e Finanças Públicas","ECOFIN","5282","09.06","2","Modelos de Escolha Qualitativa (Logit, Probit, Tobit, etc.)"
"33","Economia e Finanças Públicas","ECOFIN","5283","09.07","2","Modelos de Regressão com Dados em Painel"
"33","Economia e Finanças Públicas","ECOFIN","5281","09.05","2","Modelos de Regressão Não Lineares"
"33","Economia e Finanças Públicas","ECOFIN","1658","02.06","2","Moeda"
"33","Economia e Finanças Públicas","ECOFIN","1627","01.07.03","3","Monopólio"
"33","Economia e Finanças Públicas","ECOFIN","1631","01.07.06","3","Monopsônio e Outros"
"33","Economia e Finanças Públicas","ECOFIN","1662","02.06.04","3","Multiplicador Monetário"
"33","Economia e Finanças Públicas","ECOFIN","1689","02.18.02","3","Novos Clássicos (Pensamento Econômico)"
"33","Economia e Finanças Públicas","ECOFIN","1690","02.18.03","3","Novos Keynesianos"
"33","Economia e Finanças Públicas","ECOFIN","1661","02.06.03","3","Oferta de Moeda e Agregados Monetários"
"33","Economia e Finanças Públicas","ECOFIN","1727","07.03","2","Oferta de Trabalho"
"33","Economia e Finanças Públicas","ECOFIN","1628","01.07.04","3","Oligopólio"
"33","Economia e Finanças Públicas","ECOFIN","1735","07.07","2","O Mercado de Trabalho no Brasil"
"33","Economia e Finanças Públicas","ECOFIN","1728","07.04","2","Os Diferenciais de Salário"
"33","Economia e Finanças Públicas","ECOFIN","1703","06.07","2","PAEG"
"33","Economia e Finanças Públicas","ECOFIN","1602","04.07","2","Parceria Público-Privada"
"33","Economia e Finanças Públicas","ECOFIN","1693","06.01","2","Período Colonial (Economia Brasileira)"
"33","Economia e Finanças Públicas","ECOFIN","5162","05.02.04","3","Pioneirismo Macroeconômico"
"33","Economia e Finanças Públicas","ECOFIN","1709","06.11.03","3","Plano Bresser"
"33","Economia e Finanças Públicas","ECOFIN","1712","06.12.01","3","Plano Collor I"
"33","Economia e Finanças Públicas","ECOFIN","1713","06.12.02","3","Plano Collor II"
"33","Economia e Finanças Públicas","ECOFIN","1708","06.11.02","3","Plano Cruzado"
"33","Economia e Finanças Públicas","ECOFIN","1701","06.04","2","Plano de Metas e o Governo JK"
"33","Economia e Finanças Públicas","ECOFIN","1715","06.14","2","Plano Real"
"33","Economia e Finanças Públicas","ECOFIN","1705","06.09","2","Planos Nacionais de Desenvolvimento (PNDs)"
"33","Economia e Finanças Públicas","ECOFIN","1702","06.06","2","Plano Trienal"
"33","Economia e Finanças Públicas","ECOFIN","1710","06.11.04","3","Plano Verão"
"33","Economia e Finanças Públicas","ECOFIN","1673","02.11.01","3","Política Fiscal"
"33","Economia e Finanças Públicas","ECOFIN","1674","02.11.02","3","Política Monetária"
"33","Economia e Finanças Públicas","ECOFIN","1979","01.14","2","Políticas de Comércio Internacional"
"33","Economia e Finanças Públicas","ECOFIN","1672","02.11","2","Políticas de Governo ou Atuação do Estado na Economia"
"33","Economia e Finanças Públicas","ECOFIN","1618","01.04.02","3","Preferências e Curvas de Indiferença"
"33","Economia e Finanças Públicas","ECOFIN","1697","06.03","2","Primeira Metade do Século XX (Economia Brasileira)"
"33","Economia e Finanças Públicas","ECOFIN","1642","04.02.01","3","Princípios Teóricos da Tributação"
"33","Economia e Finanças Públicas","ECOFIN","1622","01.05","2","Produção"
"33","Economia e Finanças Públicas","ECOFIN","1653","02.02.02","3","Produto Nominal X Produto Real (Deflator do PIB)"
"33","Economia e Finanças Públicas","ECOFIN","1601","04.06.03","3","Reforma do Estado (Administrativa e Previdenciária)"
"33","Economia e Finanças Públicas","ECOFIN","1599","04.06.01","3","Reforma Fiscal"
"33","Economia e Finanças Públicas","ECOFIN","1700","06.03.04","3","Reformas de Getúlio Vargas"
"33","Economia e Finanças Públicas","ECOFIN","1675","02.12","2","Regimes Cambiais"
"33","Economia e Finanças Públicas","ECOFIN","1679","02.14.02","3","Restrição Intertemporal do Governo"
"33","Economia e Finanças Públicas","ECOFIN","1617","01.04.01","3","Restrição Orçamentária"
"33","Economia e Finanças Públicas","ECOFIN","1729","07.04.01","3","Salário Compensatório"
"33","Economia e Finanças Públicas","ECOFIN","1730","07.04.02","3","Salários de Eficiência"
"33","Economia e Finanças Públicas","ECOFIN","1696","06.02","2","Século XIX (Economia Cafeeira, Escravismo e Início da Industrialização)"
"33","Economia e Finanças Públicas","ECOFIN","1719","06.15","2","Segundo Mandato do Governo FHC"
"33","Economia e Finanças Públicas","ECOFIN","1827","03.07","2","Sistema Financeiro e Monetário Internacional"
"33","Economia e Finanças Públicas","ECOFIN","1647","01.13","2","Teoria da Regulação"
"33","Economia e Finanças Públicas","ECOFIN","1616","01.04","2","Teoria do Consumidor"
"33","Economia e Finanças Públicas","ECOFIN","1685","02.17","2","Teoria dos Ciclos Econômicos Reais"
"33","Economia e Finanças Públicas","ECOFIN","1646","01.12","2","Teoria dos Jogos"
"33","Economia e Finanças Públicas","ECOFIN","1663","02.06.05","3","Teoria Quantitativa da Moeda"
"33","Economia e Finanças Públicas","ECOFIN","4263","08.03","2","Teorias do Desenvolvimento Econômico"
"33","Economia e Finanças Públicas","ECOFIN","1625","01.07.01","3","Tipos de Estrutura"
"33","Economia e Finanças Públicas","ECOFIN","1643","04.02.02","3","Tipos de Impostos"
"33","Economia e Finanças Públicas","ECOFIN","1641","04.02","2","Tributação - Financiamento dos Gastos Públicos"
"33","Economia e Finanças Públicas","ECOFIN","5161","05.02.03","3","Utilitaristas"
"33","Economia e Finanças Públicas","ECOFIN","5280","09.04","2","Violação das Premissas Clássicas (Heterocedasticidade, Autocorrelação e Multicolinearidade)"
"37","Auditoria Governamental e Controle","AUDIT+CTREXT","3285","01.03","2","Abrangência do Controle (art. 70 da CF)"
"37","Auditoria Governamental e Controle","AUDIT+CTREXT","1994","04.05","2","Acórdãos e Decisões do TCU"
"37","Auditoria Governamental e Controle","AUDIT+CTREXT","1831","05.08","2","Adiantamentos (TCEs e TCMs)"
"37","Auditoria Governamental e Controle","AUDIT+CTREXT","1568","03.09","2","Atividade de Registro (TCU)"
"37","Auditoria Governamental e Controle","AUDIT+CTREXT","1830","05.07","2","Atividades de Registro (TCEs e TCMs)"
"37","Auditoria Governamental e Controle","AUDIT+CTREXT","8605","11.05.10","3","Auditoria de Regularidade (Conformidade, Contábil, Financeira, etc)"
"37","Auditoria Governamental e Controle","AUDIT+CTREXT","8606","11.05.10.01","4","Auditoria de Regularidade: Propósito, Características, Contexto"
"37","Auditoria Governamental e Controle","AUDIT+CTREXT","1555","05.05","2","Auditoria e Fiscalização (TCEs e TCMs)"
"37","Auditoria Governamental e Controle","AUDIT+CTREXT","2761","11","1","Auditoria Governamental"
"37","Auditoria Governamental e Controle","AUDIT+CTREXT","8604","11.05.09","3","Auditoria Operacional"
"37","Auditoria Governamental e Controle","AUDIT+CTREXT","8582","11.05.03","3","Classificação dos Tipos de Auditoria"
"37","Auditoria Governamental e Controle","AUDIT+CTREXT","1573","03.02","2","Competência do TCU"
"37","Auditoria Governamental e Controle","AUDIT+CTREXT","1580","05.01","2","Competência e Atribuições (TCEs e TCMs)"
"37","Auditoria Governamental e Controle","AUDIT+CTREXT","1561","03.04","2","Composição do TCU (CF, LO e RI)"
"37","Auditoria Governamental e Controle","AUDIT+CTREXT","4272","05.02","2","Composição e Organização (TCEs e TCMs)"
"37","Auditoria Governamental e Controle","AUDIT+CTREXT","1438","05.12","2","Comunicações (TCEs e TCMs)"
"37","Auditoria Governamental e Controle","AUDIT+CTREXT","8575","11.01","2","Conceitos Básicos de Auditoria Governamental (ISSAI 1, seção 2; NAGs, 1101 -1124)"
"37","Auditoria Governamental e Controle","AUDIT+CTREXT","8583","11.05.04","3","Condições Prévias para Auditoria (ISSAI 200, itens 18-26)"
"37","Auditoria Governamental e Controle","AUDIT+CTREXT","1820","05.09","2","Consultas (TCEs e TCMs)"
"37","Auditoria Governamental e Controle","AUDIT+CTREXT","3852","02.02.01","3","Controladoria-Geral da União (CGU)"
"37","Auditoria Governamental e Controle","AUDIT+CTREXT","3286","01","1","Controle (Aspectos Gerais)"
"37","Auditoria Governamental e Controle","AUDIT+CTREXT","1546","01.01","2","Controle - Conceitos, Tipos e Sistemas"
"37","Auditoria Governamental e Controle","AUDIT+CTREXT","8595","11.05.10.08","4","Controle de Qualidade da Auditoria Governamental"
"37","Auditoria Governamental e Controle","AUDIT+CTREXT","3849","02.03","2","Controle Interno Estadual"
"37","Auditoria Governamental e Controle","AUDIT+CTREXT","7874","02.02","2","Controle Interno Federal"
"37","Auditoria Governamental e Controle","AUDIT+CTREXT","7873","02","1","Controle Interno Governamental"
"37","Auditoria Governamental e Controle","AUDIT+CTREXT","3850","02.04","2","Controle Interno Municipal"
"37","Auditoria Governamental e Controle","AUDIT+CTREXT","1551","02.01","2","Controle Interno na Constituição Federal"
"37","Auditoria Governamental e Controle","AUDIT+CTREXT","8591","11.05.10.04","4","Critérios de Auditoria de Regularidade"
"37","Auditoria Governamental e Controle","AUDIT+CTREXT","13907","02.03.24.04","4","Decreto Estadual nº 1.007/2016 - Regulamenta os §§ 1º e 3º do art. 1º da Lei nº 13.303/2016 (SC)"
"37","Auditoria Governamental e Controle","AUDIT+CTREXT","13913","02.03.24.05","4","Decreto Estadual nº 1.106/2017 - Regulamenta a Lei Federal nº 12.846/2013 (SC)"
"37","Auditoria Governamental e Controle","AUDIT+CTREXT","13909","02.03.24.06","4","Decreto Estadual nº 1.322/2017 - Normas Relativas ao Regime de Adiantamento (SC)"
"37","Auditoria Governamental e Controle","AUDIT+CTREXT","13911","02.03.24.07","4","Decreto Estadual nº 1.323/2012 - Classificação da Despesa Pública (SC)"
"37","Auditoria Governamental e Controle","AUDIT+CTREXT","13908","02.03.24.08","4","Decreto Estadual nº 1.886/2013 - Fase Interna do Procedimento de Tomada de Contas Especial (SC)"
"37","Auditoria Governamental e Controle","AUDIT+CTREXT","13914","02.03.24.09","4","Decreto Estadual nº 1.933/2022 - Sistema Administrativo de Controle Interno e Ouvidoria (SC)"
"37","Auditoria Governamental e Controle","AUDIT+CTREXT","18280","02.03.06.29","4","Decreto Estadual nº 33.805/2020 - Política de Gestão de Riscos do Poder Executivo (CE)"
"37","Auditoria Governamental e Controle","AUDIT+CTREXT","4874","02.03.06.30","4","Decreto Estadual nº 34.597/2022 - Sistema de Correição dos Agentes Públicos no Âmbito do Poder Executivo (CE)"
"37","Auditoria Governamental e Controle","AUDIT+CTREXT","18279","02.03.06.31","4","Decreto Estadual nº 34.814/2022 - Regulamenta o Programa de Integridade criado pela Lei Estadual nº 16.717/2018 (CE)"
"37","Auditoria Governamental e Controle","AUDIT+CTREXT","8144","02.03.06.32","4","Decreto Estadual nº 36.902/2025 - Rede de Gestão do Sistema de Correição do Poder Executivo - REGEC (CE)"
"37","Auditoria Governamental e Controle","AUDIT+CTREXT","15790","02.03.19.02","4","Decreto Estadual nº 46.873/2019 - Sistema de Controle Interno do Poder Executivo Estadual (CGE-RJ)"
"37","Auditoria Governamental e Controle","AUDIT+CTREXT","17702","02.03.08.04","4","Decreto Estadual nº 4.729-R/2020 - Termo de Ajustaento de Conduta - TAC (ES)"
"37","Auditoria Governamental e Controle","AUDIT+CTREXT","16822","02.03.21.02","4","Decreto Estadual nº 53.523/2017 - Política de Dados Abertos do Poder Executivo Estadual (RS)"
"37","Auditoria Governamental e Controle","AUDIT+CTREXT","16820","02.03.21.03","4","Decreto Estadual nº 55.631/2020 - Regulamenta a Responsabilização Objetiva Administrativa de Pessoas Jurídicas pela Prática de Atos Ilícitos contra a Administração Pública Estadual (RS)"
"37","Auditoria Governamental e Controle","AUDIT+CTREXT","16821","02.03.21.04","4","Decreto Estadual nº 56.237/2021 - Sistema e Política de Governança, Gestão e Integridade do Poder Executivo (RS)"
"37","Auditoria Governamental e Controle","AUDIT+CTREXT","16819","02.03.21.05","4","Decreto Estadual nº 56.703/2022 - Sistema de Controle Interno do Estado (RS)"
"37","Auditoria Governamental e Controle","AUDIT+CTREXT","17627","02.03.25.30","4","Decreto Estadual nº 67.683/2023 - Plano Estadual de Promoção de Integridade (SP)"
"37","Auditoria Governamental e Controle","AUDIT+CTREXT","17630","02.03.25.31","4","Decreto Estadual nº 69.122/2024 - Apuração Preliminar e TAC, referentes aos artigos 265 e 267-E a 267-M da Lei nº 10.261/2024, e Apuração Preliminar atinente à Assédio Moral, Sexual e Outros (SP)"
"37","Auditoria Governamental e Controle","AUDIT+CTREXT","17628","02.03.25.32","4","Decreto Estadual nº 69.183/2024 - Estrutura Organizacional e Quadro Demonstrativo dos Cargos em Comissão e das Funções de Confiança da Controladoria Geral do Estado (SP)"
"37","Auditoria Governamental e Controle","AUDIT+CTREXT","13912","02.03.24.02","4","Decreto Estadual nº 764/2012 - Classificação das Fontes/Destinações de Recursos para o Estado (SC)"
"37","Auditoria Governamental e Controle","AUDIT+CTREXT","13910","02.03.24.03","4","Decreto Estadual nº 913/2012 - Portal da Transparência Gerenciado pela SEF (SC)"
"37","Auditoria Governamental e Controle","AUDIT+CTREXT","7876","02.02.03","3","Decreto nº 3.591/2000 - Sistema de Controle Interno do Poder Executivo Federal"
"37","Auditoria Governamental e Controle","AUDIT+CTREXT","1823","02.02.04","3","Decreto nº 5.480/2005 - Sistema de Correição do Poder Executivo Federal"
"37","Auditoria Governamental e Controle","AUDIT+CTREXT","2189","02.02.05","3","Decreto nº 9.681/2019 - Estrutura Regimental da CGU"
"37","Auditoria Governamental e Controle","AUDIT+CTREXT","2439","03.06","2","Deliberações, Jurisprudência, Sessões e Processo em Geral (TCU)"
"37","Auditoria Governamental e Controle","AUDIT+CTREXT","1739","04.06","2","Demais Normas do TCU"
"37","Auditoria Governamental e Controle","AUDIT+CTREXT","1559","03.15","2","Eficácia das Decisões do TCU"
"37","Auditoria Governamental e Controle","AUDIT+CTREXT","1822","05.10","2","Eficácia e Execução das Decisões (TCEs e TCMs)"
"37","Auditoria Governamental e Controle","AUDIT+CTREXT","8585","11.05.05","3","Elementos de Auditoria: Auditor, Responsável e Usuários "
"37","Auditoria Governamental e Controle","AUDIT+CTREXT","8577","11.03","2","Entidades de Fiscalização Superior"
"37","Auditoria Governamental e Controle","AUDIT+CTREXT","17701","02.03.08.05","4","Enunciados do Conselho Estadual de Correição (ES)"
"37","Auditoria Governamental e Controle","AUDIT+CTREXT","8598","11.05.12","3","Ética e Sigilo Profissional "
"37","Auditoria Governamental e Controle","AUDIT+CTREXT","8592","11.05.10.05","4","Execução de Auditoria de Regularidade"
"37","Auditoria Governamental e Controle","AUDIT+CTREXT","1569","03.10","2","Fiscalização e Auditorias (TCU)"
"37","Auditoria Governamental e Controle","AUDIT+CTREXT","8593","11.05.10.06","4","Gestão da Equipe "
"37","Auditoria Governamental e Controle","AUDIT+CTREXT","17820","02.03.21.06","4","IN CAGE nº 06/2022 - Documentos Oficiais da CAGE (RS) "
"37","Auditoria Governamental e Controle","AUDIT+CTREXT","16920","02.02.08","3","Instrução Normativa CGU nº 13/2019 - Define os Procedimentos para Apuração da Responsabilidade Administrativa de Pessoas Jurídicas de que trata a Lei nº 12.846/2013"
"37","Auditoria Governamental e Controle","AUDIT+CTREXT","17413","02.02.09","3","Instrução Normativa CGU nº 14/2018 - Regulamento a Atividade Correcional no Sistema de Correição do Poder Executivo Federal de que Trata do Decreto nº 5.480/2005"
"37","Auditoria Governamental e Controle","AUDIT+CTREXT","11160","02.02.10","3","Instrução Normativa CGU nº 24/2015 - PAINT e RAINT"
"37","Auditoria Governamental e Controle","AUDIT+CTREXT","2765","02.02.06","3","Instrução Normativa SFC/MF nº 01/2001 - CGU"
"37","Auditoria Governamental e Controle","AUDIT+CTREXT","7063","02.02.07","3","Instrução Normativa SFC/MTFC nº 03/2017 - Referencial Técnico da Atividade de Auditoria Interna"
"37","Auditoria Governamental e Controle","AUDIT+CTREXT","16860","04.02","2","IN TCU nº 84/2020 - Normas para a Tomada e Prestação de Contas dos Administradores e Responsáveis da Administração Pública Federal"
"37","Auditoria Governamental e Controle","AUDIT+CTREXT","14243","04.01","2","IN TCU nº 98/2024 - Instauração, Organização e Encaminhamento ao TCU dos Processos de Tomada de Contas Especial"
"37","Auditoria Governamental e Controle","AUDIT+CTREXT","8599","11.05.13","3","Julgamento e Ceticismo Profissional "
"37","Auditoria Governamental e Controle","AUDIT+CTREXT","2438","03.01","2","Jurisdição do TCU"
"37","Auditoria Governamental e Controle","AUDIT+CTREXT","1439","05.03","2","Jurisdição (TCEs e TCMs)"
"37","Auditoria Governamental e Controle","AUDIT+CTREXT","13260","02.03.07","3","Legislação de Controle Interno do DF"
"37","Auditoria Governamental e Controle","AUDIT+CTREXT","15785","02.03.15","3","Legislação de Controle Interno do Estado da PB"
"37","Auditoria Governamental e Controle","AUDIT+CTREXT","13262","02.03.09","3","Legislação de Controle Interno do Estado de GO"
"37","Auditoria Governamental e Controle","AUDIT+CTREXT","13266","02.03.13","3","Legislação de Controle Interno do Estado de MG"
"37","Auditoria Governamental e Controle","AUDIT+CTREXT","18263","02.03.23","3","Legislação de Controle Interno do Estado de RR"
"37","Auditoria Governamental e Controle","AUDIT+CTREXT","13272","02.03.24","3","Legislação de Controle Interno do Estado de SC"
"37","Auditoria Governamental e Controle","AUDIT+CTREXT","13273","02.03.25","3","Legislação de Controle Interno do Estado de SP"
"37","Auditoria Governamental e Controle","AUDIT+CTREXT","13258","02.03.01","3","Legislação de Controle Interno do Estado do AC"
"37","Auditoria Governamental e Controle","AUDIT+CTREXT","13259","02.03.04","3","Legislação de Controle Interno do Estado do AM"
"37","Auditoria Governamental e Controle","AUDIT+CTREXT","4877","02.03.06","3","Legislação de Controle Interno do Estado do CE"
"37","Auditoria Governamental e Controle","AUDIT+CTREXT","13261","02.03.08","3","Legislação de Controle Interno do Estado do ES"
"37","Auditoria Governamental e Controle","AUDIT+CTREXT","13263","02.03.10","3","Legislação de Controle Interno do Estado do MA"
"37","Auditoria Governamental e Controle","AUDIT+CTREXT","13265","02.03.12","3","Legislação de Controle Interno do Estado do MS"
"37","Auditoria Governamental e Controle","AUDIT+CTREXT","13264","02.03.11","3","Legislação de Controle Interno do Estado do MT"
"37","Auditoria Governamental e Controle","AUDIT+CTREXT","13267","02.03.14","3","Legislação de Controle Interno do Estado do PA"
"37","Auditoria Governamental e Controle","AUDIT+CTREXT","13268","02.03.17","3","Legislação de Controle Interno do Estado do PE"
"37","Auditoria Governamental e Controle","AUDIT+CTREXT","13269","02.03.18","3","Legislação de Controle Interno do Estado do PI"
"37","Auditoria Governamental e Controle","AUDIT+CTREXT","13270","02.03.19","3","Legislação de Controle Interno do Estado do RJ"
"37","Auditoria Governamental e Controle","AUDIT+CTREXT","13271","02.03.20","3","Legislação de Controle Interno do Estado do RN"
"37","Auditoria Governamental e Controle","AUDIT+CTREXT","16818","02.03.21","3","Legislação de Controle Interno do Estado do RS"
"37","Auditoria Governamental e Controle","AUDIT+CTREXT","13274","02.03.21.01","4","Lei Complementar Estadual nº 13.451/2010 - Lei Orgânica da Contadoria e Auditoria-Geral do Estado (RS)"
"37","Auditoria Governamental e Controle","AUDIT+CTREXT","17629","02.03.25.01","4","Lei Complementar Estadual nº 1.419/2024 - Reorganização da CGE, Instituição da Carreira de Auditor Estadual de Controle, do Quadro da CGE (SP)"
"37","Auditoria Governamental e Controle","AUDIT+CTREXT","17698","02.03.08.01","4","Lei Complementar Estadual nº 847/2017 - Sistema de Correição do Poder Executivo do Estado (ES)"
"37","Auditoria Governamental e Controle","AUDIT+CTREXT","17699","02.03.08.02","4","Lei Complementar Estadual nº 856/2017 - Reorganização da Estrutura Organizacional da SECONT (ES)"
"37","Auditoria Governamental e Controle","AUDIT+CTREXT","17631","02.03.25.10","4","Lei Estadual nº 10.320/1968 - Sistemas de Controle Interno da Gestão Financeira e Orçamentário do Estado (SP)"
"37","Auditoria Governamental e Controle","AUDIT+CTREXT","13437","02.03.24.01","4","Lei Estadual nº 17.715/2019 - Programa de Integridade e Compliance da Administração Pública Estadual (SC)"
"37","Auditoria Governamental e Controle","AUDIT+CTREXT","15791","02.03.19.01","4","Lei Estadual nº 7.989/2018 - Sistema de Controle Interno, Cria a CGE-RJ e o FACI-RJ, Organiza as Carreiras e Outros"
"37","Auditoria Governamental e Controle","AUDIT+CTREXT","17703","02.03.08.03","4","Lei Estadual nº 9.938/2012 - Sistema de Controle Interno (ES)"
"37","Auditoria Governamental e Controle","AUDIT+CTREXT","5665","02.02.02","3","Lei nº 14.600/2023 - Da Controladoria-Geral da União (art. 49)"
"37","Auditoria Governamental e Controle","AUDIT+CTREXT","15053","04.04","2","Manual de Obras Públicas do TCU"
"37","Auditoria Governamental e Controle","AUDIT+CTREXT","8588","11.05.08","3","Materialidade, Relevância e Identificação de Riscos e Controles"
"37","Auditoria Governamental e Controle","AUDIT+CTREXT","1576","03.13","2","Medidas Cautelares (TCU)"
"37","Auditoria Governamental e Controle","AUDIT+CTREXT","8581","11.05.02","3","Metodologia de Auditoria (ISSAI 1, seção 13; NAGs 4100)"
"37","Auditoria Governamental e Controle","AUDIT+CTREXT","1548","10","1","Ministério Público de Contas"
"37","Auditoria Governamental e Controle","AUDIT+CTREXT","8597","11.05.11","3","Monitoramento das Recomendações e Determinações"
"37","Auditoria Governamental e Controle","AUDIT+CTREXT","1557","01.02","2","Natureza Jurídica e Tipos de Funções dos Tribunais de Contas"
"37","Auditoria Governamental e Controle","AUDIT+CTREXT","1490","02.05","2","NBC T 16.8 - Controle Interno no Setor Público"
"37","Auditoria Governamental e Controle","AUDIT+CTREXT","14595","04","1","Normas e Decisões do TCU"
"37","Auditoria Governamental e Controle","AUDIT+CTREXT","7064","02.00","2","Normas Internacionais sobre Controle Interno (COSO, Intosai)"
"37","Auditoria Governamental e Controle","AUDIT+CTREXT","10284","06","1","Normas sobre Servidores de TCEs e TCMs"
"37","Auditoria Governamental e Controle","AUDIT+CTREXT","8576","11.02","2","Objetivos, Aplicabilidade e Estrutura das Normas de Auditoria Governamental"
"37","Auditoria Governamental e Controle","AUDIT+CTREXT","8590","11.05.10.03","4","Objeto e Escopo de Auditoria de Regularidade"
"37","Auditoria Governamental e Controle","AUDIT+CTREXT","1571","03.05","2","Organização e Funcionamento do TCU (LO e RI TCU)"
"37","Auditoria Governamental e Controle","AUDIT+CTREXT","1572","07","1","Outras Normas e Decisões (TCEs e TCMs)"
"37","Auditoria Governamental e Controle","AUDIT+CTREXT","8601","11.07","2","Outras Questões e Tópicos Mesclados de Auditoria Governamental"
"37","Auditoria Governamental e Controle","AUDIT+CTREXT","7881","02.02.12","3","Outros Normativos da CGU"
"37","Auditoria Governamental e Controle","AUDIT+CTREXT","13915","02.03.24.10","4","Outros Normativos sobre Controle Interno do Estado de SC"
"37","Auditoria Governamental e Controle","AUDIT+CTREXT","17632","02.03.25.99","4","Outros Normativos sobre Controle Interno do Estado de SP"
"37","Auditoria Governamental e Controle","AUDIT+CTREXT","15792","02.03.19.03","4","Outros Tópicos de Legislação de Controle Interno do Estado do RJ"
"37","Auditoria Governamental e Controle","AUDIT+CTREXT","7066","02.06","2","Outros Tópicos e Questões Mescladas sobre Controle Interno Governamental"
"37","Auditoria Governamental e Controle","AUDIT+CTREXT","1558","03.16","2","Outros Tópicos e Questões Mescladas sobre TCU"
"37","Auditoria Governamental e Controle","AUDIT+CTREXT","8589","11.05.10.02","4","Planejamento de Auditoria de Regularidade"
"37","Auditoria Governamental e Controle","AUDIT+CTREXT","16919","02.02.11","3","Portaria Normativa CGU nº 27/2022 - Sistema de Correição e Atividade Correcional nos Órgãos e Entidades do Poder Executivo Federal"
"37","Auditoria Governamental e Controle","AUDIT+CTREXT","3655","04.03","2","Portaria TCU nº 280/2010 - Normas de Auditoria do TCU"
"37","Auditoria Governamental e Controle","AUDIT+CTREXT","1737","08","1","Posição do STF quanto aos Tribunais de Contas"
"37","Auditoria Governamental e Controle","AUDIT+CTREXT","8580","11.05.01","3","Princípios, Propósitos e Abrangência da Auditoria Governamental"
"37","Auditoria Governamental e Controle","AUDIT+CTREXT","4271","05.04","2","Processos de Contas (TCEs e TCMs)"
"37","Auditoria Governamental e Controle","AUDIT+CTREXT","8578","11.04","2","Profissionais de Auditoria Governamental"
"37","Auditoria Governamental e Controle","AUDIT+CTREXT","3630","05.13","2","Recursos (TCEs e TCMs)"
"37","Auditoria Governamental e Controle","AUDIT+CTREXT","1574","03.14","2","Recursos (TCU)"
"37","Auditoria Governamental e Controle","AUDIT+CTREXT","2766","11.05.10.09","4","Relatório, Certificado, Parecer e Nota (Auditoria Governamental)"
"37","Auditoria Governamental e Controle","AUDIT+CTREXT","1738","03.11","2","Representações, Denúncias e Consultas (LO e RI TCU)"
"37","Auditoria Governamental e Controle","AUDIT+CTREXT","3631","05.06","2","Representações e Denúncias (TCEs e TCMs)"
"37","Auditoria Governamental e Controle","AUDIT+CTREXT","17439","11.06","2","Resolução CGPAR nº 48/2023 - Diretrizes e Parâmetros de Governança nas Empresas Estatais Federais"
"37","Auditoria Governamental e Controle","AUDIT+CTREXT","17704","02.03.08.06","4","Resoluções do TCE-ES sobre Controle Interno"
"37","Auditoria Governamental e Controle","AUDIT+CTREXT","17700","02.03.08.07","4","Resoluções Normativas CONSECOR (ES)"
"37","Auditoria Governamental e Controle","AUDIT+CTREXT","8587","11.05.07","3","Risco de Auditoria. Confiança e Asseguração em Auditoria "
"37","Auditoria Governamental e Controle","AUDIT+CTREXT","3628","05.11","2","Sanções (TCEs e TCMs)"
"37","Auditoria Governamental e Controle","AUDIT+CTREXT","1575","03.12","2","Sanções (TCU)"
"37","Auditoria Governamental e Controle","AUDIT+CTREXT","8594","11.05.10.07","4","Supervisão e Revisão de Auditoria "
"37","Auditoria Governamental e Controle","AUDIT+CTREXT","3287","03","1","TCU (CF, LO e RI)"
"37","Auditoria Governamental e Controle","AUDIT+CTREXT","8586","11.05.06","3","Tipos de Trabalho: de Certificação e de Relatório Direto "
"37","Auditoria Governamental e Controle","AUDIT+CTREXT","1563","03.07","2","Tomada e Prestação de Contas. Tomada de Contas Especial. Relatório de Gestão (LO e RI do TCU)"
"37","Auditoria Governamental e Controle","AUDIT+CTREXT","8579","11.05","2","Trabalhos de Auditoria"
"37","Auditoria Governamental e Controle","AUDIT+CTREXT","2082","09","1","Tribunais de Contas e o Controle de Constitucionalidade das Leis"
"37","Auditoria Governamental e Controle","AUDIT+CTREXT","1562","05","1","Tribunais de Contas Estaduais e Municipais (LO e RI)"
"38","Contabilidade de Custos","CUSTOS","1957","06.04","2","Alavancagem Operacional"
"38","Contabilidade de Custos","CUSTOS","1803","02","1","Classificação de Custos: Variável, Fixo, Direto, Indireto, Primário, etc"
"38","Contabilidade de Custos","CUSTOS","7686","08","1","Comparação entre Sistemas e Tópicos mesclados sobre Sistemas de Custeio"
"38","Contabilidade de Custos","CUSTOS","4711","00","1","Contabilidade de Custos, Financeira e Gerencial"
"38","Contabilidade de Custos","CUSTOS","7690","04.02","2","Critérios de Valoração de Estoque (PEPS, UEPS, Média Ponderada, etc)"
"38","Contabilidade de Custos","CUSTOS","1808","06.05","2","Custeio Baseado em Atividades (ABC)"
"38","Contabilidade de Custos","CUSTOS","1807","06.01","2","Custeio Direto/Variável"
"38","Contabilidade de Custos","CUSTOS","7693","06.06","2","Custeio Pleno (RKW)"
"38","Contabilidade de Custos","CUSTOS","1952","03","1","Custeio por Absorção"
"38","Contabilidade de Custos","CUSTOS","1804","03.01","2","Custeio por Absorção: Caso Geral sem Departamentalização"
"38","Contabilidade de Custos","CUSTOS","7694","07","1","Custo Padrão"
"38","Contabilidade de Custos","CUSTOS","1817","09","1","Custos Imputados e Custos Perdidos (Sunk Costs; Custo de Oportunidade)"
"38","Contabilidade de Custos","CUSTOS","1810","06","1","Custos para Decisão"
"38","Contabilidade de Custos","CUSTOS","1802","01","1","Definições - Diferença entre Gastos, Despesas, Custos e Perdas"
"38","Contabilidade de Custos","CUSTOS","1805","03.03","2","Departamentalização"
"38","Contabilidade de Custos","CUSTOS","1955","03.02","2","Equivalente de Produção. Custo por Ordem e por Processo."
"38","Contabilidade de Custos","CUSTOS","1811","06.02","2","Margem de Contribuição"
"38","Contabilidade de Custos","CUSTOS","1809","06.07","2","Markup"
"38","Contabilidade de Custos","CUSTOS","7688","04","1","Materiais Diretos"
"38","Contabilidade de Custos","CUSTOS","7689","04.01","2","Materiais Diretos (Conceito, Classificação, Avaliação pelo VRL ou Custo de Aquisição)"
"38","Contabilidade de Custos","CUSTOS","1813","06.08","2","Método do Ponto de Máximo e de Mínimo (High-Low Method) "
"38","Contabilidade de Custos","CUSTOS","2786","12","1","Outras questões de Contabilidade de Custos"
"38","Contabilidade de Custos","CUSTOS","1812","06.03","2","Ponto de Equilíbrio: Relação Custo/Volume/Resultado"
"38","Contabilidade de Custos","CUSTOS","7520","05","1","Subprodutos, Sucatas e Coprodutos"
"38","Contabilidade de Custos","CUSTOS","6730","06.09","2","Tópicos Mesclados de Custos para Decisão"
"57","Legislação Tributária dos Estados e do Distrito Federal","LTEST","14362","01.01.01","3","Ajuste SINIEF nº 02/2009 - Escrituração Fiscal Digital (EFD)"
"57","Legislação Tributária dos Estados e do Distrito Federal","LTEST","12260","01.01.02","3","Ajuste SINIEF nº 07/2005 - Nota Fiscal Eletrônica e Documento Auxiliar da Nota Fiscal Eletrônica"
"57","Legislação Tributária dos Estados e do Distrito Federal","LTEST","13673","01.01.03","3","Ajuste SINIEF nº 09/2007 - Conhecimento de Transporte Eletrônico e Documento Auxiliar de CT-e"
"57","Legislação Tributária dos Estados e do Distrito Federal","LTEST","13681","01.01.04","3","Ajuste SINIEF nº 15/1970 - Sistema Nacional Integrado de Informações Econômico-Fiscais"
"57","Legislação Tributária dos Estados e do Distrito Federal","LTEST","12261","01.01.05","3","Ajuste SINIEF nº 19/2012 - Procedimentos na Aplicação da Tributação pelo ICMS na Res. SF nº 13/2012"
"57","Legislação Tributária dos Estados e do Distrito Federal","LTEST","17286","01.01.06","3","Ajuste SINIEF nº 19/2016 - Nota Fiscal de Consumidor Eletrônica, Modelo 65, e Documento Auxiliar da Nota Fiscal de Consumidor Eletrônica"
"57","Legislação Tributária dos Estados e do Distrito Federal","LTEST","17287","01.01.07","3","Ajuste SINIEF nº 21/2010 - Manifesto Eletrônico de Documentos Fiscais MDF-e"
"57","Legislação Tributária dos Estados e do Distrito Federal","LTEST","12259","01.01","2","Ajustes SINIEF"
"57","Legislação Tributária dos Estados e do Distrito Federal","LTEST","12045","15.11.06","3","Alíquota (art. 8º da Lei Estadual nº 5.529/1989)"
"57","Legislação Tributária dos Estados e do Distrito Federal","LTEST","17501","10.20.02.02","4","Anexo IX - Dos Benefícios Fiscais (RCTE-GO)"
"57","Legislação Tributária dos Estados e do Distrito Federal","LTEST","13629","18.08.10","3","Anexos da Lei Estadual nº 15.730/2016"
"57","Legislação Tributária dos Estados e do Distrito Federal","LTEST","17498","10.20.02","3","Anexos do RCTE-GO"
"57","Legislação Tributária dos Estados e do Distrito Federal","LTEST","14163","14.06.12","3","Anexos do RICMS-MG"
"57","Legislação Tributária dos Estados e do Distrito Federal","LTEST","13639","18.13.11","3","Anexos do RICMS-PE"
"57","Legislação Tributária dos Estados e do Distrito Federal","LTEST","17121","19.21.13","3","Anexos do RICMS/PI"
"57","Legislação Tributária dos Estados e do Distrito Federal","LTEST","12173","26.09.12","3","Anexos do RICMS-SC"
"57","Legislação Tributária dos Estados e do Distrito Federal","LTEST","17500","10.20.02.01","4","Anexo VIII - Da Substituição Tributária do ICMS (RCTE-GO)"
"57","Legislação Tributária dos Estados e do Distrito Federal","LTEST","17502","10.20.02.03","4","Anexo XII - Das Obrigações Específicas Aplicáveis a Determinadas Operações (RCTE-GO)"
"57","Legislação Tributária dos Estados e do Distrito Federal","LTEST","17503","10.20.02.04","4","Anexo XV - Das Operações e Prestações que Destinem Mercadoria, Bem ou Serviço a Consumidor Final Não Contribuinte Localizado no Estado de Goiás (RCTE-GO)"
"57","Legislação Tributária dos Estados e do Distrito Federal","LTEST","17504","10.20.02.05","4","Anexo XVIII - Do Fornecimento de Informações Prestadas por Instituições e Intermediadores Financeiros e de Pagamento e por Intermediadores de Serviços e Negócios (RCTE-GO)"
"57","Legislação Tributária dos Estados e do Distrito Federal","LTEST","17505","10.20.02.06","4","Anexo XX - Da Apuração e do Pagamento do ICMS DIFAL-SN (RCTE-GO)"
"57","Legislação Tributária dos Estados e do Distrito Federal","LTEST","11990","09.03.01.19","4","Apreensão de Documentário, Mercadoria ou Bem (arts. 68 a 73 da Lei Estadual nº 7.000/2001)"
"57","Legislação Tributária dos Estados e do Distrito Federal","LTEST","17718","25.16.14","3","Arts. 1º a 5º das Disposições Transitórias da Lei Estadual nº 13.296/2008"
"57","Legislação Tributária dos Estados e do Distrito Federal","LTEST","12048","15.11.09","3","Avaliação, PAF e Cobrança Judicial (arts. 12 a 14 da Lei Estadual nº 5.529/1989)"
"57","Legislação Tributária dos Estados e do Distrito Federal","LTEST","12046","15.11.07","3","Base de Cálculo (art. 9º da Lei Estadual nº 5.529/1989)"
"57","Legislação Tributária dos Estados e do Distrito Federal","LTEST","11643","14.01.04","3","Contribuição de Melhoria (arts. 121 ao 126 da Lei nº 6.763/1975)"
"57","Legislação Tributária dos Estados e do Distrito Federal","LTEST","12042","15.11.03","3","Contribuinte e Responsável (arts. 4º e 5º da Lei Estadual nº 5.529/1989)"
"57","Legislação Tributária dos Estados e do Distrito Federal","LTEST","12258","01.02","2","Convênio ICM nº 65/1988 - Isenção de ICMS de Produtos Industrializados na Zona Franca de Manaus"
"57","Legislação Tributária dos Estados e do Distrito Federal","LTEST","12305","01.04","2","Convênio ICMS nº 134/2019 - Ingresso de Produtos Industrializados de Origem Nacional na ZFM e outros"
"57","Legislação Tributária dos Estados e do Distrito Federal","LTEST","12264","01.03","2","Convênio S/Nº, de 15 de Dezembro de 1970 - Sistema Nacional Integrado de Inf. Econômico-Fiscais"
"57","Legislação Tributária dos Estados e do Distrito Federal","LTEST","11644","14.01.05","3","Correção Monetária (arts. 127 a 130 da Lei nº 6.763/1975)"
"57","Legislação Tributária dos Estados e do Distrito Federal","LTEST","14211","14.09.13","3","Da Adjudicação de Bem Móvel ou Imóvel (arts. 200 e 201 do RPTA-MG)"
"57","Legislação Tributária dos Estados e do Distrito Federal","LTEST","11966","09.05.07","3","Da Administração do Imposto (arts. 15 a 32 da Lei Estadual nº 10.011/2013)"
"57","Legislação Tributária dos Estados e do Distrito Federal","LTEST","11957","09.02.02","3","Da Administração do Imposto (arts. 21 a 29 da Lei Estadual nº 6.999/2001)"
"57","Legislação Tributária dos Estados e do Distrito Federal","LTEST","12228","27.30.04","3","Da Administração Pública (arts. 797 a 850 do RICMS-SE)"
"57","Legislação Tributária dos Estados e do Distrito Federal","LTEST","11874","06.01.03","3","Da Administração Tributária (arts. 106 a 121 da Lei Estadual nº 3.956/1981)"
"57","Legislação Tributária dos Estados e do Distrito Federal","LTEST","17251","10.12.02","3","Da Administração Tributária (arts. 127 a 203 da Lei Estadual nº 11.651/1991)"
"57","Legislação Tributária dos Estados e do Distrito Federal","LTEST","12315","04.01.06","3","Da Administração Tributária (arts. 147 a 166 da Lei Estadual nº 400/1997)"
"57","Legislação Tributária dos Estados e do Distrito Federal","LTEST","17781","25.14.07","3","Da Administração Tributária (arts. 25 a 31-A da Lei Estadual nº 10.705/2000)"
"57","Legislação Tributária dos Estados e do Distrito Federal","LTEST","17151","19.04.13","3","Da Administração Tributária (arts. 28 a 36 da Lei Estadual nº 4.261/1989)"
"57","Legislação Tributária dos Estados e do Distrito Federal","LTEST","11946","08.37.03","3","Da Administração Tributária (arts. 347 a 380 do RICMS-DF)"
"57","Legislação Tributária dos Estados e do Distrito Federal","LTEST","11807","03.09.11","3","Da Administração Tributária (arts. 37 a 44 do RITCD-AL)"
"57","Legislação Tributária dos Estados e do Distrito Federal","LTEST","17771","25.31.13","3","Da Administração Tributária (arts. 42 a 47 do RITCMD-SP)"
"57","Legislação Tributária dos Estados e do Distrito Federal","LTEST","17669","25.12.04","3","Da Administração Tributária (arts. 72 a 84-B da Lei Estadual nº 6.374/1989)"
"57","Legislação Tributária dos Estados e do Distrito Federal","LTEST","12029","15.42.04","3","Da Alíquota (art. 15 do RIPVA-PA)"
"57","Legislação Tributária dos Estados e do Distrito Federal","LTEST","11978","09.03.01.07","4","Da Alíquota (arts. 20 e 21 da Lei Estadual nº 7.000/2001)"
"57","Legislação Tributária dos Estados e do Distrito Federal","LTEST","11814","05.06.04","3","Da Alíquota e da Base de Cálculo (arts. 12 a 19 do RICMS-AM)"
"57","Legislação Tributária dos Estados e do Distrito Federal","LTEST","12033","15.42.08","3","Da Antecipação do Pagamento do Imposto (arts. 33 e 34 do RIPVA-PA)"
"57","Legislação Tributária dos Estados e do Distrito Federal","LTEST","17119","19.21.11","3","Da Apreensão de Mercadorias, Livros e Documentos Fiscais (arts. 164 a 177 do RICMS/PI)"
"57","Legislação Tributária dos Estados e do Distrito Federal","LTEST","11985","09.03.01.14","4","Da Apuração do Imposto (arts. 52 a 59 da Lei Estadual nº 7.000/2001)"
"57","Legislação Tributária dos Estados e do Distrito Federal","LTEST","12168","26.09.07","3","Da Apuração do Imposto (arts. 53 a 57 do RICMS-SC)"
"57","Legislação Tributária dos Estados e do Distrito Federal","LTEST","17115","19.21.07","3","Da Apuração do Imposto (arts. 70 a 82 do RICMS/PI)"
"57","Legislação Tributária dos Estados e do Distrito Federal","LTEST","12032","15.42.07","3","Da Apuração do Imposto, dos Prazos e Da Forma de Recolhimento do Imposto (arts. 26 a 32 do RIPVA-PA)"
"57","Legislação Tributária dos Estados e do Distrito Federal","LTEST","17272","10.12.01.03.04","5","Da Apuração, Do Vencimento e do Pagamento do ITCD (arts. 84 a 85 da Lei Estadual nº 11.651/1991)"
"57","Legislação Tributária dos Estados e do Distrito Federal","LTEST","10334","27.07.07","3","Da Apuração e do Pagamento (arts. 12 a 17 da Lei Estadual nº 7.655/2013)"
"57","Legislação Tributária dos Estados e do Distrito Federal","LTEST","11790","03.02.10","3","Da Apuração e do Pagamento do Imposto (arts. 39 a 44 da Lei Estadual nº 5.900/1996)"
"57","Legislação Tributária dos Estados e do Distrito Federal","LTEST","13625","18.08.06","3","Da Apuração e do Recolhimento do Imposto (arts. 23 a 31 da Lei Estadual nº 15.730/2016)"
"57","Legislação Tributária dos Estados e do Distrito Federal","LTEST","17407","10.14.02.02","4","Da Assessoria de Representação Fazendária (arts. 62 e 63 da Lei Estadual nº 16.469/2009)"
"57","Legislação Tributária dos Estados e do Distrito Federal","LTEST","14214","14.09.16","3","Da Atualização do Crédito Tributário e dos Juros Moratórios (arts. 212 a 215 do RPTA-MG)"
"57","Legislação Tributária dos Estados e do Distrito Federal","LTEST","2265","27.07.11","3","Da Atualização Monetária (arts. 25 da Lei Estadual nº 7.655/2013)"
"57","Legislação Tributária dos Estados e do Distrito Federal","LTEST","12101","24.06.01.08","4","Da Atualização Monetária e Dos Acréscimos Moratórios (arts. 81 a 85 do RICMS-RR)"
"57","Legislação Tributária dos Estados e do Distrito Federal","LTEST","11824","05.06.14","3","Da Automação Empresarial (arts. 168 a 201 do RICMS-AM)"
"57","Legislação Tributária dos Estados e do Distrito Federal","LTEST","17765","25.31.07","3","Da Avaliação e das Obrigações Acessórias (arts. 18 a 28 do RITCMD-SP)"
"57","Legislação Tributária dos Estados e do Distrito Federal","LTEST","14204","14.09.06","3","Da Avaliação para Fins de Cálculo do ITCD (art. 65 do RPTA-MG)"
"57","Legislação Tributária dos Estados e do Distrito Federal","LTEST","13536","17.02.02","3","Da Base de Cálculo (art. 3º da Lei Estadual nº 14.260/2003)"
"57","Legislação Tributária dos Estados e do Distrito Federal","LTEST","2264","27.07.04","3","Da Base de Cálculo (art. 8º da Lei Estadual nº 7.655/2013)"
"57","Legislação Tributária dos Estados e do Distrito Federal","LTEST","17159","19.05.06","3","Da Base de Cálculo (arts. 11 a 13 da Lei Estadual nº 4.548/1992)"
"57","Legislação Tributária dos Estados e do Distrito Federal","LTEST","12235","27.02.06","3","Da Base de Cálculo (arts. 11 a 17-A da Lei Estadual nº 3.796/1996)"
"57","Legislação Tributária dos Estados e do Distrito Federal","LTEST","11977","09.03.01.06","4","Da Base de Cálculo (arts. 11 a 19 da Lei Estadual nº 7.000/2001)"
"57","Legislação Tributária dos Estados e do Distrito Federal","LTEST","17764","25.31.06","3","Da Base de Cálculo (arts. 12 a 17 do RITCMD-SP)"
"57","Legislação Tributária dos Estados e do Distrito Federal","LTEST","12015","15.45.01.08","4","Da Base de Cálculo (arts. 23 a 47-A do RICMS-PA)"
"57","Legislação Tributária dos Estados e do Distrito Federal","LTEST","11784","03.02.04","3","Da Base de Cálculo (arts. 6º a 16 da Lei Estadual nº 5.900/1996)"
"57","Legislação Tributária dos Estados e do Distrito Federal","LTEST","17142","19.04.04","3","Da Base de Cálculo (arts. 9º a 14 da Lei Estadual nº 4.261/1989)"
"57","Legislação Tributária dos Estados e do Distrito Federal","LTEST","17707","25.16.03","3","Da Base de Cálculo, das Alíquotas e do Cálculo do Imposto (arts. 7º a 11 da Lei Estadual nº 13.296/2008)"
"57","Legislação Tributária dos Estados e do Distrito Federal","LTEST","12178","26.11.03","3","Da Base de Cálculo e Alíquotas (arts. 3º e 4º do RIPVA-SC)"
"57","Legislação Tributária dos Estados e do Distrito Federal","LTEST","14723","17.03.02.05","4","Da Base de Cálculo e da Alíquota (arts. 17 a 22 da Lei Estadual nº 18.573/2015)"
"57","Legislação Tributária dos Estados e do Distrito Federal","LTEST","17778","25.14.04","3","Da Base de Cálculo e da Alíquota (arts. 9º a 16 da Lei Estadual nº 10.705/2000)"
"57","Legislação Tributária dos Estados e do Distrito Federal","LTEST","12478","12.21.03","3","Da Base de Cálculo e das Alíquotas (arts. 6º ao 15 da Lei Estadual nº 7.098/1998)"
"57","Legislação Tributária dos Estados e do Distrito Federal","LTEST","12189","26.10.03","3","Da Base de Cálculo e das Alíquotas (arts. 6º e 7º do RITCMD-SC)"
"57","Legislação Tributária dos Estados e do Distrito Federal","LTEST","12030","15.42.05","3","Da Base de Cálculo e do Pedido de Revisão (arts. 16 a 24 do RIPVA-PA)"
"57","Legislação Tributária dos Estados e do Distrito Federal","LTEST","14179","14.07.07","3","Da Base de Cálculo e do Pedido de Revisão (arts. 16 a 25 do RIPVA-MG)"
"57","Legislação Tributária dos Estados e do Distrito Federal","LTEST","14215","14.09.17","3","Da Certidão de Débitos Tributários (arts. 216 a 222 do RPTA-MG)"
"57","Legislação Tributária dos Estados e do Distrito Federal","LTEST","14196","14.08.12","3","Da Certidão de Pagamento ou Desoneração do ITCD (arts. 39 e 40 do RITCD-MG)"
"57","Legislação Tributária dos Estados e do Distrito Federal","LTEST","12246","27.02.17","3","Da Certidão Negativa (art. 80 da Lei Estadual nº 3.796/1996)"
"57","Legislação Tributária dos Estados e do Distrito Federal","LTEST","12127","24.02.10","3","Da Certidão Negativa (arts. 155 e 156 da Lei Estadual nº 59/1993)"
"57","Legislação Tributária dos Estados e do Distrito Federal","LTEST","11789","03.02.09","3","Da Compensação do Imposto (arts. 32 a 38 da Lei Estadual nº 5.900/1996)"
"57","Legislação Tributária dos Estados e do Distrito Federal","LTEST","11984","09.03.01.13","4","Da Compensação do Imposto (arts. 48 a 51 da Lei Estadual nº 7.000/2001)"
"57","Legislação Tributária dos Estados e do Distrito Federal","LTEST","12017","15.45.01.10","4","Da Compensação do Imposto (arts. 50 a 90 do RICMS-PA)"
"57","Legislação Tributária dos Estados e do Distrito Federal","LTEST","17266","10.12.01.02.04","5","Da Compensação do Imposto (arts. 55 a 63 da Lei Estadual nº 11.651/1991)"
"57","Legislação Tributária dos Estados e do Distrito Federal","LTEST","12481","12.21.06","3","Da compensação, Lançamento e Pagamento do Imposto (arts. 24 ao 34 da Lei Estadual nº 7.098/1998)"
"57","Legislação Tributária dos Estados e do Distrito Federal","LTEST","12204","26.12.02","3","Da Composição, Organização e Competência (arts. 2º a 30 do RITAT-SC)"
"57","Legislação Tributária dos Estados e do Distrito Federal","LTEST","11845","05.05.07","3","Da Confissão de Dívida e do Parcelamento (arts. 116-A a 116-P da RPAT-AM)"
"57","Legislação Tributária dos Estados e do Distrito Federal","LTEST","12245","27.02.16","3","Da Consulta (art. 79 da Lei Estadual nº 3.796/1996)"
"57","Legislação Tributária dos Estados e do Distrito Federal","LTEST","17673","25.12.08","3","Da Consulta (arts. 104 a 107 da Lei Estadual nº 6.374/1989)"
"57","Legislação Tributária dos Estados e do Distrito Federal","LTEST","2311","27.07.16","3","Da Consulta (arts. 41 da Lei Estadual nº 7.655/2013)"
"57","Legislação Tributária dos Estados e do Distrito Federal","LTEST","17490","08.01.08","3","Da Consulta (arts. 51 a 55 da LCDF nº 04/1994)"
"57","Legislação Tributária dos Estados e do Distrito Federal","LTEST","17257","10.12.01.06","4","Da Contribuição de Melhoria (arts. 118 a 126 da Lei Estadual nº 11.651/1991)"
"57","Legislação Tributária dos Estados e do Distrito Federal","LTEST","12313","04.01.04","3","Da Contribuição de Melhoria (arts. 120 a 126 da Lei Estadual nº 400/1997)"
"57","Legislação Tributária dos Estados e do Distrito Federal","LTEST","12124","24.02.07","3","Da Contribuição de Melhoria (arts. 137 a 143 da Lei Estadual nº 59/1993)"
"57","Legislação Tributária dos Estados e do Distrito Federal","LTEST","11873","06.01.01","3","Da Contribuição de Melhoria (arts. 94 a 99 da Lei Estadual nº 3.956/1981)"
"57","Legislação Tributária dos Estados e do Distrito Federal","LTEST","14210","14.09.12","3","Da Dação em Pagamento (arts. 194 a 199 do RPTA-MG)"
"57","Legislação Tributária dos Estados e do Distrito Federal","LTEST","17491","08.01.09","3","Da Decadência e da Prescrição (arts. 56 e 57 da LCDF nº 04/1994)"
"57","Legislação Tributária dos Estados e do Distrito Federal","LTEST","12244","27.02.15","3","Da Decadência e da Prescrição (arts. 77 e 78 da Lei Estadual nº 3.796/1996)"
"57","Legislação Tributária dos Estados e do Distrito Federal","LTEST","17975","15.45.02.10","4","Da Declaração de Conteúdo Eletrônica - DC-e e da Declaração Auxiliar de Conteúdo Eletrônica - DACE (arts. 517-I a 517-W do RICMS-PA)"
"57","Legislação Tributária dos Estados e do Distrito Federal","LTEST","12034","15.42.09","3","Da Denúncia Espontânea (art. 45 do RIPVA-PA)"
"57","Legislação Tributária dos Estados e do Distrito Federal","LTEST","14213","14.09.15","3","Da Denúncia Espontânea (arts. 207 a 211-A do RPTA-MG)"
"57","Legislação Tributária dos Estados e do Distrito Federal","LTEST","14184","14.07.12","3","Da Destinação da Arrecadação (arts. 38 a 41 do RIPVA-MG)"
"57","Legislação Tributária dos Estados e do Distrito Federal","LTEST","2272","27.07.08","3","Da Dispensa do Pagamento (art. 18 da Lei Estadual nº 7.655/2013)"
"57","Legislação Tributária dos Estados e do Distrito Federal","LTEST","11883","07.09.01","3","Da Disposição Preliminar, Dos Critérios Material e Temporal e da Não Incidência (arts. 1º a 6º da Lei Estadual nº 18.665/2023)"
"57","Legislação Tributária dos Estados e do Distrito Federal","LTEST","11846","05.05.08","3","Da Dívida Ativa (arts. 137 a 162 da RPAT-AM)"
"57","Legislação Tributária dos Estados e do Distrito Federal","LTEST","12126","24.02.09","3","Da Dívida Ativa (arts. 150 a 154 da Lei Estadual nº 59/1993)"
"57","Legislação Tributária dos Estados e do Distrito Federal","LTEST","12316","04.01.07","3","Da Dívida Ativa (arts. 167 a 172 da Lei Estadual nº 400/1997)"
"57","Legislação Tributária dos Estados e do Distrito Federal","LTEST","17488","08.01.06","3","Da Dívida Ativa do Distrito Federal (arts. 37 a 46 da LCDF nº 04/1994)"
"57","Legislação Tributária dos Estados e do Distrito Federal","LTEST","11848","05.05.10","3","Da Eficácia das Decisões, Garantia do Processo e Regime Processual (arts. 178 a 182 da RPAT-AM)"
"57","Legislação Tributária dos Estados e do Distrito Federal","LTEST","17138","19.20.02.04","4","Da Emissão de Certidão para Atestar a Situação Tributária do Contribuinte (arts.161-A a 161-D do Decreto Estadual nº 18.561/2019) "
"57","Legislação Tributária dos Estados e do Distrito Federal","LTEST","12113","24.06.03.01","4","Da Emissão de Documentos Fiscais e Escrituração de Livros Fiscais (arts. 290 a 320 do RICMS-RR)"
"57","Legislação Tributária dos Estados e do Distrito Federal","LTEST","13072","17.03.02.06","4","Da Época, da Forma e do Prazo de Recolhimento do Imposto e da Restituição (arts. 23 a 30 da Lei Estadual nº 18.573/2015)"
"57","Legislação Tributária dos Estados e do Distrito Federal","LTEST","11823","05.06.13","3","Da Escrita Fiscal (arts. 152 a 167 do RICMS-AM)"
"57","Legislação Tributária dos Estados e do Distrito Federal","LTEST","17496","10.20.01.01","4","Da Escrituração Fiscal Digital - EDF (arts. 356-C a 356-S do RCTE-GO)"
"57","Legislação Tributária dos Estados e do Distrito Federal","LTEST","17964","15.45.02.05","4","Da Escrituração Fiscal Digital - EFD (arts. 389-A a 389-V do RICMS-PA)"
"57","Legislação Tributária dos Estados e do Distrito Federal","LTEST","17130","19.20.02","3","Da Estrutura, Organização e Competência do Contencioso Fiscal (arts. 121 a 161-D do Decreto Estadual nº 18.561/2019)"
"57","Legislação Tributária dos Estados e do Distrito Federal","LTEST","14217","14.09.19","3","Da Execução de Mandado Judicial que Determinar Busca e Apreensão (art. 230-D do RPTA-MG)"
"57","Legislação Tributária dos Estados e do Distrito Federal","LTEST","13001","17.01.11","3","Da Extinção do Crédito Tributário (arts. 35 a 41 da Lei Estadual nº 11.580/1996)"
"57","Legislação Tributária dos Estados e do Distrito Federal","LTEST","17163","19.05.10","3","Da Fiscalização, aa Repartição da Receita e das Disposições Finais (arts. 25 a 32 da Lei Estadual nº 4.548/1992)"
"57","Legislação Tributária dos Estados e do Distrito Federal","LTEST","11822","05.06.12","3","Da Fiscalização (arts. 121 a 151 do RICMS-AM)"
"57","Legislação Tributária dos Estados e do Distrito Federal","LTEST","11892","07.09.12","3","Da Fiscalização (arts. 124 a 152 da Lei Estadual nº 18.665/2023)"
"57","Legislação Tributária dos Estados e do Distrito Federal","LTEST","17259","10.12.02.02","4","Da Fiscalização (arts. 141 a 151 da Lei Estadual nº 11.651/1991)"
"57","Legislação Tributária dos Estados e do Distrito Federal","LTEST","12125","24.02.08","3","Da Fiscalização (arts. 144 a 149 da Lei Estadual nº 59/1993)"
"57","Legislação Tributária dos Estados e do Distrito Federal","LTEST","17485","08.01.03","3","Da Fiscalização (arts. 14 a 21 da LCDF nº 04/1994)"
"57","Legislação Tributária dos Estados e do Distrito Federal","LTEST","14813","17.04.01.01","4","Da Fiscalização (arts. 1º a 3º da Lei nº 18.877/2016)"
"57","Legislação Tributária dos Estados e do Distrito Federal","LTEST","17499","10.20.01.02","4","Da Fiscalização (arts. 440 a 470 do RCTE-GO)"
"57","Legislação Tributária dos Estados e do Distrito Federal","LTEST","17177","19.03.05","3","Da Fiscalização (arts. 58 a 63 da Lei Estadual nº 4.257/1989)"
"57","Legislação Tributária dos Estados e do Distrito Federal","LTEST","11793","03.02.13","3","Da Fiscalização (arts. 59 a 60-A da Lei Estadual nº 5.900/1996)"
"57","Legislação Tributária dos Estados e do Distrito Federal","LTEST","11732","16.02.01.12","4","Da Fiscalização (arts. 72 a 74 da Lei nº 6.379/1996)"
"57","Legislação Tributária dos Estados e do Distrito Federal","LTEST","17974","15.45.08","3","Da Fiscalização (arts. 738 a 775 do RICMS-PA)"
"57","Legislação Tributária dos Estados e do Distrito Federal","LTEST","12106","24.06.07","3","Da Fiscalização (arts. 840 a 906 do RICMS-RR)"
"57","Legislação Tributária dos Estados e do Distrito Federal","LTEST","14754","12.53.12","3","Da Fiscalização (arts. 935 a 969 do RICMS-MT)"
"57","Legislação Tributária dos Estados e do Distrito Federal","LTEST","17118","19.21.10","3","Da Fiscalização do Imposto (arts. 128 a 163 do RICMS/PI)"
"57","Legislação Tributária dos Estados e do Distrito Federal","LTEST","12079","22.09.04","3","Da Fiscalização do Imposto (arts. 1º a 10 - Livro IV do RICMS-RS)"
"57","Legislação Tributária dos Estados e do Distrito Federal","LTEST","2313","27.07.15","3","Da Fiscalização do IPVA (arts. 37 e 40 da Lei Estadual nº 7.655/2013)"
"57","Legislação Tributária dos Estados e do Distrito Federal","LTEST","13079","17.04.01","3","Da Fiscalização e da Formalização do Crédito Tributário (arts. 1º a 12 da Lei nº 18.877/2016)"
"57","Legislação Tributária dos Estados e do Distrito Federal","LTEST","17149","19.04.11","3","Da Fiscalização e das Infrações (arts. 23 e 24 da Lei Estadual nº 4.261/1989)"
"57","Legislação Tributária dos Estados e do Distrito Federal","LTEST","11834","05.08.04","3","Da Fiscalização e das Penalidades (arts. 32 a 38 do RIPVA-AM)"
"57","Legislação Tributária dos Estados e do Distrito Federal","LTEST","12038","15.42.13","3","Da Fiscalização e do Controle (arts. 54 a 63 do RIPVA-PA)"
"57","Legislação Tributária dos Estados e do Distrito Federal","LTEST","12241","27.02.12","3","Da Fiscalização e do Processo Administrativo Fiscal (arts. 57 a 68 da Lei Estadual nº 3.796/1996)"
"57","Legislação Tributária dos Estados e do Distrito Federal","LTEST","12483","12.21.08","3","Da Fiscalização e do Processo Administrativo Tributário (arts. 36 ao 39-C da Lei nº 7.098/1998)"
"57","Legislação Tributária dos Estados e do Distrito Federal","LTEST","11820","05.06.10","3","Da Forma e Prazos de Pagamento (arts. 105 a 108 do RICMS-AM)"
"57","Legislação Tributária dos Estados e do Distrito Federal","LTEST","14270","17.04.01.02","4","Da Formalização do Crédito Tributário (arts. 4º a 8º da Lei nº 18.877/2016)"
"57","Legislação Tributária dos Estados e do Distrito Federal","LTEST","17155","19.05.02","3","Da Imunidade (art. 4º da Lei Estadual nº 4.548/1992)"
"57","Legislação Tributária dos Estados e do Distrito Federal","LTEST","14175","14.07.03","3","Da Imunidade (arts. 4º a 6º do RIPVA-MG)"
"57","Legislação Tributária dos Estados e do Distrito Federal","LTEST","17708","25.16.04","3","Da Imunidade, da Isenção e da Dispensa do Pagamento do Imposto (arts. 12 a 16 da Lei Estadual nº 13.296/2008)"
"57","Legislação Tributária dos Estados e do Distrito Federal","LTEST","17110","19.21.02","3","Da Imunidade e da Não Incidência  (arts. 4º e 5º do RICMS/PI)"
"57","Legislação Tributária dos Estados e do Distrito Federal","LTEST","17140","19.04.02","3","Da Imunidade e da Não-Incidência (arts. 6º e 7º da Lei Estadual nº 4.261/1989)"
"57","Legislação Tributária dos Estados e do Distrito Federal","LTEST","14164","14.03.01","3","Da Incidência (art. 1º da Lei Estadual nº 14.941/2003)"
"57","Legislação Tributária dos Estados e do Distrito Federal","LTEST","12230","27.02.01","3","Da Incidência (art. 1º da Lei Estadual nº 3.796/1996)"
"57","Legislação Tributária dos Estados e do Distrito Federal","LTEST","11781","03.02.01","3","Da Incidência (art. 1º da Lei Estadual nº 5.900/1996)"
"57","Legislação Tributária dos Estados e do Distrito Federal","LTEST","4517","17.01.01","3","Da Incidência (art. 2º da Lei Estadual nº 11.580/1996)"
"57","Legislação Tributária dos Estados e do Distrito Federal","LTEST","14173","14.07.01","3","Da Incidência (art. 2º do RIPVA-MG)"
"57","Legislação Tributária dos Estados e do Distrito Federal","LTEST","14185","14.08.01","3","Da Incidência (art. 2º do RITCD-MG)"
"57","Legislação Tributária dos Estados e do Distrito Federal","LTEST","17675","25.12.01.01","4","Da Incidência (arts. 1º a 3º da Lei Estadual nº 6.374/1989)"
"57","Legislação Tributária dos Estados e do Distrito Federal","LTEST","17759","25.31.01","3","Da Incidência (arts. 1º a 3º do RITCMD-SP)"
"57","Legislação Tributária dos Estados e do Distrito Federal","LTEST","12162","26.09.01","3","Da Incidência (arts. 1º a 5º do RICMS-SC)"
"57","Legislação Tributária dos Estados e do Distrito Federal","LTEST","12176","26.11.01","3","Da Incidência (arts. 1º e 1º-A do RIPVA-SC)"
"57","Legislação Tributária dos Estados e do Distrito Federal","LTEST","11797","03.09.01","3","Da Incidência (arts. 1º e 2º do RITCD-AL)"
"57","Legislação Tributária dos Estados e do Distrito Federal","LTEST","12187","26.10.01","3","Da Incidência (arts. 1º e 2º do RITCMD-SC)"
"57","Legislação Tributária dos Estados e do Distrito Federal","LTEST","11960","09.05.01","3","Da Incidência (arts. 2º a 4º Lei Estadual nº 10.011/2013)"
"57","Legislação Tributária dos Estados e do Distrito Federal","LTEST","17775","25.14.01","3","Da Incidência (arts. 2º a 5º da Lei Estadual nº 10.705/2000)"
"57","Legislação Tributária dos Estados e do Distrito Federal","LTEST","14124","17.03.02.01","4","Da Incidência (arts. 7º e 8º da Lei Estadual nº 18.573/2015)"
"57","Legislação Tributária dos Estados e do Distrito Federal","LTEST","17263","10.12.01.02.01","5","Da Incidência do ICMS (arts. 11 a 36 da Lei Estadual nº 11.651/1991)"
"57","Legislação Tributária dos Estados e do Distrito Federal","LTEST","13620","18.08.01","3","Da Incidência do Imposto (arts. 1º a 3º da Lei Estadual nº 15.730/2016)"
"57","Legislação Tributária dos Estados e do Distrito Federal","LTEST","12008","15.45.01.01","4","Da Incidência do Imposto e do Fato Gerador (art. 1º do RICMS-PA)"
"57","Legislação Tributária dos Estados e do Distrito Federal","LTEST","17275","10.12.01.04.01","5","Da Incidência do IPVA (arts. 90 a 94-B da Lei Estadual nº 11.651/1991)"
"57","Legislação Tributária dos Estados e do Distrito Federal","LTEST","17269","10.12.01.03.01","5","Da Incidência do ITCD (arts. 72 a 79 da Lei Estadual nº 11.651/1991)"
"57","Legislação Tributária dos Estados e do Distrito Federal","LTEST","11866","06.04.01.01","4","Da Incidência e da Não-Incidência (arts. 1º a 3º da Lei Estadual nº 7.014/1996)"
"57","Legislação Tributária dos Estados e do Distrito Federal","LTEST","11811","05.06.01","3","Da Incidência e do Fato Gerador (arts. 1º a 3º do RICMS-AM)"
"57","Legislação Tributária dos Estados e do Distrito Federal","LTEST","17109","19.21.01","3","Da Incidência e do Fato Gerador (arts. 1º a 3º do RICMS/PI)"
"57","Legislação Tributária dos Estados e do Distrito Federal","LTEST","12476","12.21.01","3","Da Incidência e do Fato Gerador (arts. 2º e 3º da Lei Estadual nº 7.098/1998)"
"57","Legislação Tributária dos Estados e do Distrito Federal","LTEST","17137","19.20.02.03","4","Da Informatização do Processo Administrativo-Tributário (arts. 157 a 161 do Decreto Estadual nº 18.561/2019)"
"57","Legislação Tributária dos Estados e do Distrito Federal","LTEST","17681","25.12.02.05","4","Da Inscrição (arts. 16 a 22-A da Lei Estadual nº 6.374/1989)"
"57","Legislação Tributária dos Estados e do Distrito Federal","LTEST","11817","05.06.07","3","Da Inscrição e do Estabelecimento (arts. 77 a 90 do RICMS-AM)"
"57","Legislação Tributária dos Estados e do Distrito Federal","LTEST","14166","14.03.03","3","Da Isenção (art. 3º da Lei Estadual nº 14.941/2003)"
"57","Legislação Tributária dos Estados e do Distrito Federal","LTEST","11799","03.09.03","3","Da Isenção (art. 4º do RITCD-AL)"
"57","Legislação Tributária dos Estados e do Distrito Federal","LTEST","14188","14.08.04","3","Da Isenção (art. 6º do RITCD-MG)"
"57","Legislação Tributária dos Estados e do Distrito Federal","LTEST","17761","25.31.03","3","Da Isenção (art. 6º do RITCMD-SP)"
"57","Legislação Tributária dos Estados e do Distrito Federal","LTEST","14176","14.07.04","3","Da Isenção (arts. 7º e 8º do RIPVA-MG)"
"57","Legislação Tributária dos Estados e do Distrito Federal","LTEST","12232","27.02.03","3","Da Isenção, do Diferimento e da Suspensão (arts. 3º a 7º da Lei Estadual nº 3.796/1996)"
"57","Legislação Tributária dos Estados e do Distrito Federal","LTEST","17156","19.05.03","3","Da Isenção e da Dispensa do Pagamento (arts. 5º e 6º da Lei Estadual nº 4.548/1992)"
"57","Legislação Tributária dos Estados e do Distrito Federal","LTEST","12169","26.09.08","3","Da Liquidação do Imposto (arts. 58 e 59 do RICMS-SC)"
"57","Legislação Tributária dos Estados e do Distrito Federal","LTEST","11795","03.02.15","3","Da Mora e Das Penalidades do Imposto (arts. 71 a 135 da Lei Estadual nº 5.900/1996)"
"57","Legislação Tributária dos Estados e do Distrito Federal","LTEST","17113","19.21.05","3","Da Não Cumulatividade (arts. 51 a 61-H do RICMS/PI)"
"57","Legislação Tributária dos Estados e do Distrito Federal","LTEST","13624","18.08.05","3","Da Não Cumulatividade do Imposto (arts. 19 a 22 da Lei Estadual nº 15.730/2016)"
"57","Legislação Tributária dos Estados e do Distrito Federal","LTEST","12166","26.09.05","3","Da Não Cumulatividade do Imposto (arts. 28 a 39-A do RICMS-SC)"
"57","Legislação Tributária dos Estados e do Distrito Federal","LTEST","14153","14.06.02","3","Da Não-Cumulatividade do Imposto (arts. 62 a 80-H do RICMS-MG)"
"57","Legislação Tributária dos Estados e do Distrito Federal","LTEST","14165","14.03.02","3","Da Não-Incidência (art. 2º da Lei Estadual nº 14.941/2003)"
"57","Legislação Tributária dos Estados e do Distrito Federal","LTEST","12231","27.02.02","3","Da Não-Incidência (art. 2º da Lei Estadual nº 3.796/1996)"
"57","Legislação Tributária dos Estados e do Distrito Federal","LTEST","11798","03.09.02","3","Da Não Incidência (art. 3º do RITCD-AL)"
"57","Legislação Tributária dos Estados e do Distrito Federal","LTEST","11973","09.03.01.02","4","Da Não-Incidência (art. 4º da Lei Estadual nº 7.000/2001)"
"57","Legislação Tributária dos Estados e do Distrito Federal","LTEST","11812","05.06.02","3","Da Não-Incidência (art. 4º do RICMS-AM)"
"57","Legislação Tributária dos Estados e do Distrito Federal","LTEST","11961","09.05.02","3","Da Não Incidência (art. 5º da Lei Estadual nº 10.011/2013)"
"57","Legislação Tributária dos Estados e do Distrito Federal","LTEST","12010","15.45.01.03","4","Da Não-Incidência (art. 5º do RICMS-PA)"
"57","Legislação Tributária dos Estados e do Distrito Federal","LTEST","12163","26.09.02","3","Da Não Incidência (art. 6º do RICMS-SC)"
"57","Legislação Tributária dos Estados e do Distrito Federal","LTEST","14187","14.08.03","3","Da Não Incidência (arts. 4º e 5º do RITCD-MG)"
"57","Legislação Tributária dos Estados e do Distrito Federal","LTEST","17760","25.31.02","3","Da Não-Incidência (arts. 4º e 5º do RITCMD-SP)"
"57","Legislação Tributária dos Estados e do Distrito Federal","LTEST","12027","15.42.02","3","Da Não-Incidência, da Isenção e da Dispensa de Pagamento (arts. 4º a 12 do RIPVA-PA)"
"57","Legislação Tributária dos Estados e do Distrito Federal","LTEST","11783","03.02.03","3","Da Não Incidência, da Isenção e Suspensão do Imposto (arts. 3º a 5º da Lei Estadual nº 5.900/1996)"
"57","Legislação Tributária dos Estados e do Distrito Federal","LTEST","17264","10.12.01.02.02","5","Da Não Incidência do ICMS e dos Benefícios Fiscais (arts. 37 a 43-C da Lei Estadual nº 11.651/1991)"
"57","Legislação Tributária dos Estados e do Distrito Federal","LTEST","17276","10.12.01.04.02","5","Da Não-Incidência do IPVA (art. 95 da Lei Estadual nº 11.651/1991)"
"57","Legislação Tributária dos Estados e do Distrito Federal","LTEST","17270","10.12.01.03.02","5","Da Não-Incidência do ITCD (art. 80 da Lei Estadual nº 11.651/1991)"
"57","Legislação Tributária dos Estados e do Distrito Federal","LTEST","14344","17.02.10","3","Da Não-Incidência e da Isenção (arts. 13 e 14 da Lei Estadual nº 14.260/2003)"
"57","Legislação Tributária dos Estados e do Distrito Federal","LTEST","14522","17.03.02.02","4","Da Não-Incidência e da Isenção (arts. 9º a 12 da Lei Estadual nº 18.573/2015)"
"57","Legislação Tributária dos Estados e do Distrito Federal","LTEST","12477","12.21.02","3","Da Não Incidência e dos Benefícios Fiscais (arts. 4º e 5º da Lei Estadual nº 7.098/1998)"
"57","Legislação Tributária dos Estados e do Distrito Federal","LTEST","11943","08.37.01.03","4","Da Obrigação Acessória (arts. 76 a 260 do RICMS-DF)"
"57","Legislação Tributária dos Estados e do Distrito Federal","LTEST","17175","19.03.03","3","Da Obrigação Principal (arts. 23 a 48 da Lei Estadual nº 4.257/1989)"
"57","Legislação Tributária dos Estados e do Distrito Federal","LTEST","17682","25.12.03.01","4","Da Obrigação Principal (arts. 23 a 66-H da Lei Estadual nº 6.374/1989)"
"57","Legislação Tributária dos Estados e do Distrito Federal","LTEST","16850","22.04.01","3","Da Obrigação Principal (arts. 2º a 37 da Lei Estadual nº 8.820/1989)"
"57","Legislação Tributária dos Estados e do Distrito Federal","LTEST","11942","08.37.01.02","4","Da Obrigação Principal (arts. 34 a 75 do RICMS-DF)"
"57","Legislação Tributária dos Estados e do Distrito Federal","LTEST","12158","25.30.01.03","4","Da Obrigação Principal (arts. 36 a 123 do RICMS-SP)"
"57","Legislação Tributária dos Estados e do Distrito Federal","LTEST","14747","12.53.03","3","Da Obrigação Principal (arts. 71 a 173 do RICMS-MT)"
"57","Legislação Tributária dos Estados e do Distrito Federal","LTEST","12076","22.09.01","3","Da Obrigação Principal - Parte Geral (arts. 1º a 61 - Livro I do RICMS-RS)"
"57","Legislação Tributária dos Estados e do Distrito Federal","LTEST","13635","18.13.07","3","Da Obrigação Tributária Acessória (arts. 104 ao 277 do RICMS-PE)"
"57","Legislação Tributária dos Estados e do Distrito Federal","LTEST","11832","05.08.02","3","Da Obrigação Tributária (arts. 12 a 25 do RIPVA-AM)"
"57","Legislação Tributária dos Estados e do Distrito Federal","LTEST","17484","08.01.02","3","Da Obrigação Tributária (arts. 5º a 13 da LCDF nº 04/1994)"
"57","Legislação Tributária dos Estados e do Distrito Federal","LTEST","11941","08.37.01.01","4","Da Obrigação Tributária - Disposição Preliminar (arts. 1º a 33 do RICMS-DF)"
"57","Legislação Tributária dos Estados e do Distrito Federal","LTEST","12092","24.06.01","3","Da Obrigação Tributária Principal (arts. 1º a 109 do RICMS-RR)"
"57","Legislação Tributária dos Estados e do Distrito Federal","LTEST","12023","15.45.01","3","Da Obrigação Tributária Principal (arts. 1º a 121 do RICMS-PA)"
"57","Legislação Tributária dos Estados e do Distrito Federal","LTEST","13033","17.02.11","3","Da Penalidade (art. 15 da Lei Estadual nº 14.260/2003)"
"57","Legislação Tributária dos Estados e do Distrito Federal","LTEST","13634","18.13.06","3","Da Prestação de Serviço de Transporte e Comunicação (arts. 49 a 103 do RICMS-PE)"
"57","Legislação Tributária dos Estados e do Distrito Federal","LTEST","14964","12.53.08","3","Da Regra, Autorização e Medida Incomuns (arts. 898 a 914 do RICMS-MT)"
"57","Legislação Tributária dos Estados e do Distrito Federal","LTEST","13763","17.02.13","3","Da Repartição da Receita (art. 18 da Lei Estadual nº 14.260/2003)"
"57","Legislação Tributária dos Estados e do Distrito Federal","LTEST","17715","25.16.11","3","Da Repartição da Receita (arts. 40 e 41 da Lei Estadual nº 13.296/2008)"
"57","Legislação Tributária dos Estados e do Distrito Federal","LTEST","17408","10.14.02.03","4","Da Representação da Procuradoria-Geral do Estado (arts. 63-A a 63-C da Lei Estadual nº 16.469/2009)"
"57","Legislação Tributária dos Estados e do Distrito Federal","LTEST","13151","17.04.03.02","4","Da Representação Fiscal (arts. 81 a 83 da Lei nº 18.877/2016)"
"57","Legislação Tributária dos Estados e do Distrito Federal","LTEST","11536","27.07.17","3","Da Restituição (art. 42 da Lei Estadual nº 7.655/2013)"
"57","Legislação Tributária dos Estados e do Distrito Federal","LTEST","16686","17.01.09","3","Da Restituição (arts. 30 a 32 da Lei Estadual nº 11.580/1996)"
"57","Legislação Tributária dos Estados e do Distrito Federal","LTEST","11729","16.02.01.08","4","Da Restituição (arts. 65 e 66 da Lei nº 6.379/1996)"
"57","Legislação Tributária dos Estados e do Distrito Federal","LTEST","11889","07.09.09","3","Da Restituição (arts. 96 a 99 da Lei Estadual nº 18.665/2023)"
"57","Legislação Tributária dos Estados e do Distrito Federal","LTEST","12103","24.06.01.10","4","Da Restituição (arts. 98 a 101 do RICMS-RR)"
"57","Legislação Tributária dos Estados e do Distrito Federal","LTEST","17146","19.04.08","3","Da Restituição do Imposto (art. 19 da Lei Estadual nº 4.261/1989)"
"57","Legislação Tributária dos Estados e do Distrito Federal","LTEST","17769","25.31.11","3","Da Restituição do Imposto (art. 37 do RITCMD-SP)"
"57","Legislação Tributária dos Estados e do Distrito Federal","LTEST","11791","03.02.11","3","Da Restituição do Imposto (art. 45 da Lei Estadual nº 5.900/1996)"
"57","Legislação Tributária dos Estados e do Distrito Federal","LTEST","11827","05.06.17","3","Da Restituição e do Ressarcimento (arts. 374-A a 374-G do RICMS-AM)"
"57","Legislação Tributária dos Estados e do Distrito Federal","LTEST","11894","07.09.15","3","Da Restituição ou Perda, do Leilão, da Doação, da Destruição e do Descarte de Mercadorias Retidas (arts. 168 a 170 da Lei Estadual nº 18.665/2023)"
"57","Legislação Tributária dos Estados e do Distrito Federal","LTEST","11893","07.09.14","3","Da Retenção de Mercadorias em Situação Irregular (arts. 154 a 167 da Lei Estadual nº 18.665/2023)"
"57","Legislação Tributária dos Estados e do Distrito Federal","LTEST","17160","19.05.07","3","Das Alíquotas (art. 14 da Lei Estadual nº 4.548/1992)"
"57","Legislação Tributária dos Estados e do Distrito Federal","LTEST","17143","19.04.05","3","Das Alíquotas (art. 15 da Lei Estadual nº 4.261/1989)"
"57","Legislação Tributária dos Estados e do Distrito Federal","LTEST","12236","27.02.07","3","Das Alíquotas (art. 18 da Lei Estadual nº 3.796/1996)"
"57","Legislação Tributária dos Estados e do Distrito Federal","LTEST","14180","14.07.08","3","Das Alíquotas (art. 26 do RIPVA-MG)"
"57","Legislação Tributária dos Estados e do Distrito Federal","LTEST","17766","25.31.08","3","Das Alíquotas (art. 29 do RITCMD-SP)"
"57","Legislação Tributária dos Estados e do Distrito Federal","LTEST","12796","17.02.03","3","Das Alíquotas (art. 4º da Lei Estadual nº 14.260/2003)"
"57","Legislação Tributária dos Estados e do Distrito Federal","LTEST","10335","27.07.05","3","Das Alíquotas (art. 9º da Lei Estadual nº 7.655/2013)"
"57","Legislação Tributária dos Estados e do Distrito Federal","LTEST","11785","03.02.05","3","Das Alíquotas (arts. 17 a 17-A da Lei Estadual nº 5.900/1996)"
"57","Legislação Tributária dos Estados e do Distrito Federal","LTEST","12014","15.45.01.07","4","Das Alíquotas (arts. 20 a 22 do RICMS-PA)"
"57","Legislação Tributária dos Estados e do Distrito Federal","LTEST","11870","06.04.01.05","4","Das Alíquotas e da Base de Cálculo (arts. 15 a 23-C da Lei Estadual nº 7.014/1996)"
"57","Legislação Tributária dos Estados e do Distrito Federal","LTEST","17112","19.21.04","3","Das Alíquotas e da Base de Cálculo (arts. 21 a 50 do RICMS/PI)"
"57","Legislação Tributária dos Estados e do Distrito Federal","LTEST","12217","26.07.05","3","Das Consultas em Matéria Tributária (arts. 31 a 33 da Lei Complementar Estadual nº 313/2005)"
"57","Legislação Tributária dos Estados e do Distrito Federal","LTEST","16852","22.04.03","3","Das Demais Obrigações dos Contribuintes e de Terceiros (arts. 45 a 62 da Lei Estadual nº 8.820/1989)"
"57","Legislação Tributária dos Estados e do Distrito Federal","LTEST","12112","24.06.02.06","4","Das Disposições Comuns aos Documentos e Livros Fiscais (arts. 284 a 289-H do RICMS-RR)"
"57","Legislação Tributária dos Estados e do Distrito Federal","LTEST","11865","06.04.06","3","Das Disposições Especiais (arts. 49 a 54 da Lei Estadual nº 7.014/1996)"
"57","Legislação Tributária dos Estados e do Distrito Federal","LTEST","17674","25.12.09","3","Das Disposições Finais (arts. 108 a 115 da Lei Estadual nº 6.374/1989)"
"57","Legislação Tributária dos Estados e do Distrito Federal","LTEST","11850","05.05.12","3","Das Disposições Finais (arts. 183 a 188 da RPAT-AM)"
"57","Legislação Tributária dos Estados e do Distrito Federal","LTEST","14263","17.02.14","3","Das Disposições Finais (arts. 19 a 24 da Lei Estadual nº 14.260/2003)"
"57","Legislação Tributária dos Estados e do Distrito Federal","LTEST","17782","25.14.08","3","Das Disposições Finais (arts. 32 a 35 da Lei Estadual nº 10.705/2000)"
"57","Legislação Tributária dos Estados e do Distrito Federal","LTEST","12199","26.03.05","3","Das Disposições Finais (arts. 33 a 35 da Lei Estadual nº 7.541/1988)"
"57","Legislação Tributária dos Estados e do Distrito Federal","LTEST","13628","18.08.09","3","Das Disposições Finais (arts. 41 a 46 da Lei Estadual nº 15.730/2016)"
"57","Legislação Tributária dos Estados e do Distrito Federal","LTEST","11808","03.09.12","3","Das Disposições Finais (arts. 45 a 48 do RITCD-AL)"
"57","Legislação Tributária dos Estados e do Distrito Federal","LTEST","17717","25.16.13","3","Das Disposições Finais (arts. 49 a 55 da Lei Estadual nº 13.296/2008)"
"57","Legislação Tributária dos Estados e do Distrito Federal","LTEST","12208","26.12.06","3","Das Disposições Finais (arts. 91 a 96 do RITAT-SC)"
"57","Legislação Tributária dos Estados e do Distrito Federal","LTEST","11896","07.09.17","3","Das Disposições Finais e Transitórias (arts. 187 a 198 da Lei Estadual nº 18.665/2023)"
"57","Legislação Tributária dos Estados e do Distrito Federal","LTEST","14218","14.09.20","3","Das Disposições Finais e Transitórias (arts. 231 a 241 do RPTA-MG)"
"57","Legislação Tributária dos Estados e do Distrito Federal","LTEST","11829","05.06.19","3","Das Disposições Finais e Transitórias (arts. 389 a 393 do RICMS-AM)"
"57","Legislação Tributária dos Estados e do Distrito Federal","LTEST","14198","14.08.14","3","Das Disposições Finais e Transitórias (arts. 45 a 48 do RITCD-MG)"
"57","Legislação Tributária dos Estados e do Distrito Federal","LTEST","12488","12.21.13","3","Das Disposições Finais e Transitórias (arts. 48 ao 52 da Lei Estadual nº 7.098/1998)"
"57","Legislação Tributária dos Estados e do Distrito Federal","LTEST","12172","26.09.11","3","Das Disposições Finais e Transitórias (arts. 79 a 109 do RICMS-SC)"
"57","Legislação Tributária dos Estados e do Distrito Federal","LTEST","12120","24.06.09","3","Das Disposições Finais e Transitórias (arts. 909 a 919 do RICMS-RR)"
"57","Legislação Tributária dos Estados e do Distrito Federal","LTEST","12107","24.06.02.01","4","Das Disposições Gerais (art. 110 do RICMS-RR)"
"57","Legislação Tributária dos Estados e do Distrito Federal","LTEST","12021","15.45.02.01","4","Das Disposições Gerais (arts. 122 a 128 do RICMS-PA)"
"57","Legislação Tributária dos Estados e do Distrito Federal","LTEST","12184","26.11.09","3","Das Disposições Gerais (arts. 17 a 40 do RIPVA-SC)"
"57","Legislação Tributária dos Estados e do Distrito Federal","LTEST","11840","05.05.01","3","Das Disposições Gerais (arts. 1º a 13 da RPAT-AM)"
"57","Legislação Tributária dos Estados e do Distrito Federal","LTEST","12195","26.03.01","3","Das Disposições Gerais (arts. 1º a 3º da Lei Estadual nº 7.541/1988)"
"57","Legislação Tributária dos Estados e do Distrito Federal","LTEST","14162","14.06.11","3","Das Disposições Gerais (arts. 222 a 227 do RICMS-MG)"
"57","Legislação Tributária dos Estados e do Distrito Federal","LTEST","17252","10.12.01.01","4","Das Disposições Gerais (arts. 2º a 10 da Lei Estadual nº 11.651/1991)"
"57","Legislação Tributária dos Estados e do Distrito Federal","LTEST","12248","27.07.18","3","Das Disposições Gerais (arts. 43 a 46 da Lei Estadual nº 7.655/2013)"
"57","Legislação Tributária dos Estados e do Distrito Federal","LTEST","12039","15.42.14","3","Das Disposições Gerais e das Disposições Transitórias e Finais (arts. 64 a 66 do RIPVA-PA)"
"57","Legislação Tributária dos Estados e do Distrito Federal","LTEST","12192","26.10.06","3","Das Disposições Gerais e Finais (arts. 19 a 25 do RITCMD-SC)"
"57","Legislação Tributária dos Estados e do Distrito Federal","LTEST","14705","17.01.17","3","Das Disposições Gerais e Finais (arts. 58 a 70 da Lei Estadual nº 11.580/1996)"
"57","Legislação Tributária dos Estados e do Distrito Federal","LTEST","17772","25.31.14","3","Das Disposições Gerais e Transitórias (arts. 48 a 51 do RITCMD-SP)"
"57","Legislação Tributária dos Estados e do Distrito Federal","LTEST","12133","24.03.05","3","Das Disposições Gerais e Transitórias (arts. 85 a 100 da Lei Estadual nº 72/1994)"
"57","Legislação Tributária dos Estados e do Distrito Federal","LTEST","11958","09.02.03","3","Das Disposições Gerais, Finais e Transitórias (arts. 30 a 36 da Lei Estadual nº 6.999/2001)"
"57","Legislação Tributária dos Estados e do Distrito Federal","LTEST","17687","25.12.03.01.03","5","Das Disposições Gerais Relativas a Sujeição Passiva por Substituição em Relação às Subsequentes Operações (arts. 66-A a 66-H da Lei Estadual nº 6.374/1989)"
"57","Legislação Tributária dos Estados e do Distrito Federal","LTEST","12247","27.02.18","3","Das Disposições Gerais, Transitórias e Finais (arts. 80-A a 89 da Lei Estadual nº 3.796/1996)"
"57","Legislação Tributária dos Estados e do Distrito Federal","LTEST","17492","08.01.10","3","Das Disposições Penais (arts. 58 a 67-A da LCDF nº 04/1994)"
"57","Legislação Tributária dos Estados e do Distrito Federal","LTEST","12213","26.07.01","3","Das Disposições Preliminares (art. 1º da Lei Complementar Estadual nº 313/2005)"
"57","Legislação Tributária dos Estados e do Distrito Federal","LTEST","12249","27.07.19","3","Das Disposições Transitórias (arts. 47 a 56 da Lei Estadual nº 7.655/2013)"
"57","Legislação Tributária dos Estados e do Distrito Federal","LTEST","12080","22.09.05","3","Das Disposições Transitórias e Finais (arts. 1º a 41 - Livro V do RICMS-RS)"
"57","Legislação Tributária dos Estados e do Distrito Federal","LTEST","2260","27.07.03","3","Das Imunidades e das Isenções (arts. 5º a 7º da Lei Estadual nº 7.655/2013)"
"57","Legislação Tributária dos Estados e do Distrito Federal","LTEST","12179","26.11.04","3","Das Imunidades e Isenções (arts. 5º e 6º do RIPVA-SC)"
"57","Legislação Tributária dos Estados e do Distrito Federal","LTEST","12190","26.10.04","3","Das Imunidades e Isenções (arts. 8º e 11 do RITCMD-SC)"
"57","Legislação Tributária dos Estados e do Distrito Federal","LTEST","14602","17.01.02","3","Das Imunidades, Não-Incidências e Benefícios Fiscais (arts. 3º e 4º da Lei Estadual nº 11.580/1996)"
"57","Legislação Tributária dos Estados e do Distrito Federal","LTEST","14271","17.04.01.03","4","Das Incorreções e Omissões na Formalização do Crédito Tributário (arts. 9º a 12 da Lei nº 18.877/2016)"
"57","Legislação Tributária dos Estados e do Distrito Federal","LTEST","17260","10.12.02.03","4","Das Informações Econômico-Fiscais (arts. 152 a 156 da Lei Estadual nº 11.651/1991)"
"57","Legislação Tributária dos Estados e do Distrito Federal","LTEST","17486","08.01.04","3","Das Informações Econômico-Fiscais (arts. 22 a 24 da LCDF nº 04/1994)"
"57","Legislação Tributária dos Estados e do Distrito Federal","LTEST","12049","15.11.10","3","Das Infrações (art. 16 da Lei Estadual nº 5.529/1989)"
"57","Legislação Tributária dos Estados e do Distrito Federal","LTEST","17120","19.21.12","3","Das Infrações (arts. 178 a 185 do RICMS/PI)"
"57","Legislação Tributária dos Estados e do Distrito Federal","LTEST","11864","06.04.05","3","Das Infrações e das Penalidades (arts. 40 a 48 da Lei Estadual nº 7.014/1996)"
"57","Legislação Tributária dos Estados e do Distrito Federal","LTEST","12242","27.02.13","3","Das Infrações e das Penalidades (arts. 69 a 75 da Lei Estadual nº 3.796/1996)"
"57","Legislação Tributária dos Estados e do Distrito Federal","LTEST","17973","15.45.07","3","Das Infrações e das Penalidades (arts. 724 a 737 do RICMS-PA)"
"57","Legislação Tributária dos Estados e do Distrito Federal","LTEST","11895","07.09.16","3","Das Infrações e Penalidades (arts. 171 a 186 da Lei Estadual nº 18.665/2023)"
"57","Legislação Tributária dos Estados e do Distrito Federal","LTEST","2299","27.07.13","3","Das Infrações e Penalidades (arts. 32 a 35 da Lei Estadual nº 7.655/2013)"
"57","Legislação Tributária dos Estados e do Distrito Federal","LTEST","11828","05.06.18","3","Das Infrações e Penalidades (arts. 375 a 388 do RICMS-AM)"
"57","Legislação Tributária dos Estados e do Distrito Federal","LTEST","12037","15.42.12","3","Das Infrações e Penalidades (arts. 52 e 53 do RIPVA-PA)"
"57","Legislação Tributária dos Estados e do Distrito Federal","LTEST","12755","17.01.15","3","Das Infrações e Penalidades (arts. 54 e 55 da Lei Estadual nº 11.580/1996)"
"57","Legislação Tributária dos Estados e do Distrito Federal","LTEST","17178","19.03.06","3","Das Infrações e Penalidades (arts. 64 a 86 da Lei Estadual nº 4.257/1989)"
"57","Legislação Tributária dos Estados e do Distrito Federal","LTEST","11851","05.05.03","3","Das Instâncias de Julgamento (arts. 28 a 41 do RPAT-AM)"
"57","Legislação Tributária dos Estados e do Distrito Federal","LTEST","17776","25.14.02","3","Das Isenções (art. 6º da Lei Estadual nº 10.705/2000)"
"57","Legislação Tributária dos Estados e do Distrito Federal","LTEST","11963","09.05.04","3","Das Isenções (art. 7º da Lei Estadual nº 10.011/2013)"
"57","Legislação Tributária dos Estados e do Distrito Federal","LTEST","17141","19.04.03","3","Das Isenções (art. 8º da Lei Estadual nº 4.261/1989)"
"57","Legislação Tributária dos Estados e do Distrito Federal","LTEST","17592","07.09.02","3","Das Isenções e das Disposições Gerais sobre Incentivos e Benefícios Fiscais (arts. 7º a 16 da Lei Estadual nº 18.665/2023)"
"57","Legislação Tributária dos Estados e do Distrito Federal","LTEST","11974","09.03.01.03","4","Das Isenções e Demais Benefícios (arts. 5º a 8º da Lei Estadual nº 7.000/2001)"
"57","Legislação Tributária dos Estados e do Distrito Federal","LTEST","11863","06.04.04","3","Das Isenções, Incentivos e Benefícios Fiscais (arts. 37 a 39 da Lei Estadual nº 7.014/1996)"
"57","Legislação Tributária dos Estados e do Distrito Federal","LTEST","12099","24.06.01.06","4","Da Sistemática da Apuração do Imposto (arts. 47 a 64-B do RICMS-RR)"
"57","Legislação Tributária dos Estados e do Distrito Federal","LTEST","11887","07.09.07","3","Da Sistemática de Apuração do ICMS (arts. 67 a 88 da Lei Estadual nº 18.665/2023)"
"57","Legislação Tributária dos Estados e do Distrito Federal","LTEST","12238","27.02.09","3","Da Sistemática de Apuração do Imposto (arts. 25 a 47 da Lei Estadual nº 3.796/1996)"
"57","Legislação Tributária dos Estados e do Distrito Federal","LTEST","11726","16.02.01.05","4","Da Sistemática de Apuração do Imposto (arts. 40 a 52 da Lei nº 6.379/1996)"
"57","Legislação Tributária dos Estados e do Distrito Federal","LTEST","12136","24.02.02","3","Das Limitações ao Poder de Tributar (art. 3º da Lei Estadual nº 59/1993)"
"57","Legislação Tributária dos Estados e do Distrito Federal","LTEST","11796","03.02.16","3","Das Medidas Acauteladoras e Disposições Finais (arts. 136 a 141 da Lei Estadual nº 5.900/1996)"
"57","Legislação Tributária dos Estados e do Distrito Federal","LTEST","14751","12.53.09","3","Das Medidas Extraordinárias de Garantias do pagamento do Imposto (arts. 914-A a 916-D do RICMS-MT)"
"57","Legislação Tributária dos Estados e do Distrito Federal","LTEST","11794","03.02.14","3","Das Mercadorias e Efeitos em Situação Irregular (arts. 61 a 70 da Lei Estadual nº 5.900/1996)"
"57","Legislação Tributária dos Estados e do Distrito Federal","LTEST","11733","16.02.01.13","4","Das Mercadorias em Situação Irregular e os Efeitos Fiscais (arts. 75 a 79 da Lei nº 6.379/1996)"
"57","Legislação Tributária dos Estados e do Distrito Federal","LTEST","11991","09.03.01.20","4","Das Multas e da sua Redução (arts. 74 a 77 da Lei Estadual nº 7.000/2001)"
"57","Legislação Tributária dos Estados e do Distrito Federal","LTEST","17162","19.05.09","3","Das Multas e dos Acréscimos Moratórios (arts. 23 e 24 da Lei Estadual nº 4.548/1992)"
"57","Legislação Tributária dos Estados e do Distrito Federal","LTEST","7865","17.04.02.02","4","Das Normas Específicas do Julgamento em Primeira Instância (arts. 47 a 52 da Lei nº 18.877/2016)"
"57","Legislação Tributária dos Estados e do Distrito Federal","LTEST","14605","17.04.02.03","4","Das Normas Específicas do Julgamento em Segunda Instância (arts. 53 a 64 da Lei nº 18.877/2016)"
"57","Legislação Tributária dos Estados e do Distrito Federal","LTEST","12214","26.07.02","3","Das Normas Fundamentais (arts. 2º a 15 da Lei Complementar Estadual nº 313/2005)"
"57","Legislação Tributária dos Estados e do Distrito Federal","LTEST","12138","24.02.11","3","Das Normas Gerais Tributárias (arts. 157 a 180 da Lei Estadual nº 59/1993)"
"57","Legislação Tributária dos Estados e do Distrito Federal","LTEST","12482","12.21.07","3","Das Obrigações Acessórias (art. 35 da Lei Estadual nº 7.098/1998)"
"57","Legislação Tributária dos Estados e do Distrito Federal","LTEST","11891","07.09.11","3","Das Obrigações Acessórias (arts. 103 a 123 da Lei Estadual nº 18.665/2023)"
"57","Legislação Tributária dos Estados e do Distrito Federal","LTEST","12159","25.30.01.04","4","Das Obrigações Acessórias (arts. 124 a 259 do RICMS-SP)"
"57","Legislação Tributária dos Estados e do Distrito Federal","LTEST","12226","27.30.02","3","Das Obrigações Acessórias (arts. 142 a 465 do RICMS-SE)"
"57","Legislação Tributária dos Estados e do Distrito Federal","LTEST","14748","12.53.04","3","Das Obrigações Acessórias (arts. 174 a 447 do RICMS-MT)"
"57","Legislação Tributária dos Estados e do Distrito Federal","LTEST","12077","22.09.02","3","Das Obrigações Acessórias (arts. 1º a 230 - Livro II do RICMS-RS)"
"57","Legislação Tributária dos Estados e do Distrito Federal","LTEST","1936","27.07.12","3","Das Obrigações Acessórias (arts. 26 a 31 da Lei Estadual nº 7.655/2013)"
"57","Legislação Tributária dos Estados e do Distrito Federal","LTEST","17713","25.16.09","3","Das Obrigações Acessórias (arts. 32 a 38 da Lei Estadual nº 13.296/2008)"
"57","Legislação Tributária dos Estados e do Distrito Federal","LTEST","16851","22.04.02","3","Das Obrigações Acessórias (arts. 38 a 44 da Lei Estadual nº 8.820/1989)"
"57","Legislação Tributária dos Estados e do Distrito Federal","LTEST","11792","03.02.12","3","Das Obrigações Acessórias (arts. 46 a 58-C da Lei Estadual nº 5.900/1996)"
"57","Legislação Tributária dos Estados e do Distrito Federal","LTEST","17176","19.03.04","3","Das Obrigações Acessórias (arts. 49 a 57 da Lei Estadual nº 4.257/1989)"
"57","Legislação Tributária dos Estados e do Distrito Federal","LTEST","17683","25.12.03.02","4","Das Obrigações Acessórias (arts. 67 a 70 da Lei Estadual nº 6.374/1989)"
"57","Legislação Tributária dos Estados e do Distrito Federal","LTEST","11730","16.02.01.09","4","Das Obrigações (arts. 67 a 70 da Lei nº 6.379/1996)"
"57","Legislação Tributária dos Estados e do Distrito Federal","LTEST","14156","14.06.05","3","Das Obrigações do Contribuinte do Imposto (arts. 96 a 178 do RICMS-MG)"
"57","Legislação Tributária dos Estados e do Distrito Federal","LTEST","11862","06.04.03","3","Das Obrigações dos Contribuintes e dos Responsáveis (arts. 34 a 36 da Lei Estadual nº 7.014/1996)"
"57","Legislação Tributária dos Estados e do Distrito Federal","LTEST","12239","27.02.10","3","Das Obrigações dos Contribuintes e dos Responsáveis (arts. 48 a 51 da Lei Estadual nº 3.796/1996)"
"57","Legislação Tributária dos Estados e do Distrito Federal","LTEST","11988","09.03.01.17","4","Das Obrigações Especiais dos Transportadores (arts. 62 a 66 da Lei Estadual nº 7.000/2001)"
"57","Legislação Tributária dos Estados e do Distrito Federal","LTEST","14750","12.53.06","3","Das Obrigações Especiais e de Terceiros (arts. 587 a 711-I do RICMS-MT)"
"57","Legislação Tributária dos Estados e do Distrito Federal","LTEST","12093","24.06.02","3","Das Obrigações Tributárias Acessórias (arts. 110 a 289-H do RICMS-RR)"
"57","Legislação Tributária dos Estados e do Distrito Federal","LTEST","12024","15.45.02","3","Das Obrigações Tributárias Acessórias (arts. 122 a 517-Y do RICMS-PA)"
"57","Legislação Tributária dos Estados e do Distrito Federal","LTEST","13056","17.01.13","3","Das Obrigações Tributárias Acessórias (arts. 45 a 46-A da Lei Estadual nº 11.580/1996)"
"57","Legislação Tributária dos Estados e do Distrito Federal","LTEST","17279","10.12.01.04.05","5","Das Obrigações Tributárias Acessórias, da Repartição da Receita e das Penalidades referentes ao IPVA (arts. 103 a 111 da Lei Estadual nº 11.651/1991)"
"57","Legislação Tributária dos Estados e do Distrito Federal","LTEST","17273","10.12.01.03.05","5","Das Obrigações Tributárias Acessórias do ITCD (arts. 86 a 88-D da Lei Estadual nº 11.651/1991)"
"57","Legislação Tributária dos Estados e do Distrito Federal","LTEST","17668","25.12.03","3","Das Obrigações Tributárias (arts. 23 a 71 da Lei Estadual nº 6.374/1989)"
"57","Legislação Tributária dos Estados e do Distrito Federal","LTEST","11826","05.06.16","3","Das Operações Especiais (arts. 311 a 370 do RICMS-AM)"
"57","Legislação Tributária dos Estados e do Distrito Federal","LTEST","17714","25.16.10","3","Das Penalidades (art. 39 da Lei Estadual nº 13.296/2008)"
"57","Legislação Tributária dos Estados e do Distrito Federal","LTEST","12183","26.11.08","3","Das Penalidades (arts. 14 a 16 do RIPVA-SC)"
"57","Legislação Tributária dos Estados e do Distrito Federal","LTEST","14161","14.06.10","3","Das Penalidades (arts. 209 a 221 do RICMS-MG)"
"57","Legislação Tributária dos Estados e do Distrito Federal","LTEST","17780","25.14.06","3","Das Penalidades (arts. 21 a 24 da Lei Estadual nº 10.705/2000)"
"57","Legislação Tributária dos Estados e do Distrito Federal","LTEST","14171","14.03.08","3","Das Penalidades (arts. 22 a 30 da Lei Estadual nº 14.941/2003)"
"57","Legislação Tributária dos Estados e do Distrito Federal","LTEST","17150","19.04.12","3","Das Penalidades (arts. 25 a 27 da Lei Estadual nº 4.261/1989)"
"57","Legislação Tributária dos Estados e do Distrito Federal","LTEST","14194","14.08.10","3","Das Penalidades (arts. 36 a 37-B do RITCD-MG)"
"57","Legislação Tributária dos Estados e do Distrito Federal","LTEST","17770","25.31.12","3","Das Penalidades (arts. 38 a 41 do RITCMD-SP)"
"57","Legislação Tributária dos Estados e do Distrito Federal","LTEST","11734","16.02.01.14","4","Das Penalidades (arts. 80 a 90 da Lei nº 6.379/1996)"
"57","Legislação Tributária dos Estados e do Distrito Federal","LTEST","17670","25.12.05","3","Das Penalidades (arts. 85 a 88 da Lei Estadual nº 6.374/1989)"
"57","Legislação Tributária dos Estados e do Distrito Federal","LTEST","12119","24.06.08","3","Das Penalidades (arts. 907 e 908 do RICMS-RR)"
"57","Legislação Tributária dos Estados e do Distrito Federal","LTEST","14183","14.07.11","3","Das Penalidades e dos Juros Moratórios (arts. 37 e 37-A do RIPVA-MG)"
"57","Legislação Tributária dos Estados e do Distrito Federal","LTEST","17268","10.12.01.02.06","5","Das Penalidades referentes ao ICMS (arts. 70 e 71 da Lei Estadual nº 11.651/1991)"
"57","Legislação Tributária dos Estados e do Distrito Federal","LTEST","17274","10.12.01.03.06","5","Das Penalidades referentes ao ITCD (art. 89 da Lei Estadual nº 11.651/1991)"
"57","Legislação Tributária dos Estados e do Distrito Federal","LTEST","13636","18.13.08","3","Das Sistemáticas Específicas de Tributação (arts. 278 ao 474 do RICMS-PE)"
"57","Legislação Tributária dos Estados e do Distrito Federal","LTEST","11837","05.01.02","3","Das Taxas (Art. 158 a 188 da Lei Complementar Estadual nº 19/1997)"
"57","Legislação Tributária dos Estados e do Distrito Federal","LTEST","12312","04.01.03","3","Das Taxas (arts. 111 a 119 da Lei Estadual nº 400/1997)"
"57","Legislação Tributária dos Estados e do Distrito Federal","LTEST","12123","24.02.06","3","Das Taxas (arts. 123 a 136 da Lei Estadual nº 59/1993)"
"57","Legislação Tributária dos Estados e do Distrito Federal","LTEST","17256","10.12.01.05","4","Das Taxas Estaduais (arts. 112 a 117 da Lei Estadual nº 11.651/1991)"
"57","Legislação Tributária dos Estados e do Distrito Federal","LTEST","14749","12.53.05","3","Da Substituição e do Diferimento do Imposto (arts. 448 a 586 do RICMS-MT)"
"57","Legislação Tributária dos Estados e do Distrito Federal","LTEST","12078","22.09.03","3","Da Substituição Tributária (arts. 1º a 252 - Livro III do RICMS-RS)"
"57","Legislação Tributária dos Estados e do Distrito Federal","LTEST","12105","24.06.06","3","Da Substituição Tributária (arts. 727 a 839-T do RICMS-RR)"
"57","Legislação Tributária dos Estados e do Distrito Federal","LTEST","11989","09.03.01.18","4","Da Sujeição a Regime Especial de Fiscalização (art. 67 da Lei Estadual nº 7.000/2001)"
"57","Legislação Tributária dos Estados e do Distrito Federal","LTEST","12243","27.02.14","3","Da Sujeição a Regime Especial de Fiscalização (art. 76 da Lei Estadual nº 3.796/1996)"
"57","Legislação Tributária dos Estados e do Distrito Federal","LTEST","11868","06.04.01.03","4","Da Sujeição Passiva (art. 5º a 12-A da Lei Estadual nº 7.014/1996)"
"57","Legislação Tributária dos Estados e do Distrito Federal","LTEST","17763","25.31.05","3","Da Sujeição Passiva (arts. 10 e 11 do RITCMD-SP)"
"57","Legislação Tributária dos Estados e do Distrito Federal","LTEST","17174","19.03.02","3","Da Sujeição Passiva (arts. 12 a 22 da Lei Estadual nº 4.257/1989)"
"57","Legislação Tributária dos Estados e do Distrito Federal","LTEST","13284","17.01.05","3","Da Sujeição Passiva (arts. 16 a 21 da Lei Estadual nº 11.580/1996)"
"57","Legislação Tributária dos Estados e do Distrito Federal","LTEST","12479","12.21.04","3","Da Sujeição Passiva (arts. 16 ao 22 da Lei Estadual nº 7.098/1998)"
"57","Legislação Tributária dos Estados e do Distrito Federal","LTEST","12096","24.06.01.03","4","Da Sujeição Passiva (arts. 18 a 23 do RICMS-RR)"
"57","Legislação Tributária dos Estados e do Distrito Federal","LTEST","11786","03.02.06","3","Da Sujeição Passiva (arts. 18 a 29 da Lei Estadual nº 5.900/1996)"
"57","Legislação Tributária dos Estados e do Distrito Federal","LTEST","12237","27.02.08","3","Da Sujeição Passiva (arts. 19 a 24 da Lei Estadual nº 3.796/1996)"
"57","Legislação Tributária dos Estados e do Distrito Federal","LTEST","14746","12.53.02","3","Da Sujeição Passiva (arts. 22 a 70 do RICMS-MT)"
"57","Legislação Tributária dos Estados e do Distrito Federal","LTEST","11804","03.09.08","3","Da Sujeição Passiva (arts. 26 a 28 do RITCD-AL)"
"57","Legislação Tributária dos Estados e do Distrito Federal","LTEST","11980","09.03.01.09","4","Da Sujeição Passiva (arts. 27 a 40 da Lei Estadual nº 7.000/2001)"
"57","Legislação Tributária dos Estados e do Distrito Federal","LTEST","11724","16.02.01.03","4","Da Sujeição Passiva (arts. 29 a 38 da Lei nº 6.379/1996)"
"57","Legislação Tributária dos Estados e do Distrito Federal","LTEST","11945","08.37.02","3","Da Sujeição Passiva (arts. 321 a 346 do RICMS-DF)"
"57","Legislação Tributária dos Estados e do Distrito Federal","LTEST","17111","19.21.03","3","Da Sujeição Passiva (arts. 6º a 20 do RICMS/PI)"
"57","Legislação Tributária dos Estados e do Distrito Federal","LTEST","17667","25.12.02","3","Da Sujeição Passiva (arts. 7º a 22-A da Lei Estadual nº 6.374/1989)"
"57","Legislação Tributária dos Estados e do Distrito Federal","LTEST","11964","09.05.05","3","Da Sujeição Passiva (arts. 8º e 9º da Lei Estadual nº 10.011/2013)"
"57","Legislação Tributária dos Estados e do Distrito Federal","LTEST","12157","25.30.01.02","4","Da Sujeição Passiva (arts. 9º a 35 do RICMS-SP)"
"57","Legislação Tributária dos Estados e do Distrito Federal","LTEST","17265","10.12.01.02.03","5","Da Sujeição Passiva do ICMS (arts. 44 a 54-E da Lei Estadual nº 11.651/1991)"
"57","Legislação Tributária dos Estados e do Distrito Federal","LTEST","17277","10.12.01.04.03","5","Da Sujeição Passiva do IPVA (arts. 96 a 99 da Lei Estadual nº 11.651/1991)"
"57","Legislação Tributária dos Estados e do Distrito Federal","LTEST","17271","10.12.01.03.03","5","Da Sujeição Passiva do ITCD (arts. 81 a 83 da Lei Estadual nº 11.651/1991)"
"57","Legislação Tributária dos Estados e do Distrito Federal","LTEST","11975","09.03.01.04","4","Da Suspensão da Cobrança do Imposto (art. 9º da Lei Estadual nº 7.000/2001)"
"57","Legislação Tributária dos Estados e do Distrito Federal","LTEST","17969","15.45.03","3","Da Suspensão da Exigência do Imposto (arts. 518 a 539-B do RICMS-PA)"
"57","Legislação Tributária dos Estados e do Distrito Federal","LTEST","13632","18.13.04","3","Da Suspensão, da Isenção e do Diferimento (arts. 28 ao 34 do RICMS-PE)"
"57","Legislação Tributária dos Estados e do Distrito Federal","LTEST","12198","26.03.04","3","Da Taxa de Segurança Preventiva (arts. 29 a 31 da Lei Estadual nº 7.541/1988)"
"57","Legislação Tributária dos Estados e do Distrito Federal","LTEST","12196","26.03.02","3","Da Taxa de Serviços Gerais (arts. 4º a 7º da Lei Estadual nº 7.541/1988)"
"57","Legislação Tributária dos Estados e do Distrito Federal","LTEST","14209","14.09.11","3","Da Transação (arts. 191 a 193 do RPTA-MG)"
"57","Legislação Tributária dos Estados e do Distrito Federal","LTEST","12167","26.09.06","3","Da Transferência de Créditos (arts. 40 a 52-E do RICMS-SC)"
"57","Legislação Tributária dos Estados e do Distrito Federal","LTEST","17114","19.21.06","3","Da Transferência de Créditos (arts. 62 a 69 do RICMS/PI)"
"57","Legislação Tributária dos Estados e do Distrito Federal","LTEST","12116","24.06.03.03","4","Da Utilização de Equipamento Emissor de Cupom Fiscal (arts. 397 a 486 do RICMS-RR)"
"57","Legislação Tributária dos Estados e do Distrito Federal","LTEST","17480","08.36","2","Decreto Distrital nº 16.090/1994 - Regulamenta a Taxa de Limpeza Pública - TLP (DF)"
"57","Legislação Tributária dos Estados e do Distrito Federal","LTEST","11917","08.37","2","Decreto Distrital nº 18.955/1997 - RICMS (DF)"
"57","Legislação Tributária dos Estados e do Distrito Federal","LTEST","11930","08.40","2","Decreto Distrital nº 23.499/2002 - Regulamenta a LCDF nº 673/2002, que Institui a Contribuição de Iluminação Pública - CIP (DF)"
"57","Legislação Tributária dos Estados e do Distrito Federal","LTEST","17475","08.41","2","Decreto Distrital nº 25.508/2005 - Regulamento do ISS (DF)"
"57","Legislação Tributária dos Estados e do Distrito Federal","LTEST","17478","08.42","2","Decreto Distrital nº 27.576/2006 - Regulamenta o ITBI (DF)"
"57","Legislação Tributária dos Estados e do Distrito Federal","LTEST","17477","08.43","2","Decreto Distrital nº 28.445/2007 - Regulamenta o IPTU (DF)"
"57","Legislação Tributária dos Estados e do Distrito Federal","LTEST","11932","08.44","2","Decreto Distrital nº 33.269/2011 - RPAT (DF)"
"57","Legislação Tributária dos Estados e do Distrito Federal","LTEST","11926","08.45","2","Decreto Distrital nº 34.024/2012 - RIPVA (DF)"
"57","Legislação Tributária dos Estados e do Distrito Federal","LTEST","11919","08.46","2","Decreto Distrital nº 34.063/2012 - Critérios para Substituição Tributária"
"57","Legislação Tributária dos Estados e do Distrito Federal","LTEST","11928","08.47","2","Decreto Distrital nº 34.982/2013 - RITCD (DF)"
"57","Legislação Tributária dos Estados e do Distrito Federal","LTEST","11934","08.48","2","Decreto Distrital nº 39.753/2019 - Adesão a Benefício Fiscal ref. LC nº 160/2017 e Convênio ICMS 190"
"57","Legislação Tributária dos Estados e do Distrito Federal","LTEST","11921","08.49","2","Decreto Distrital nº 39.789/2019 - EFD ICMS-IPI"
"57","Legislação Tributária dos Estados e do Distrito Federal","LTEST","11935","08.50","2","Decreto Distrital nº 39.803/2019 - EMPREGA (DF)"
"57","Legislação Tributária dos Estados e do Distrito Federal","LTEST","11936","08.51","2","Decreto Distrital nº 39.828/2019 - Adesão a Benefício Fiscal ref. LC nº 160/2017 e Convênio ICMS 190"
"57","Legislação Tributária dos Estados e do Distrito Federal","LTEST","11937","08.52","2","Decreto Distrital nº 40.036/2019 - Adesão a Benefício Fiscal ref. LC nº 160/2017 e Convênio ICMS 190"
"57","Legislação Tributária dos Estados e do Distrito Federal","LTEST","11772","03.09","2","Decreto Estadual nº 10.306/2011 - RITCD (AL)"
"57","Legislação Tributária dos Estados e do Distrito Federal","LTEST","11993","09.07","2","Decreto Estadual nº 1.090-R/2002 - RICMS (ES)"
"57","Legislação Tributária dos Estados e do Distrito Federal","LTEST","12307","04.02","2","Decreto Estadual nº 1.173/2016 - Regulamento do Trânsito (AP)"
"57","Legislação Tributária dos Estados e do Distrito Federal","LTEST","11706","13.32","2","Decreto Estadual nº  11.803/2005 - Regime Especial de Controle e Fiscalização (MS)"
"57","Legislação Tributária dos Estados e do Distrito Federal","LTEST","14779","12.50","2","Decreto Estadual nº 1.261/2000 - Regulamenta o Fundo de Transporte e Habitação (FETHAB/MT)"
"57","Legislação Tributária dos Estados e do Distrito Federal","LTEST","11968","09.08","2","Decreto Estadual nº 1.353-R/2004 - Regimento Interno do Conselho Estadual de Recursos Fiscais (CERF)"
"57","Legislação Tributária dos Estados e do Distrito Federal","LTEST","11764","21.30","2","Decreto Estadual nº 13.796/1998 - RIPAT (RN)"
"57","Legislação Tributária dos Estados e do Distrito Federal","LTEST","11692","11.07","2","Decreto Estadual nº 14.689/1995 - RIPAT (MA)"
"57","Legislação Tributária dos Estados e do Distrito Federal","LTEST","11744","18.10","2","Decreto Estadual nº 14.876/1991 - Consolidação da Legislação Tributária do PE"
"57","Legislação Tributária dos Estados e do Distrito Federal","LTEST","12308","04.03","2","Decreto Estadual nº 1.507/2001 - Regulamento do CERF (AP)"
"57","Legislação Tributária dos Estados e do Distrito Federal","LTEST","12087","23.32","2","Decreto Estadual nº 15.474/2010 - RITCD (RO)"
"57","Legislação Tributária dos Estados e do Distrito Federal","LTEST","13614","24.07","2","Decreto Estadual nº 16.266-E/2013 - Regimento Interno da SEFAZ (RR)"
"57","Legislação Tributária dos Estados e do Distrito Federal","LTEST","18255","13.33","2","Decreto Estadual nº 16.495/2024 - ITCD (MS)"
"57","Legislação Tributária dos Estados e do Distrito Federal","LTEST","17128","19.20","2","Decreto Estadual nº 18.561/2019 - Regulamenta a Lei nº 6.949/2017, que Regula o Processo Administrativo Tributário (PI)"
"57","Legislação Tributária dos Estados e do Distrito Federal","LTEST","11713","16.05","2","Decreto Estadual nº 18.930/1997 - RICMS (PB)"
"57","Legislação Tributária dos Estados e do Distrito Federal","LTEST","11745","18.11","2","Decreto Estadual nº 19.528/1996 - Substituição Tributária e Antecipação do ICMS (PE)"
"57","Legislação Tributária dos Estados e do Distrito Federal","LTEST","11691","11.06","2","Decreto Estadual nº 19.648/2003 - Regimento Interno do TARF (MA)"
"57","Legislação Tributária dos Estados e do Distrito Federal","LTEST","11687","11.05","2","Decreto Estadual nº 19.714/2003 - RICMS (MA)"
"57","Legislação Tributária dos Estados e do Distrito Federal","LTEST","5220","12.51","2","Decreto Estadual nº 1.977/2000 - RIPVA (MT)"
"57","Legislação Tributária dos Estados e do Distrito Federal","LTEST","12005","15.41","2","Decreto Estadual nº 2.057/2018 - Parcelamento de Créditos Tributários e Não Tributários (PA)"
"57","Legislação Tributária dos Estados e do Distrito Federal","LTEST","11688","11.04","2","Decreto Estadual nº 20.685/2004 - RIPVA (MA)"
"57","Legislação Tributária dos Estados e do Distrito Federal","LTEST","11810","05.06","2","Decreto Estadual nº 20.686/1999 - RICMS (AM)"
"57","Legislação Tributária dos Estados e do Distrito Federal","LTEST","14980","12.52","2","Decreto Estadual nº 2.125/2003 - RITCD (MT)"
"57","Legislação Tributária dos Estados e do Distrito Federal","LTEST","12224","27.30","2","Decreto Estadual nº 21.400/2002 - RICMS (SE)"
"57","Legislação Tributária dos Estados e do Distrito Federal","LTEST","11752","19.21","2","Decreto Estadual nº 21.866/2023 - RICMS (PI)"
"57","Legislação Tributária dos Estados e do Distrito Federal","LTEST","11761","21.31","2","Decreto Estadual nº 22.063/2010 - RITCMD (RN)"
"57","Legislação Tributária dos Estados e do Distrito Federal","LTEST","11694","12.53","2","Decreto Estadual nº 2.212/2014 - RICMS (MT)"
"57","Legislação Tributária dos Estados e do Distrito Federal","LTEST","12211","26.13","2","Decreto Estadual nº 22.586/1984 - Regulamento de Normas Gerais de Direito Tributário (RNGDT-SC)"
"57","Legislação Tributária dos Estados e do Distrito Federal","LTEST","11659","04.04","2","Decreto Estadual nº 2.269/1998 - RICMS (AP)"
"57","Legislação Tributária dos Estados e do Distrito Federal","LTEST","12083","23.33","2","Decreto Estadual nº 22.721/2018 - RICMS (RO)"
"57","Legislação Tributária dos Estados e do Distrito Federal","LTEST","11854","05.07","2","Decreto Estadual nº 23.994/2003 - Regulamento da Lei nº 2.826/2003 (AM)"
"57","Legislação Tributária dos Estados e do Distrito Federal","LTEST","11714","16.06","2","Decreto Estadual nº 24.403/2003 - Regime Especial de Tributação aos Bares e Similares (PB)"
"57","Legislação Tributária dos Estados e do Distrito Federal","LTEST","12062","20.40","2","Decreto Estadual nº 2.473/1979 - RPAT (RJ)"
"57","Legislação Tributária dos Estados e do Distrito Federal","LTEST","11906","07.30","2","Decreto Estadual nº 25.468/1999 - Regulamenta a Lei Estadual nº 12.732/1997 (CONAT-CE)"
"57","Legislação Tributária dos Estados e do Distrito Federal","LTEST","11830","05.08","2","Decreto Estadual nº 26.428/2006 - RIPVA (AM)"
"57","Legislação Tributária dos Estados e do Distrito Federal","LTEST","12003","15.42","2","Decreto Estadual nº 2.703/2006 - RIPVA (PA)"
"57","Legislação Tributária dos Estados e do Distrito Federal","LTEST","18392","23.34","2","Decreto Estadual nº 27.375/2022 - Apuração dos Índices de Participação dos Municípios Rondonienses no Produto da Arrecadação do ICMS (RO)"
"57","Legislação Tributária dos Estados e do Distrito Federal","LTEST","12055","20.41","2","Decreto Estadual nº 27.427/2000 - RICMS (RJ)"
"57","Legislação Tributária dos Estados e do Distrito Federal","LTEST","12161","26.09","2","Decreto Estadual nº 2.870/2001 - RICMS (SC)"
"57","Legislação Tributária dos Estados e do Distrito Federal","LTEST","12186","26.10","2","Decreto Estadual nº 2.884/2004 - RITCMD (SC)"
"57","Legislação Tributária dos Estados e do Distrito Federal","LTEST","12250","27.31","2","Decreto Estadual nº 29.684/2014 - RIPVA (SE)"
"57","Legislação Tributária dos Estados e do Distrito Federal","LTEST","1973","27.32","2","Decreto Estadual nº 29.803/2014 - Regulamenta o Processo Administrativo Fiscal (RPAF-SE)"
"57","Legislação Tributária dos Estados e do Distrito Federal","LTEST","12175","26.11","2","Decreto Estadual nº 2.993/1989 - RIPVA (SC)"
"57","Legislação Tributária dos Estados e do Distrito Federal","LTEST","2312","27.33","2","Decreto Estadual nº 29.935/2014 - Dispõe sobre a Consolidação do Decreto nº 22.230/2003 (RPSDI-SE)"
"57","Legislação Tributária dos Estados e do Distrito Federal","LTEST","1975","27.34","2","Decreto Estadual nº 29.994/2015 - RITCMD (SE)"
"57","Legislação Tributária dos Estados e do Distrito Federal","LTEST","12256","27.35","2","Decreto Estadual nº 30.479/2017 - Regulamenta o FEEF (SE)"
"57","Legislação Tributária dos Estados e do Distrito Federal","LTEST","12203","26.12","2","Decreto Estadual nº 3.114/2010 - Regimento Interno do Tribunal Administrativo Tributário (RITAT-SC)"
"57","Legislação Tributária dos Estados e do Distrito Federal","LTEST","17991","21.32","2","Decreto Estadual nº 31.825/2022 - RICMS (RN)"
"57","Legislação Tributária dos Estados e do Distrito Federal","LTEST","12069","22.07","2","Decreto Estadual nº 32.144/1985 - RIPVA (RS)"
"57","Legislação Tributária dos Estados e do Distrito Federal","LTEST","11853","05.09","2","Decreto Estadual nº 33.084/2013 - Regulamenta a Lei nº 3.830/2012 (AM)"
"57","Legislação Tributária dos Estados e do Distrito Federal","LTEST","12071","22.08","2","Decreto Estadual nº 33.156/1989 - RITCD (RS)"
"57","Legislação Tributária dos Estados e do Distrito Federal","LTEST","18284","07.31","2","Decreto Estadual nº 33.327/2019 - Consolida e Regulamenta a Legislação do ICMS (CE)"
"57","Legislação Tributária dos Estados e do Distrito Federal","LTEST","11661","04.05","2","Decreto Estadual nº 3.340/1995 - RIPVA (AP)"
"57","Legislação Tributária dos Estados e do Distrito Federal","LTEST","11908","07.32","2","Decreto Estadual nº 33.657/2020 - Regulamenta a Lei Estadual nº 13.568/2004 (CE)"
"57","Legislação Tributária dos Estados e do Distrito Federal","LTEST","11901","07.33","2","Decreto Estadual nº 34.605/2022 - Fiscalização, Infrações, Penalidades e Consulta referentes ao RICMS (CE)"
"57","Legislação Tributária dos Estados e do Distrito Federal","LTEST","11776","03.10","2","Decreto Estadual nº 35.245/1991 - RICMS (AL)"
"57","Legislação Tributária dos Estados e do Distrito Federal","LTEST","11999","15.43","2","Decreto Estadual nº 3.578/1999 - Regimento Interno do TARF (PA)"
"57","Legislação Tributária dos Estados e do Distrito Federal","LTEST","13618","18.12","2","Decreto Estadual nº 35.985/2010 - RICD (PE)"
"57","Legislação Tributária dos Estados e do Distrito Federal","LTEST","11662","04.06","2","Decreto Estadual nº 3.601/2000 - RITCMD (AP)"
"57","Legislação Tributária dos Estados e do Distrito Federal","LTEST","12066","22.09","2","Decreto Estadual nº 37.699/1997 - RICMS (RS)"
"57","Legislação Tributária dos Estados e do Distrito Federal","LTEST","11996","15.40","2","Decreto Estadual nº 386/2012 - Regulamento da TFRM e CERM (PA)"
"57","Legislação Tributária dos Estados e do Distrito Federal","LTEST","17961","15.44","2","Decreto Estadual nº 4.185/2024 - Regulamenta a TFRH e o CERH (PA)"
"57","Legislação Tributária dos Estados e do Distrito Federal","LTEST","14724","20.42","2","Decreto Estadual nº 42.475/2010 - Aprova o Regulamento da Lei nº 5.139/2007 (RJ)"
"57","Legislação Tributária dos Estados e do Distrito Federal","LTEST","11646","14.06","2","Decreto Estadual nº 43.080/2002 - RICMS MG "
"57","Legislação Tributária dos Estados e do Distrito Federal","LTEST","12091","24.06","2","Decreto Estadual nº 4.335/2001 - RICMS (RR)"
"57","Legislação Tributária dos Estados e do Distrito Federal","LTEST","11647","14.07","2","Decreto Estadual nº 43.709/2003 - RIPVA MG"
"57","Legislação Tributária dos Estados e do Distrito Federal","LTEST","11648","14.08","2","Decreto Estadual nº 43.981/2005 - RITCD MG"
"57","Legislação Tributária dos Estados e do Distrito Federal","LTEST","13640","18.13","2","Decreto Estadual nº 44.650/2017 - RICMS (PE)"
"57","Legislação Tributária dos Estados e do Distrito Federal","LTEST","11649","14.09","2","Decreto Estadual nº 44.747/2008 - RPTA MG"
"57","Legislação Tributária dos Estados e do Distrito Federal","LTEST","12140","25.30","2","Decreto Estadual nº 45.490/2000 - RICMS (SP)"
"57","Legislação Tributária dos Estados e do Distrito Federal","LTEST","11839","05.05","2","Decreto Estadual nº 4.564/1979 - Regulamento do Processo Tributário-Administrativo (RPAT-AM)"
"57","Legislação Tributária dos Estados e do Distrito Federal","LTEST","18135","02.51","2","Decreto Estadual nº 462/1987 - Regulamenta a LCE nº 07/1982 no que se Refere ao Processo Tributário Administrativo (AC)"
"57","Legislação Tributária dos Estados e do Distrito Federal","LTEST","12144","25.31","2","Decreto Estadual nº 46.655/2002 - RITCMD (SP)"
"57","Legislação Tributária dos Estados e do Distrito Federal","LTEST","12000","15.45","2","Decreto Estadual nº 4.676/2001 - RICMS (PA)"
"57","Legislação Tributária dos Estados e do Distrito Federal","LTEST","11650","14.10","2","Decreto Estadual nº 48.361/2022 - Regimento Interno do Conselho de Contribuintes de MG"
"57","Legislação Tributária dos Estados e do Distrito Federal","LTEST","11666","10.20","2","Decreto Estadual nº 4.852/1997 - RCTE (GO)"
"57","Legislação Tributária dos Estados e do Distrito Federal","LTEST","17758","25.32","2","Decreto Estadual nº 54.714/2009 - Lançamento de Ofício do IPVA (SP)"
"57","Legislação Tributária dos Estados e do Distrito Federal","LTEST","11737","17.06","2","Decreto Estadual nº 6.080/2012 - RICMS (PR)"
"57","Legislação Tributária dos Estados e do Distrito Federal","LTEST","14284","25.33","2","Decreto Estadual nº 66.702/2022 - Regulamenta o Art. 3º e Outros da Lei nº 17.348/2021 (SP)"
"57","Legislação Tributária dos Estados e do Distrito Federal","LTEST","11880","06.06","2","Decreto Estadual nº 7.592/1999 - Regimento Interno do Conselho de Fazenda Estadual (CONSEF-BA)"
"57","Legislação Tributária dos Estados e do Distrito Federal","LTEST","11879","06.07","2","Decreto Estadual nº 7.629/1999 - Regulamento do Processo Administrativo Fiscal (RPAF-BA)"
"57","Legislação Tributária dos Estados e do Distrito Federal","LTEST","12306","04.07","2","Decreto Estadual nº 7.907/2003 - Regulamento das Taxas (AP)"
"57","Legislação Tributária dos Estados e do Distrito Federal","LTEST","11656","02.50","2","Decreto Estadual nº 8/1998 - RICMS (AC)"
"57","Legislação Tributária dos Estados e do Distrito Federal","LTEST","13484","24.05","2","Decreto Estadual nº 856-E/1994 - Regulamenta a Lei nº 72/1994 (Contencioso Administrativo Fiscal)"
"57","Legislação Tributária dos Estados e do Distrito Federal","LTEST","11667","10.21","2","Decreto Estadual nº 9.104/2017 - DIFAL para Contribuinte do Simples Nacional (GO)"
"57","Legislação Tributária dos Estados e do Distrito Federal","LTEST","11704","13.30","2","Decreto Estadual nº 9.203/1998 - RICMS (MS)"
"57","Legislação Tributária dos Estados e do Distrito Federal","LTEST","11707","13.31","2","Decreto Estadual nº  9.895/2005 - Tratamento Tributário a Produtos Agrícolas (MS)"
"57","Legislação Tributária dos Estados e do Distrito Federal","LTEST","12085","23.31","2","Decreto Estadual nº 9.963/2002 - RIPVA (RO)"
"57","Legislação Tributária dos Estados e do Distrito Federal","LTEST","12054","20.01","2","Decreto-Lei Estadual nº 05/1975 - Código Tributário do Estado do Rio de Janeiro (RJ)"
"57","Legislação Tributária dos Estados e do Distrito Federal","LTEST","11929","08.35","2","Decreto-Lei nº 82/1966 - Regula o Sistema Tributário do DF"
"57","Legislação Tributária dos Estados e do Distrito Federal","LTEST","17506","10.20.01.03","4","Demais Artigos da Parte Geral do RCTE-GO"
"57","Legislação Tributária dos Estados e do Distrito Federal","LTEST","11838","05.01.03","3","Demais dispositivos da Lei Complementar Estadual nº 19/1997)"
"57","Legislação Tributária dos Estados e do Distrito Federal","LTEST","11877","06.01.06","3","Demais Dispositivos da Lei Estadual nº 3.956/1981"
"57","Legislação Tributária dos Estados e do Distrito Federal","LTEST","12200","26.03.06","3","Demais Dispositivos da Lei Estadual nº 7.541/1988"
"57","Legislação Tributária dos Estados e do Distrito Federal","LTEST","11910","07.98","2","Demais Documentos sobre Educação Fiscal e Cidadania (CE)"
"57","Legislação Tributária dos Estados e do Distrito Federal","LTEST","12051","15.11.12","3","Deveres do Contribuinte e do Responsável (arts. 27-A a 27-E da Lei Estadual nº 5.529/1989)"
"57","Legislação Tributária dos Estados e do Distrito Federal","LTEST","12209","26.12.01","3","Disposição Preliminar (art. 1º do RITAT-SC)"
"57","Legislação Tributária dos Estados e do Distrito Federal","LTEST","14177","14.07.05","3","Disposições Comuns para Fruição de Imunidade e Reconhecimento de Isenção (arts. 9º a 11 do RIPVA-MG)"
"57","Legislação Tributária dos Estados e do Distrito Federal","LTEST","11947","08.37.04","3","Disposições Finais e Transitórias (arts. 381 a 398 do RICMS-DF)"
"57","Legislação Tributária dos Estados e do Distrito Federal","LTEST","17402","10.14.03","3","Disposições Finais e Transitórias (arts. 64 a 72 da Lei Estadual nº 16.469/2009)"
"57","Legislação Tributária dos Estados e do Distrito Federal","LTEST","17258","10.12.02.01","4","Disposições Gerais (arts. 127 a 140 da Lei Estadual nº 11.651/1991)"
"57","Legislação Tributária dos Estados e do Distrito Federal","LTEST","13641","18.13.01","3","Disposições Gerais (arts. 1º ao 5º do RICMS-PE)"
"57","Legislação Tributária dos Estados e do Distrito Federal","LTEST","12135","24.02.01","3","Disposições Gerais (arts. 1º e 2º da Lei Estadual nº 59/1993)"
"57","Legislação Tributária dos Estados e do Distrito Federal","LTEST","12052","15.11.13","3","Disposições Gerais (arts. 28 e 29 da Lei Estadual nº 5.529/1989)"
"57","Legislação Tributária dos Estados e do Distrito Federal","LTEST","17403","10.14.01.01","4","Disposições Gerais (arts. 3º a 5º da Lei Estadual nº 16.469/2009)"
"57","Legislação Tributária dos Estados e do Distrito Federal","LTEST","11951","09.03.02","3","Disposições Gerais (arts. 82 a 128 da Lei Estadual nº 7.000/2001)"
"57","Legislação Tributária dos Estados e do Distrito Federal","LTEST","17139","19.04.01","3","Disposições Gerais e da Incidência (arts. 1º a 5º da Lei Estadual nº 4.261/1989)"
"57","Legislação Tributária dos Estados e do Distrito Federal","LTEST","2255","27.07.01","3","Disposições Preliminares (art. 1º da Lei Estadual nº 7.655/2013)"
"57","Legislação Tributária dos Estados e do Distrito Federal","LTEST","17705","25.16.01","3","Disposições Preliminares e Fato Gerador (arts. 1º a 4º da Lei Estadual nº 13.296/2008)"
"57","Legislação Tributária dos Estados e do Distrito Federal","LTEST","14753","12.53.11","3","Do Abandono de Bens e Mercadorias (arts. 930 do RICMS-MT)"
"57","Legislação Tributária dos Estados e do Distrito Federal","LTEST","12486","12.21.11","3","Do Abandono de Bens e Mercadorias e do Devedor Costumaz (arts. 47-K e 47-L da Lei nº 7.098/1998)"
"57","Legislação Tributária dos Estados e do Distrito Federal","LTEST","12487","12.21.12","3","Do Apoio à Conformidade Tributária e da Medida Cautelar Fiscal (arts. 47-M a 47-O)"
"57","Legislação Tributária dos Estados e do Distrito Federal","LTEST","14216","14.09.18","3","Do Atestado de Regularidade Fiscal (arts. 223 a 230-C do RPTA-MG)"
"57","Legislação Tributária dos Estados e do Distrito Federal","LTEST","11833","05.08.03","3","Do Cadastro (arts. 26 a 31 do RIPVA-AM)"
"57","Legislação Tributária dos Estados e do Distrito Federal","LTEST","16685","17.01.10","3","Do Cadastro (arts. 33 e 34 da Lei Estadual nº 11.580/1996)"
"57","Legislação Tributária dos Estados e do Distrito Federal","LTEST","12036","15.42.11","3","Do Cadastro (arts. 49 a 51 do RIPVA-PA)"
"57","Legislação Tributária dos Estados e do Distrito Federal","LTEST","17712","25.16.08","3","Do Cadastro de Contribuintes (arts. 30 e 31 da Lei Estadual nº 13.296/2008)"
"57","Legislação Tributária dos Estados e do Distrito Federal","LTEST","12022","15.45.02.02","4","Do Cadastro de Contribuintes do ICMS (arts. 129 a 167-A do RICMS-PA)"
"57","Legislação Tributária dos Estados e do Distrito Federal","LTEST","12104","24.06.01.11","4","Do Cadastro de Inadimplência da Fazenda Pública Estadual - CIPE (arts. 102 a 109 do RICMS-RR)"
"57","Legislação Tributária dos Estados e do Distrito Federal","LTEST","14585","17.02.05","3","Do Cadastro e da Fiscalização (arts. 7º e 8º da Lei Estadual nº 14.260/2003)"
"57","Legislação Tributária dos Estados e do Distrito Federal","LTEST","11981","09.03.01.10","4","Do Cadastro Fiscal e da Inscrição (arts. 41 a 43 da Lei Estadual nº 7.000/2001)"
"57","Legislação Tributária dos Estados e do Distrito Federal","LTEST","12108","24.06.02.02","4","Do Cadastro Geral da Fazenda - CGF (arts. 111 a 142 do RICMS-RR)"
"57","Legislação Tributária dos Estados e do Distrito Federal","LTEST","14191","14.08.07","3","Do Cálculo do Imposto (arts. 11 a 25 do RITCD-MG)"
"57","Legislação Tributária dos Estados e do Distrito Federal","LTEST","13623","18.08.04","3","Do Cálculo do Imposto (arts. 12 a 18-B da Lei Estadual nº 15.730/2016)"
"57","Legislação Tributária dos Estados e do Distrito Federal","LTEST","17686","25.12.03.01.02","5","Do Cálculo do Imposto (arts. 24 a 66 da Lei Estadual nº 6.374/1989)"
"57","Legislação Tributária dos Estados e do Distrito Federal","LTEST","12098","24.06.01.05","4","Do Cálculo do Imposto (arts. 29 a 46 do RICMS-RR)"
"57","Legislação Tributária dos Estados e do Distrito Federal","LTEST","12165","26.09.04","3","Do Cálculo do Imposto (arts. 9º a 27 do RICMS-SC)"
"57","Legislação Tributária dos Estados e do Distrito Federal","LTEST","13630","18.13.02","3","Do Cálculo do Imposto Devido (arts. 6º ao 22 do RICMS-PE)"
"57","Legislação Tributária dos Estados e do Distrito Federal","LTEST","11965","09.05.06","3","Do Cálculo do Pagamento do Imposto (arts. 10 a 14 da Lei Estadual nº 10.011/2013)"
"57","Legislação Tributária dos Estados e do Distrito Federal","LTEST","14167","14.03.04","3","Do Cálculo do Tributo (arts. 4º a 11 da Lei Estadual nº 14.941/2003)"
"57","Legislação Tributária dos Estados e do Distrito Federal","LTEST","11803","03.09.07","3","Do Cálculo e do Lançamento do Imposto (arts. 8º a 25 do RITCD-AL)"
"57","Legislação Tributária dos Estados e do Distrito Federal","LTEST","17161","19.05.08","3","Do Cálculo e dos Prazos de Recolhimento (arts. 15 a 22 da Lei Estadual nº 4.548/1992)"
"57","Legislação Tributária dos Estados e do Distrito Federal","LTEST","14159","14.06.08","3","Do Código Fiscal de Operações e Prestação e do Código de Situação Tributária (art. 187 do RICMS-MG)"
"57","Legislação Tributária dos Estados e do Distrito Federal","LTEST","17968","15.45.02.09","4","Do Código Fiscal de Operações e Prestações, Do Código de Atividades Econômicas e do Código de Situação Tributária (arts. 515 a 517 do RICMS-PA)"
"57","Legislação Tributária dos Estados e do Distrito Federal","LTEST","13633","18.13.05","3","Do Comércio Exterior (arts. 35 ao 48 do RICMS-PE)"
"57","Legislação Tributária dos Estados e do Distrito Federal","LTEST","17406","10.14.02.01","4","Do Conselho Administrativo Tributário - CAT (arts. 54 a 61 da Lei Estadual nº 16.469/2009)"
"57","Legislação Tributária dos Estados e do Distrito Federal","LTEST","14207","14.09.09","3","Do Conselho de Contribuintes (arts. 172 a 188 do RPTA-MG)"
"57","Legislação Tributária dos Estados e do Distrito Federal","LTEST","14941","17.04.03.01","4","Do Conselho de Contribuintes e Recursos Fiscais - CCRF (arts. 65 a 80 da Lei nº 18.877/2016)"
"57","Legislação Tributária dos Estados e do Distrito Federal","LTEST","14803","17.04.03","3","Do Conselho de Contribuintes e Recursos Fiscais e da Representação Fiscal (arts. 65 a 83 da Lei nº 18.877/2016)"
"57","Legislação Tributária dos Estados e do Distrito Federal","LTEST","14206","14.09.08","3","Do Contencioso Administrativo Fiscal (arts. 106 a 171 do RPTA-MG)"
"57","Legislação Tributária dos Estados e do Distrito Federal","LTEST","12129","24.03.01","3","Do Contencioso Administrativo Fiscal do Estado (arts. 1º a 26 da Lei Estadual nº 72/1994)"
"57","Legislação Tributária dos Estados e do Distrito Federal","LTEST","14168","14.03.05","3","Do Contribuinte (art. 12 da Lei Estadual nº 14.941/2003)"
"57","Legislação Tributária dos Estados e do Distrito Federal","LTEST","17677","25.12.02.01","4","Do Contribuinte (art. 7º da Lei Estadual nº 6.374/1989)"
"57","Legislação Tributária dos Estados e do Distrito Federal","LTEST","14178","14.07.06","3","Do Contribuinte, do Responsável e a sua Obrigação (arts. 12 a 15 do RIPVA-MG)"
"57","Legislação Tributária dos Estados e do Distrito Federal","LTEST","10336","27.07.06","3","Do Contribuinte e do Responsável (arts. 10 e 11 da Lei Estadual nº 7.655/2013)"
"57","Legislação Tributária dos Estados e do Distrito Federal","LTEST","12028","15.42.03","3","Do Contribuinte e do Responsável (arts. 13 e 14 do RIPVA-PA)"
"57","Legislação Tributária dos Estados e do Distrito Federal","LTEST","17706","25.16.02","3","Do Contribuinte e do Responsável (arts. 5º e 6º da Lei Estadual nº 13.296/2008)"
"57","Legislação Tributária dos Estados e do Distrito Federal","LTEST","14582","17.02.04","3","Do Contribuinte e do Responsável (arts. 5º e 6º da Lei Estadual nº 14.260/2003)"
"57","Legislação Tributária dos Estados e do Distrito Federal","LTEST","14190","14.08.06","3","Do Contribuinte e do Responsável (arts. 8º a 10 do RITCD-MG)"
"57","Legislação Tributária dos Estados e do Distrito Federal","LTEST","13306","17.01.14","3","Do Controle e da Orientação Fiscal (arts. 47 a 53 da Lei Estadual nº 11.580/1996)"
"57","Legislação Tributária dos Estados e do Distrito Federal","LTEST","12171","26.09.10","3","Do Controle e Fiscalização do Imposto (arts. 68 a 78-A do RICMS-SC)"
"57","Legislação Tributária dos Estados e do Distrito Federal","LTEST","17135","19.20.02.01","4","Do Corpo de Julgadores (arts. 121 a 124 do Decreto Estadual nº 18.561/2019)"
"57","Legislação Tributária dos Estados e do Distrito Federal","LTEST","11815","05.06.05","3","Do Crédito do Imposto (arts. 20 a 36 do RICMS-AM)"
"57","Legislação Tributária dos Estados e do Distrito Federal","LTEST","17261","10.12.02.04","4","Do Crédito Tributário (arts. 157 a 198-C da Lei Estadual nº 11.651/1991)"
"57","Legislação Tributária dos Estados e do Distrito Federal","LTEST","17487","08.01.05","3","Do Crédito Tributário (arts. 25 a 36 da LCDF nº 04/1994)"
"57","Legislação Tributária dos Estados e do Distrito Federal","LTEST","14205","14.09.07","3","Do Crédito Tributário (arts. 66 a 105 do RPTA-MG)"
"57","Legislação Tributária dos Estados e do Distrito Federal","LTEST","17117","19.21.09","3","Do Crédito Tributário do Estado (arts. 120 a 127 do RICMS/PI)"
"57","Legislação Tributária dos Estados e do Distrito Federal","LTEST","11884","07.09.04","3","Do Critério Espacial (arts. 24 a 26 da Lei Estadual nº 18.665/2023)"
"57","Legislação Tributária dos Estados e do Distrito Federal","LTEST","11885","07.09.05","3","Do Critério Pessoal (arts. 27 a 43 da Lei Estadual nº 18.665/2023)"
"57","Legislação Tributária dos Estados e do Distrito Federal","LTEST","11886","07.09.06","3","Do Critério Quantitativo (arts. 44 a 66 da Lei Estadual nº 18.665/2023)"
"57","Legislação Tributária dos Estados e do Distrito Federal","LTEST","14208","14.09.10","3","Do Depósito Administrativo (arts. 189 e 190 do RPTA-MG)"
"57","Legislação Tributária dos Estados e do Distrito Federal","LTEST","11976","09.03.01.05","4","Do Diferimento (art. 10 da Lei Estadual nº 7.000/2001)"
"57","Legislação Tributária dos Estados e do Distrito Federal","LTEST","17972","15.45.06","3","Do Diferimento (arts. 666 a 669 do RICMS-PA)"
"57","Legislação Tributária dos Estados e do Distrito Federal","LTEST","17593","07.09.03","3","Do Diferimento e da Suspensão (arts. 17 a 23 da Lei Estadual nº 18.665/2023)"
"57","Legislação Tributária dos Estados e do Distrito Federal","LTEST","11731","16.02.01.10","4","Do Documentário e Da Escritura Fiscal (art. 71 da Lei nº 6.379/1996)"
"57","Legislação Tributária dos Estados e do Distrito Federal","LTEST","11825","05.06.15","3","Do Documentário Fiscal (arts. 202 a 310 do RICMS-AM)"
"57","Legislação Tributária dos Estados e do Distrito Federal","LTEST","17966","15.45.02.07","4","Do Documento de Arrecadação (arts. 511 a 512-A do RICMS-PA)"
"57","Legislação Tributária dos Estados e do Distrito Federal","LTEST","17967","15.45.02.08","4","Do Documento de Informações (arts. 513 a 514-A do RICMS-PA)"
"57","Legislação Tributária dos Estados e do Distrito Federal","LTEST","11987","09.03.01.16","4","Do Documento Fiscal e Outras Obrigações do Contribuinte (arts. 61 da Lei Estadual nº 7.000/2001)"
"57","Legislação Tributária dos Estados e do Distrito Federal","LTEST","17680","25.12.02.04","4","Do Estabelecimento (arts. 12 a 15 da Lei Estadual nº 6.374/1989)"
"57","Legislação Tributária dos Estados e do Distrito Federal","LTEST","12097","24.06.01.04","4","Do Estabelecimento (arts. 24 a 28 do RICMS-RR)"
"57","Legislação Tributária dos Estados e do Distrito Federal","LTEST","11983","09.03.01.12","4","Do Estabelecimento (arts. 45 a 47 da Lei Estadual nº 7.000/2001)"
"57","Legislação Tributária dos Estados e do Distrito Federal","LTEST","13298","17.03.02.03","4","Do Fato Gerador (art. 13 da Lei Estadual nº 18.573/2015)"
"57","Legislação Tributária dos Estados e do Distrito Federal","LTEST","11782","03.02.02","3","Do Fato Gerador (art. 2º da Lei Estadual nº 5.900/1996)"
"57","Legislação Tributária dos Estados e do Distrito Federal","LTEST","14186","14.08.02","3","Do Fato Gerador (art. 3º do RITCD-MG)"
"57","Legislação Tributária dos Estados e do Distrito Federal","LTEST","1916","17.01.03","3","Do Fato Gerador (art. 5º da Lei Estadual nº 11.580/1996)"
"57","Legislação Tributária dos Estados e do Distrito Federal","LTEST","11962","09.05.03","3","Do Fato Gerador (art. 6º da Lei Estadual nº 10.011/2013)"
"57","Legislação Tributária dos Estados e do Distrito Federal","LTEST","11801","03.09.05","3","Do Fato Gerador (art. 6º do RITCD-AL)"
"57","Legislação Tributária dos Estados e do Distrito Federal","LTEST","12233","27.02.04","3","Do Fato Gerador (art. 8º da Lei Estadual nº 3.796/1996)"
"57","Legislação Tributária dos Estados e do Distrito Federal","LTEST","11972","09.03.01.01","4","Do Fato Gerador (arts. 1º a 3º da Lei Estadual nº 7.000/2001)"
"57","Legislação Tributária dos Estados e do Distrito Federal","LTEST","2258","27.07.02","3","Do Fato Gerador (arts. 2º a 4º da Lei Estadual nº 7.655/2013)"
"57","Legislação Tributária dos Estados e do Distrito Federal","LTEST","14174","14.07.02","3","Do Fato Gerador (arts. 3º a 3º-B do RIPVA-MG)"
"57","Legislação Tributária dos Estados e do Distrito Federal","LTEST","11860","06.04.01","3","Do Fato Gerador da Obrigação Tributária Principal (arts. 1º a 23-C da Lei Estadual nº 7.014/1996)"
"57","Legislação Tributária dos Estados e do Distrito Federal","LTEST","12115","24.06.03.02","4","Do Formulário de Segurança e da Emissão Simultânea de Docs. Fiscais (arts. 321 a 335 do RICMS-RR)"
"57","Legislação Tributária dos Estados e do Distrito Federal","LTEST","14568","17.03.01","3","Do Fundo Estadual de Combate à Pobreza do Paraná (arts. 1º a 6º da Lei Estadual nº 18.573/2015)"
"57","Legislação Tributária dos Estados e do Distrito Federal","LTEST","17253","10.12.01.02","4","Do ICMS (arts. 11  a 71 da Lei Estadual nº 11.651/1991)"
"57","Legislação Tributária dos Estados e do Distrito Federal","LTEST","12137","24.02.03","3","Do ICMS (arts. 4º a 72 da Lei Estadual nº 59/1993)"
"57","Legislação Tributária dos Estados e do Distrito Federal","LTEST","12318","04.01.02.01","4","Do ICMS (arts. 6º a 71 da Lei Estadual nº 400/1997)"
"57","Legislação Tributária dos Estados e do Distrito Federal","LTEST","11722","16.02.01.01","4","Do Imposto (arts. 1º a 10 da Lei nº 6.379/1996)"
"57","Legislação Tributária dos Estados e do Distrito Federal","LTEST","17173","19.03.01","3","Do Imposto (arts. 1º a 11 da Lei Estadual nº 4.257/1989)"
"57","Legislação Tributária dos Estados e do Distrito Federal","LTEST","11831","05.08.01","3","Do Imposto (arts. 1º a 11 do RIPVA-AM)"
"57","Legislação Tributária dos Estados e do Distrito Federal","LTEST","12225","27.30.01","3","Do Imposto (arts. 1º a 141 do RICMS-SE)"
"57","Legislação Tributária dos Estados e do Distrito Federal","LTEST","12094","24.06.01.01","4","Do Imposto (arts. 1º a 16 do RICMS-RR)"
"57","Legislação Tributária dos Estados e do Distrito Federal","LTEST","11940","08.37.01","3","Do Imposto (arts. 1º a 320-U do RICMS-DF)"
"57","Legislação Tributária dos Estados e do Distrito Federal","LTEST","12026","15.42.01","3","Do Imposto (arts. 1º a 3º do RIPVA-PA)"
"57","Legislação Tributária dos Estados e do Distrito Federal","LTEST","14152","14.06.01","3","Do Imposto (arts. 1º a 61 do RICMS-MG)"
"57","Legislação Tributária dos Estados e do Distrito Federal","LTEST","17666","25.12.01","3","Do Imposto (arts. 1º a 6º da Lei Estadual nº 6.374/1989)"
"57","Legislação Tributária dos Estados e do Distrito Federal","LTEST","11950","09.03.01","3","Do Imposto (arts. 1º a 81 da Lei Estadual nº 7.000/2001)"
"57","Legislação Tributária dos Estados e do Distrito Federal","LTEST","12156","25.30.01.01","4","Do Imposto (arts. 1º a 8º do RICMS-SP)"
"57","Legislação Tributária dos Estados e do Distrito Federal","LTEST","11956","09.02.01","3","Do Imposto (arts. 2º a 20 da Lei Estadual nº 6.999/2001)"
"57","Legislação Tributária dos Estados e do Distrito Federal","LTEST","14745","12.53.01","3","Do Imposto (arts. 2º a 21 do RICMS-MT)"
"57","Legislação Tributária dos Estados e do Distrito Federal","LTEST","17154","19.05.01","3","Do Imposto e da Incidência (arts. 1º a 3º da Lei Estadual nº 4.548/1992)"
"57","Legislação Tributária dos Estados e do Distrito Federal","LTEST","14352","17.03.02","3","Do Imposto sobre a Transmissão Causa Mortis e Doações, de Quaisquer Bens ou Direitos - ITCMD (arts. 7º a 49 da Lei Estadual nº 18.573/2015)"
"57","Legislação Tributária dos Estados e do Distrito Federal","LTEST","17255","10.12.01.04","4","Do IPVA (arts. 90 a 111 da Lei Estadual nº 11.651/1991)"
"57","Legislação Tributária dos Estados e do Distrito Federal","LTEST","12320","04.01.02.03","4","Do IPVA (arts. 96 a 110 da Lei Estadual nº 400/1997)"
"57","Legislação Tributária dos Estados e do Distrito Federal","LTEST","12121","24.02.04","3","Do IPVA (arts. 96 a 110 da Lei Estadual nº 59/1993)"
"57","Legislação Tributária dos Estados e do Distrito Federal","LTEST","17254","10.12.01.03","4","Do ITCD (arts. 72 a 89 da Lei Estadual nº 11.651/1991)"
"57","Legislação Tributária dos Estados e do Distrito Federal","LTEST","12319","04.01.02.02","4","Do ITCD (arts. 72 a 95 da Lei Estadual nº 400/1997)"
"57","Legislação Tributária dos Estados e do Distrito Federal","LTEST","12122","24.02.05","3","Do ITCD (arts. 73 a 95 da Lei Estadual nº 59/1993)"
"57","Legislação Tributária dos Estados e do Distrito Federal","LTEST","11836","05.01.01","3","Do ITCMD (arts. 113 a 147 da Lei Complementar Estadual nº 19/1997)"
"57","Legislação Tributária dos Estados e do Distrito Federal","LTEST","12031","15.42.06","3","Do Lançamento (art. 25 do RIPVA-PA)"
"57","Legislação Tributária dos Estados e do Distrito Federal","LTEST","17158","19.05.05","3","Do Lançamento (arts. 10 e 10-A da Lei Estadual nº 4.548/1992)"
"57","Legislação Tributária dos Estados e do Distrito Federal","LTEST","12016","15.45.01.09","4","Do Lançamento (arts. 48 a 49 do RICMS-PA)"
"57","Legislação Tributária dos Estados e do Distrito Federal","LTEST","14703","17.01.16","3","Do Lançamento (arts. 56 e 57 da Lei Estadual nº 11.580/1996)"
"57","Legislação Tributária dos Estados e do Distrito Federal","LTEST","12181","26.11.06","3","Do Lançamento (arts. 9º-A e 9º-B do RIPVA-SC)"
"57","Legislação Tributária dos Estados e do Distrito Federal","LTEST","11727","16.02.01.06","4","Do Lançamento do Imposto (art. 53 da Lei nº 6.379/1996)"
"57","Legislação Tributária dos Estados e do Distrito Federal","LTEST","17709","25.16.05","3","Do Lançamento do Imposto (arts. 17 a 20 da Lei Estadual nº 13.296/2008)"
"57","Legislação Tributária dos Estados e do Distrito Federal","LTEST","13159","17.02.08","3","Do Lançamento, do Vencimento, do Pagamento e do Parcelamento (arts. 9º  a 12 da Lei Estadual nº 14.260/2003)"
"57","Legislação Tributária dos Estados e do Distrito Federal","LTEST","14197","14.08.13","3","Do Lançamento e da Fiscalização (arts. 41 a 44 do RITCD-MG)"
"57","Legislação Tributária dos Estados e do Distrito Federal","LTEST","12191","26.10.05","3","Do Lançamento e do Pagamento do Imposto (arts. 12 a 18 do RITCMD-SC)"
"57","Legislação Tributária dos Estados e do Distrito Federal","LTEST","11819","05.06.09","3","Do Lançamento por Homologação e da Apuração do Imposto (arts. 93 a 104 do RICMS-AM)"
"57","Legislação Tributária dos Estados e do Distrito Federal","LTEST","11818","05.06.08","3","Do Local da Operação (arts. 91 e 92 do RICMS-AM)"
"57","Legislação Tributária dos Estados e do Distrito Federal","LTEST","12095","24.06.01.02","4","Do Local da Operação e da Prestação (art. 17 do RICMS-RR)"
"57","Legislação Tributária dos Estados e do Distrito Federal","LTEST","13312","17.01.06","3","Do Local da Operação e da Prestação (art. 22 da Lei Estadual nº 11.580/1996)"
"57","Legislação Tributária dos Estados e do Distrito Federal","LTEST","17685","25.12.03.01.01","5","Do Local da Operação e da Prestação (art. 23 da Lei Estadual nº 6.374/1989)"
"57","Legislação Tributária dos Estados e do Distrito Federal","LTEST","11725","16.02.01.04","4","Do Local da Operação e da Prestação (art. 39 da Lei nº 6.379/1996)"
"57","Legislação Tributária dos Estados e do Distrito Federal","LTEST","11982","09.03.01.11","4","Do Local da Operação e da Prestação (art. 44 da Lei Estadual nº 7.000/2001)"
"57","Legislação Tributária dos Estados e do Distrito Federal","LTEST","11869","06.04.01.04","4","Do Local da Operação e da Prestação (arts. 13 e 14 da Lei Estadual nº 7.014/1996)"
"57","Legislação Tributária dos Estados e do Distrito Federal","LTEST","12013","15.45.01.06","4","Do Local da Operação e da Prestação (arts. 18 e 19 do RICMS-PA)"
"57","Legislação Tributária dos Estados e do Distrito Federal","LTEST","12234","27.02.05","3","Do Local da Operação ou Prestação (arts. 9º e 10 da Lei Estadual nº 3.796/1996)"
"57","Legislação Tributária dos Estados e do Distrito Federal","LTEST","11802","03.09.06","3","Do Local da Prestação (art. 7º do RITCD-AL)"
"57","Legislação Tributária dos Estados e do Distrito Federal","LTEST","11787","03.02.07","3","Do Local de Operação e da Prestação (art. 30 da Lei Estadual nº 5.900/1996)"
"57","Legislação Tributária dos Estados e do Distrito Federal","LTEST","14154","14.06.03","3","Do Local, Forma, Prazo e Incentivo à Pontualidade (arts. 81 a 91-F do RICMS-MG)"
"57","Legislação Tributária dos Estados e do Distrito Federal","LTEST","11867","06.04.01.02","4","Do Momento da Ocorrência do Fato Gerador (art. 4º da Lei Estadual nº 7.014/1996)"
"57","Legislação Tributária dos Estados e do Distrito Federal","LTEST","12009","15.45.01.02","4","Do Momento da Ocorrência do Fato Gerador (arts. 2º a 4º do RICMS-PA)"
"57","Legislação Tributária dos Estados e do Distrito Federal","LTEST","12182","26.11.07","3","Do Pagamento (arts. 10 a 13 do RIPVA-SC)"
"57","Legislação Tributária dos Estados e do Distrito Federal","LTEST","11805","03.09.09","3","Do Pagamento (arts. 29 a 31 do RITCD-AL)"
"57","Legislação Tributária dos Estados e do Distrito Federal","LTEST","17672","25.12.07","3","Do Pagamento do Débito Fiscal (arts. 95 a 103 da Lei Estadual nº 6.374/1989)"
"57","Legislação Tributária dos Estados e do Distrito Federal","LTEST","17145","19.04.07","3","Do Pagamento do Imposto (art. 18 da Lei Estadual nº 4.261/1989)"
"57","Legislação Tributária dos Estados e do Distrito Federal","LTEST","14169","14.03.06","3","Do Pagamento do Imposto (arts. 13 a 16 da Lei Estadual nº 14.941/2003)"
"57","Legislação Tributária dos Estados e do Distrito Federal","LTEST","14192","14.08.08","3","Do Pagamento do Imposto (arts. 26 a 30 do RITCD-MG)"
"57","Legislação Tributária dos Estados e do Distrito Federal","LTEST","17278","10.12.01.04.04","5","Do Pagamento do IPVA (arts. 100 a 102 da Lei Estadual nº 11.651/1991)"
"57","Legislação Tributária dos Estados e do Distrito Federal","LTEST","17489","08.01.07","3","Do Pagamento Indevido (arts. 47 a 50 da LCDF nº 04/1994)"
"57","Legislação Tributária dos Estados e do Distrito Federal","LTEST","14155","14.06.04","3","Do Pagamento Indevido (arts. 92 a 95-A do RICMS-MG)"
"57","Legislação Tributária dos Estados e do Distrito Federal","LTEST","11992","09.03.01.21","4","Do Pagamento Parcelado (arts. 78 a 81 da Lei Estadual nº 7.000/2001)"
"57","Legislação Tributária dos Estados e do Distrito Federal","LTEST","14212","14.09.14","3","Do Parcelamento (arts. 202 a 206 do RPTA-MG)"
"57","Legislação Tributária dos Estados e do Distrito Federal","LTEST","17768","25.31.10","3","Do Parcelamento (arts. 34 a 36 do RITCMD-SP)"
"57","Legislação Tributária dos Estados e do Distrito Federal","LTEST","12102","24.06.01.09","4","Do Parcelamento (arts. 86 a 97 do RICMS-RR)"
"57","Legislação Tributária dos Estados e do Distrito Federal","LTEST","17152","19.04.14","3","Do Parcelamento e Disposições Finais (arts. 37 e 43 da Lei Estadual nº 4.261/1989)"
"57","Legislação Tributária dos Estados e do Distrito Federal","LTEST","12485","12.21.10","3","Do Parcelamento e do Regime Especial de Fiscalização e de Pagamento (arts. 47-H a 47-J)"
"57","Legislação Tributária dos Estados e do Distrito Federal","LTEST","12317","04.01.08","3","Do Procedimento Administrativo Fiscal (arts. 173 a 252 da Lei Estadual nº 400/1997)"
"57","Legislação Tributária dos Estados e do Distrito Federal","LTEST","17716","25.16.12","3","Do Procedimento Administrativo Tributário (arts. 42 a 48 da Lei Estadual nº 13.296/2008)"
"57","Legislação Tributária dos Estados e do Distrito Federal","LTEST","17132","19.20.01.02","4","Do Procedimento Fiscal e da Instauração do Contencioso Administrativo Tributário (arts. 24 a 106 do Decreto Estadual nº 18.561/2019)"
"57","Legislação Tributária dos Estados e do Distrito Federal","LTEST","11875","06.01.04","3","Do Processo Administrativo Fiscal (arts. 122 a 162 da Lei Estadual nº 3.956/1981)"
"57","Legislação Tributária dos Estados e do Distrito Federal","LTEST","3163","17.04.02","3","Do Processo Administrativo Fiscal (arts. 13 a 64 da Lei nº 18.877/2016)"
"57","Legislação Tributária dos Estados e do Distrito Federal","LTEST","14722","17.02.12","3","Do Processo Administrativo Fiscal (arts. 16 e 17 da Lei Estadual nº 14.260/2003)"
"57","Legislação Tributária dos Estados e do Distrito Federal","LTEST","17262","10.12.02.05","4","Do Processo Administrativo Tributário (arts. 199 a 203 da Lei Estadual nº 11.651/1991)"
"57","Legislação Tributária dos Estados e do Distrito Federal","LTEST","17129","19.20.01","3","Do Processo Administrativo Tributário (arts. 1º a 120 do Decreto Estadual nº 18.561/2019)"
"57","Legislação Tributária dos Estados e do Distrito Federal","LTEST","17400","10.14.01","3","Do Processo Administrativo Tributário (arts. 3º a 53-I da Lei Estadual nº 16.469/2009)"
"57","Legislação Tributária dos Estados e do Distrito Federal","LTEST","12205","26.12.03","3","Do Processo (arts. 31 a 76 do RITAT-SC)"
"57","Legislação Tributária dos Estados e do Distrito Federal","LTEST","17133","19.20.01.03","4","Do Processo de Consulta (arts. 107 a 118 do Decreto Estadual nº 18.561/2019)"
"57","Legislação Tributária dos Estados e do Distrito Federal","LTEST","14202","14.09.04","3","Do Processo de Consulta (arts. 37 a 48 do RPTA-MG)"
"57","Legislação Tributária dos Estados e do Distrito Federal","LTEST","14200","14.09.02","3","Do Processo de Reconhecimento de Isenção (arts. 24 a 27 do RPTA-MG)"
"57","Legislação Tributária dos Estados e do Distrito Federal","LTEST","17134","19.20.01.04","4","Do Processo de Restituição (arts. 119 a 120 do Decreto Estadual nº 18.561/2019)"
"57","Legislação Tributária dos Estados e do Distrito Federal","LTEST","14201","14.09.03","3","Do Processo de Restituição (arts. 28 a 36 do RPTA-MG)"
"57","Legislação Tributária dos Estados e do Distrito Federal","LTEST","11844","05.05.06","3","Do Processo e do Recurso em Segunda Instância Administrativa (arts. 102 a 116 da RPAT-AM)"
"57","Legislação Tributária dos Estados e do Distrito Federal","LTEST","12206","26.12.04","3","Do Processo Eletrônico (arts. 77 a 84 do RITAT-SC)"
"57","Legislação Tributária dos Estados e do Distrito Federal","LTEST","11842","05.05.04","3","Do Processo em Primeira Instância Administrativa (arts. 42 a 96 da RPAT-AM)"
"57","Legislação Tributária dos Estados e do Distrito Federal","LTEST","12132","24.03.04","3","Do Processo Especial de Consulta (arts. 73 a 84 da Lei Estadual nº 72/1994)"
"57","Legislação Tributária dos Estados e do Distrito Federal","LTEST","12131","24.03.03","3","Do Processo Especial de Restituição (arts. 66 a 72 da Lei Estadual nº 72/1994)"
"57","Legislação Tributária dos Estados e do Distrito Federal","LTEST","17671","25.12.06","3","Do Processo Fiscal (arts. 89 a 94 da Lei Estadual nº 6.374/1989)"
"57","Legislação Tributária dos Estados e do Distrito Federal","LTEST","11952","09.03.03","3","Do Processo Tributário Administrativo (arts. 129 a 154 da Lei Estadual nº 7.000/2001)"
"57","Legislação Tributária dos Estados e do Distrito Federal","LTEST","14199","14.09.01","3","Do Processo Tributário Administrativo - PTA (arts. 1º a 23-D do RPTA-MG)"
"57","Legislação Tributária dos Estados e do Distrito Federal","LTEST","12180","26.11.05","3","Do Recolhimento das Imunidades e Isenções (arts. 7º e 9º do RIPVA-SC)"
"57","Legislação Tributária dos Estados e do Distrito Federal","LTEST","11888","07.09.08","3","Do Recolhimento do ICMS (arts. 89 a 95 da Lei Estadual nº 18.665/2023)"
"57","Legislação Tributária dos Estados e do Distrito Federal","LTEST","12019","15.45.01.12","4","Do Recolhimento do Imposto (arts. 108 a 117 do RICMS-PA)"
"57","Legislação Tributária dos Estados e do Distrito Federal","LTEST","17779","25.14.05","3","Do Recolhimento do Imposto (arts. 17 a 20 da Lei Estadual nº 10.705/2000)"
"57","Legislação Tributária dos Estados e do Distrito Federal","LTEST","2282","27.07.09","3","Do Recolhimento do Imposto (arts. 19 a 23 da Lei Estadual nº 7.655/2013)"
"57","Legislação Tributária dos Estados e do Distrito Federal","LTEST","17710","25.16.06","3","Do Recolhimento do Imposto (arts. 21 a 26 da Lei Estadual nº 13.296/2008)"
"57","Legislação Tributária dos Estados e do Distrito Federal","LTEST","13631","18.13.03","3","Do Recolhimento do Imposto (arts. 23 ao 27 do RICMS-PE)"
"57","Legislação Tributária dos Estados e do Distrito Federal","LTEST","17767","25.31.09","3","Do Recolhimento do Imposto (arts. 30 a 33 do RITCMD-SP)"
"57","Legislação Tributária dos Estados e do Distrito Federal","LTEST","11728","16.02.01.07","4","Do Recolhimento do Imposto (arts. 54 a 64 da Lei nº 6.379/1996)"
"57","Legislação Tributária dos Estados e do Distrito Federal","LTEST","12170","26.09.09","3","Do Recolhimento do Imposto (arts. 60 a 67-C do RICMS-SC)"
"57","Legislação Tributária dos Estados e do Distrito Federal","LTEST","17116","19.21.08","3","Do Recolhimento do Imposto (arts. 83 a 119 do RICMS/PI)"
"57","Legislação Tributária dos Estados e do Distrito Federal","LTEST","11800","03.09.04","3","Do Reconhecimento da Não Incidência e da Isenção (art. 5º do RITCD-AL)"
"57","Legislação Tributária dos Estados e do Distrito Federal","LTEST","17762","25.31.04","3","Do Reconhecimento da Não-Incidência e da Isenção (arts. 7º a 9º do RITCMD-SP)"
"57","Legislação Tributária dos Estados e do Distrito Federal","LTEST","14189","14.08.05","3","Do Reconhecimento de Não-Incidência e de Isenção do ITCD (art. 7º do RITCD-MG)"
"57","Legislação Tributária dos Estados e do Distrito Federal","LTEST","12219","26.07.07","3","Do Recurso Administrativo e da Revisão (arts. 46-A a 46-E da Lei Complementar Estadual nº 313/2005)"
"57","Legislação Tributária dos Estados e do Distrito Federal","LTEST","14590","17.01.07","3","Do Regime de Compensação do Imposto (arts. 23 a 29 da Lei Estadual nº 11.580/1996)"
"57","Legislação Tributária dos Estados e do Distrito Federal","LTEST","12018","15.45.01.11","4","Do Regime de Compensação do Imposto (arts. 91 a 107 do RICMS-PA)"
"57","Legislação Tributária dos Estados e do Distrito Federal","LTEST","13626","18.08.07","3","Do Regime de Substituição Tributária (arts. 32 a 39 da Lei Estadual nº 15.730/2016)"
"57","Legislação Tributária dos Estados e do Distrito Federal","LTEST","12442","17.01.08","3","Do Regime de Tributação Monofásica (arts. 29-A a 29-F da Lei Estadual nº 11.580/1996)"
"57","Legislação Tributária dos Estados e do Distrito Federal","LTEST","17684","25.12.03.03","4","Do Regime Especial (art. 71 da Lei Estadual nº 6.374/1989)"
"57","Legislação Tributária dos Estados e do Distrito Federal","LTEST","12240","27.02.11","3","Do Regime Especial de Tributação (arts. 52 a 56 da Lei Estadual nº 3.796/1996)"
"57","Legislação Tributária dos Estados e do Distrito Federal","LTEST","14182","14.07.10","3","Do Registro e da Transferência do Veículo (arts. 34 a 36 do RIPVA-MG)"
"57","Legislação Tributária dos Estados e do Distrito Federal","LTEST","12035","15.42.10","3","Do Registro e da Transferência do Veículo (arts. 46 a 48 do RIPVA-PA)"
"57","Legislação Tributária dos Estados e do Distrito Federal","LTEST","17679","25.12.02.03","4","Do Responsável (arts. 9º a 11 da Lei Estadual nº 6.374/1989)"
"57","Legislação Tributária dos Estados e do Distrito Federal","LTEST","13627","18.08.08","3","Do Ressarcimento do Imposto Antecipado (art. 40 da Lei Estadual nº 15.730/2016)"
"57","Legislação Tributária dos Estados e do Distrito Federal","LTEST","11806","03.09.10","3","Dos Acréscimos e das Penalidades (arts. 32 a 36 do RITCD-AL)"
"57","Legislação Tributária dos Estados e do Distrito Federal","LTEST","12484","12.21.09","3","Dos Acréscimos Legais e das Penalidades (arts. 47-A ao 47-G da Lei Estadual nº 7.098/1998)"
"57","Legislação Tributária dos Estados e do Distrito Federal","LTEST","14752","12.53.10","3","Dos Acréscimos Legais e das Penalidades (arts. 917 a 929 do RICMS-MT)"
"57","Legislação Tributária dos Estados e do Distrito Federal","LTEST","17147","19.04.09","3","Dos Acréscimos Moratórios (art. 20 da Lei Estadual nº 4.261/1989)"
"57","Legislação Tributária dos Estados e do Distrito Federal","LTEST","2284","27.07.10","3","Dos Acréscimos Moratórios (art. 24 da Lei Estadual nº 7.655/2013)"
"57","Legislação Tributária dos Estados e do Distrito Federal","LTEST","17711","25.16.07","3","Dos Acréscimos Moratórios e dos Juros (arts. 27 a 29 da Lei Estadual nº 13.296/2008)"
"57","Legislação Tributária dos Estados e do Distrito Federal","LTEST","11876","06.01.02","3","Dos Acréscimos Tributários (arts. 100 a 105 da Lei Estadual nº 3.956/1981)"
"57","Legislação Tributária dos Estados e do Distrito Federal","LTEST","12020","15.45.01.13","4","Dos Acréscimos Tributários (arts. 118 a 121 do RICMS-PA)"
"57","Legislação Tributária dos Estados e do Distrito Federal","LTEST","11841","05.05.02","3","Dos Atos e Termos Processuais (arts. 14 a 27 da RPAT-AM)"
"57","Legislação Tributária dos Estados e do Distrito Federal","LTEST","17676","25.12.01.02","4","Dos Benefícios Fiscais (arts. 4º a 6º da Lei Estadual nº 6.374/1989)"
"57","Legislação Tributária dos Estados e do Distrito Federal","LTEST","12011","15.45.01.04","4","Dos Benefícios Fiscais (arts. 6º a 12 do RICMS-PA)"
"57","Legislação Tributária dos Estados e do Distrito Federal","LTEST","11813","05.06.03","3","Dos Benefícios Fiscais e da Suspensão (arts. 5º a 11 do RICMS-AM)"
"57","Legislação Tributária dos Estados e do Distrito Federal","LTEST","12188","26.10.02","3","Dos Contribuintes e dos Responsáveis (arts. 3º a 5º do RITCMD-SC)"
"57","Legislação Tributária dos Estados e do Distrito Federal","LTEST","12177","26.11.02","3","Dos Contribuintes e Responsáveis (art. 2º do RIPVA-SC)"
"57","Legislação Tributária dos Estados e do Distrito Federal","LTEST","11504","17.03.02.04","4","Dos Contribuintes e Responsáveis (arts. 14 a 16 da Lei Estadual nº 18.573/2015)"
"57","Legislação Tributária dos Estados e do Distrito Federal","LTEST","17144","19.04.06","3","Dos Contribuintes e Responsáveis (arts. 16 e 17 da Lei Estadual nº 4.261/1989)"
"57","Legislação Tributária dos Estados e do Distrito Federal","LTEST","11816","05.06.06","3","Dos Contribuintes e Responsáveis (arts. 37 a 76 do RICMS-AM)"
"57","Legislação Tributária dos Estados e do Distrito Federal","LTEST","17157","19.05.04","3","Dos Contribuintes e Responsáveis (arts. 7º a 9º da Lei Estadual nº 4.548/1992)"
"57","Legislação Tributária dos Estados e do Distrito Federal","LTEST","17777","25.14.03","3","Dos Contribuintes e Responsáveis (arts. 7º e 8º da Lei Estadual nº 10.705/2000)"
"57","Legislação Tributária dos Estados e do Distrito Federal","LTEST","12118","24.06.05","3","Dos Demais Procedimentos Especiais (arts. 498 a 704-AAN do RICMS-RR)"
"57","Legislação Tributária dos Estados e do Distrito Federal","LTEST","17971","15.45.05","3","Dos Depósitos Fechados e Armazéns Gerais (arts. 617 a 638 do RICMS-PA)"
"57","Legislação Tributária dos Estados e do Distrito Federal","LTEST","1972","27.07.14","3","Dos Descontos no Pagamento de Multas (art. 36 da Lei Estadual nº 7.655/2013)"
"57","Legislação Tributária dos Estados e do Distrito Federal","LTEST","12218","26.07.06","3","Dos Deveres da Administração Tributária (arts. 34 a 46 da Lei Complementar Estadual nº 313/2005)"
"57","Legislação Tributária dos Estados e do Distrito Federal","LTEST","12216","26.07.04","3","Dos Deveres do Contribuinte (arts. 28 a 30 da Lei Complementar Estadual nº 313/2005)"
"57","Legislação Tributária dos Estados e do Distrito Federal","LTEST","14170","14.03.07","3","Dos Deveres do Contribuinte e do Responsável (arts. 17 a 21 da Lei Estadual nº 14.941/2003)"
"57","Legislação Tributária dos Estados e do Distrito Federal","LTEST","14193","14.08.09","3","Dos Deveres do Contribuinte e do Responsável (arts. 31 a 35-A do RITCD-MG)"
"57","Legislação Tributária dos Estados e do Distrito Federal","LTEST","12215","26.07.03","3","Dos Direitos do Contribuinte (arts. 16 a 27 da Lei Complementar Estadual nº 313/2005)"
"57","Legislação Tributária dos Estados e do Distrito Federal","LTEST","12111","24.06.02.05","4","Dos Documentos de Apuração e Informação (arts. 275 a 277 do RICMS-RR)"
"57","Legislação Tributária dos Estados e do Distrito Federal","LTEST","17267","10.12.01.02.05","5","Dos Documentos e dos Livros Fiscais (arts. 64 a 69 da Lei Estadual nº 11.651/1991)"
"57","Legislação Tributária dos Estados e do Distrito Federal","LTEST","12109","24.06.02.03","4","Dos Documentos Fiscais (arts. 143 a 257-A do RICMS-RR)"
"57","Legislação Tributária dos Estados e do Distrito Federal","LTEST","17962","15.45.02.03","4","Dos Documentos Fiscais (arts. 168 a 291 do RICMS-PA)"
"57","Legislação Tributária dos Estados e do Distrito Federal","LTEST","17963","15.45.02.04","4","Dos Documentos Fiscais Avulsos (arts. 346 a 355 do RICMS-PA)"
"57","Legislação Tributária dos Estados e do Distrito Federal","LTEST","11723","16.02.01.02","4","Dos Elementos Quantificadores (arts. 11 a 28 da Lei nº 6.379/1996)"
"57","Legislação Tributária dos Estados e do Distrito Federal","LTEST","13005","17.01.04","3","Dos Elementos Quantificadores (arts. 6º a 15 da Lei Estadual nº 11.580/1996)"
"57","Legislação Tributária dos Estados e do Distrito Federal","LTEST","12114","24.06.03","3","Dos Equipamentos de Uso Fiscal (arts. 290 a 486 do RICMS-RR)"
"57","Legislação Tributária dos Estados e do Distrito Federal","LTEST","12311","04.01.02","3","Dos Impostos (arts. 6º a 110 da Lei Estadual nº 400/1997)"
"57","Legislação Tributária dos Estados e do Distrito Federal","LTEST","12220","26.07.08","3","Do Sistema Estadual de Ética Tributária (arts. 47 a 51 da Lei Complementar Estadual nº 313/2005)"
"57","Legislação Tributária dos Estados e do Distrito Federal","LTEST","12310","04.01.01","3","Do Sistema Tributário (arts. 1º a 5º da Lei Estadual nº 400/1997)"
"57","Legislação Tributária dos Estados e do Distrito Federal","LTEST","14195","14.08.11","3","Dos Juros de Mora (art. 38 do RITCD-MG)"
"57","Legislação Tributária dos Estados e do Distrito Federal","LTEST","17148","19.04.10","3","Dos Juros de Mora e da Atualização Monetária (arts. 21 e 22 da Lei Estadual nº 4.261/1989)"
"57","Legislação Tributária dos Estados e do Distrito Federal","LTEST","11788","03.02.08","3","Dos Lançamentos (art. 31 da Lei Estadual nº 5.900/1996)"
"57","Legislação Tributária dos Estados e do Distrito Federal","LTEST","12110","24.06.02.04","4","Dos Livros Fiscais (arts. 258 a 274-B do RICMS-RR)"
"57","Legislação Tributária dos Estados e do Distrito Federal","LTEST","17965","15.45.02.06","4","Dos Livros Fiscais (arts. 491 a 510 do RICMS-PA)"
"57","Legislação Tributária dos Estados e do Distrito Federal","LTEST","12480","12.21.05","3","Dos Locais da Operação e da Prestação (art. 23 da Lei Estadual nº 7.098/1998)"
"57","Legislação Tributária dos Estados e do Distrito Federal","LTEST","17401","10.14.02","3","Dos Órgãos Vinculados ao Julgamento Administrativo (arts. 54 a 64 da Lei Estadual nº 16.469/2009)"
"57","Legislação Tributária dos Estados e do Distrito Federal","LTEST","11986","09.03.01.15","4","Dos Prazos de Pagamento (art. 60 da Lei Estadual nº 7.000/2001)"
"57","Legislação Tributária dos Estados e do Distrito Federal","LTEST","3653","17.04.02.01","4","Dos Princípios e das Disposições Gerais do Processo (arts. 13 a 46 da Lei nº 18.877/2016)"
"57","Legislação Tributária dos Estados e do Distrito Federal","LTEST","17970","15.45.04","3","Dos Procedimentos Aplicáveis a Diversas Atividades (arts. 540 a 598-R do RICMS-PA)"
"57","Legislação Tributária dos Estados e do Distrito Federal","LTEST","12227","27.30.03","3","Dos Procedimentos Especiais (arts. 466 a 796 do RICMS-SE)"
"57","Legislação Tributária dos Estados e do Distrito Federal","LTEST","17594","07.09.13","3","Dos Procedimentos Especiais de Verificação da Conformidade Tributária do Sujeito Passivo  (art. 153 da Lei Estadual nº 18.665/2023)"
"57","Legislação Tributária dos Estados e do Distrito Federal","LTEST","13637","18.13.09","3","Dos Procedimentos Específicos (arts. 475 ao 550 do RICMS-PE)"
"57","Legislação Tributária dos Estados e do Distrito Federal","LTEST","14755","12.53.13","3","Dos Processos Administrativos (arts. 970 a 1.059 do RICMS-MT)"
"57","Legislação Tributária dos Estados e do Distrito Federal","LTEST","17405","10.14.01.03","4","Dos Processos Apreciados pela Subsecretaria da Receita Estadual e Superintendências a Ela Subordinadas (arts. 47 a 53-I da Lei Estadual nº 16.469/2009)"
"57","Legislação Tributária dos Estados e do Distrito Federal","LTEST","17404","10.14.01.02","4","Dos Processos Apreciados pelo Conselho Administrativo Tributário (arts. 6º a 46 da Lei Estadual nº 16.469/2009)"
"57","Legislação Tributária dos Estados e do Distrito Federal","LTEST","12130","24.03.02","3","Dos Processos (arts. 27 a 65 da Lei Estadual nº 72/1994)"
"57","Legislação Tributária dos Estados e do Distrito Federal","LTEST","11847","05.05.09","3","Dos Processos Especiais (arts. 163 a 177 da RPAT-AM)"
"57","Legislação Tributária dos Estados e do Distrito Federal","LTEST","11821","05.06.11","3","Dos Recolhimentos Especiais (arts. 109 a 120 do RICMS-AM)"
"57","Legislação Tributária dos Estados e do Distrito Federal","LTEST","11843","05.05.05","3","Dos Recursos Contra Decisões de Primeira Instância (arts. 97 a 101 da RPAT-AM)"
"57","Legislação Tributária dos Estados e do Distrito Federal","LTEST","12314","04.01.05","3","Dos Regimes Especiais (arts. 127 a 146-D da Lei Estadual nº 400/1997)"
"57","Legislação Tributária dos Estados e do Distrito Federal","LTEST","11944","08.37.01.04","4","Dos Regimes Especiais (arts. 261 a 320-U do RICMS-DF)"
"57","Legislação Tributária dos Estados e do Distrito Federal","LTEST","14132","17.01.12","3","Dos Regimes Especiais (arts. 42 a 44 da Lei Estadual nº 11.580/1996)"
"57","Legislação Tributária dos Estados e do Distrito Federal","LTEST","14203","14.09.05","3","Dos Regimes Especiais (arts. 49 a 64-A do RPTA-MG)"
"57","Legislação Tributária dos Estados e do Distrito Federal","LTEST","13638","18.13.10","3","Dos Regimes Especiais (arts. 551 ao 569 do RICMS-PE)"
"57","Legislação Tributária dos Estados e do Distrito Federal","LTEST","11890","07.09.10","3","Dos Regimes Especiais de Tributação (arts. 100 a 102 da Lei Estadual nº 18.665/2023)"
"57","Legislação Tributária dos Estados e do Distrito Federal","LTEST","14158","14.06.07","3","Dos Regimes Especiais de Tributação (arts. 181 a 186 do RICMS-MG)"
"57","Legislação Tributária dos Estados e do Distrito Federal","LTEST","11979","09.03.01.08","4","Dos Regimes Especiais de Tributação (arts. 22 a 26 da Lei Estadual nº 7.000/2001)"
"57","Legislação Tributária dos Estados e do Distrito Federal","LTEST","12117","24.06.04","3","Dos Regimes Especiais de Tributação (arts. 487 a 497 do RICMS-RR)"
"57","Legislação Tributária dos Estados e do Distrito Federal","LTEST","12207","26.12.05","3","Dos Serviços Administrativos (arts. 85 a 90 do RITAT-SC)"
"57","Legislação Tributária dos Estados e do Distrito Federal","LTEST","14956","12.53.07","3","Dos Sistemas Aplicados a Diversas Atividades Econômicas (arts. 712 a 897-I do RICMS-MT)"
"57","Legislação Tributária dos Estados e do Distrito Federal","LTEST","17483","08.01.01","3","Dos Tributos (arts. 2º a 4º-A da LCDF nº 04/1994)"
"57","Legislação Tributária dos Estados e do Distrito Federal","LTEST","17250","10.12.01","3","Dos Tributos Estaduais (arts. 2º a 126 da Lei Estadual nº 11.651/1991)"
"57","Legislação Tributária dos Estados e do Distrito Federal","LTEST","17678","25.12.02.02","4","Do Substituto (art. 8º da Lei Estadual nº 6.374/1989)"
"57","Legislação Tributária dos Estados e do Distrito Federal","LTEST","12012","15.45.01.05","4","Do Sujeito Passivo (arts. 13 a 17 do RICMS-PA)"
"57","Legislação Tributária dos Estados e do Distrito Federal","LTEST","13621","18.08.02","3","Do Sujeito Passivo (arts. 4º a 7º da Lei Estadual nº 15.730/2016)"
"57","Legislação Tributária dos Estados e do Distrito Federal","LTEST","12164","26.09.03","3","Do Sujeito Passivo (arts. 7º e 8º do RICMS-SC)"
"57","Legislação Tributária dos Estados e do Distrito Federal","LTEST","11953","09.03.04","3","Do Tratamento Tributário Dispensado à ME Estadual (arts. 155 a 182 da Lei Estadual nº 7.000/2001)"
"57","Legislação Tributária dos Estados e do Distrito Federal","LTEST","17136","19.20.02.02","4","Do Tribunal Administrativo de Recursos Fiscais (arts. 125 a 156 do Decreto Estadual nº 18.561/2019)"
"57","Legislação Tributária dos Estados e do Distrito Federal","LTEST","14181","14.07.09","3","Do Valor a Pagar, dos Prazos, do Local e da Forma de Pagamento (arts. 27 a 33-A do RIPVA-MG)"
"57","Legislação Tributária dos Estados e do Distrito Federal","LTEST","12100","24.06.01.07","4","Do Valor a Recolher (arts. 65 a 80 do RICMS-RR)"
"57","Legislação Tributária dos Estados e do Distrito Federal","LTEST","12040","15.11.01","3","Fato Gerador (arts. 1º e 2º da Lei Estadual nº 5.529/1989)"
"57","Legislação Tributária dos Estados e do Distrito Federal","LTEST","14160","14.06.09","3","Fiscalização, Controle e Apreensão de Mercadorias e Documentos (arts. 188 a 208 do RICMS-MG)"
"57","Legislação Tributária dos Estados e do Distrito Federal","LTEST","12263","01.05","2","Guia Prático da Escrituração Fiscal Digital - EFD-ICMS/IPI"
"57","Legislação Tributária dos Estados e do Distrito Federal","LTEST","11641","14.01.02","3","ICMS (arts. 5º ao 58 da Lei nº 6.763/1975)"
"57","Legislação Tributária dos Estados e do Distrito Federal","LTEST","17596","01.05.01","3","Informações Gerais sobre a EFD-ICMS/IPI"
"57","Legislação Tributária dos Estados e do Distrito Federal","LTEST","17597","01.05.02","3","Informações para Geração dos Arquivos da EFD-ICMS/IPI"
"57","Legislação Tributária dos Estados e do Distrito Federal","LTEST","17282","10.30","2","IN nº 199-2022-SRE - Autorregularização, pelo Contribuinte, de Irregularidades Decorrentes de Divergências ou Inconsistências Identificadas em Malhas Fiscais (GO)"
"57","Legislação Tributária dos Estados e do Distrito Federal","LTEST","18364","07.50","2","IN SEFAZ/CE nº 92/2021 - Sigilo Fiscal no Âmbito da SEFAZ (CE)"
"57","Legislação Tributária dos Estados e do Distrito Federal","LTEST","14600","17.02.01","3","Introdução e do Fato Gerador (arts. 1º e 2º da Lei Estadual nº 14.260/2003)"
"57","Legislação Tributária dos Estados e do Distrito Federal","LTEST","12041","15.11.02","3","Isenção (art. 3º da Lei Estadual nº 5.529/1989)"
"57","Legislação Tributária dos Estados e do Distrito Federal","LTEST","11861","06.04.02","3","Lançamento, Compensação e Recolhimento do Imposto (arts. 24 a 33 da Lei Estadual nº 7.014/1996)"
"57","Legislação Tributária dos Estados e do Distrito Federal","LTEST","11915","08","1","Legislação Tributária do Distrito Federal (DF)"
"57","Legislação Tributária dos Estados e do Distrito Federal","LTEST","11769","03","1","Legislação Tributária do Estado da Alagoas (AL)"
"57","Legislação Tributária dos Estados e do Distrito Federal","LTEST","11858","06","1","Legislação Tributária do Estado da Bahia (BA)"
"57","Legislação Tributária dos Estados e do Distrito Federal","LTEST","11711","16","1","Legislação Tributária do Estado da Paraíba (PB)"
"57","Legislação Tributária dos Estados e do Distrito Federal","LTEST","11664","10","1","Legislação Tributária do Estado de Goiás (GO)"
"57","Legislação Tributária dos Estados e do Distrito Federal","LTEST","11636","14","1","Legislação Tributária do Estado de Minas Gerais (MG)"
"57","Legislação Tributária dos Estados e do Distrito Federal","LTEST","11743","18","1","Legislação Tributária do Estado de Pernambuco (PE)"
"57","Legislação Tributária dos Estados e do Distrito Federal","LTEST","12081","23","1","Legislação Tributária do Estado de Rondônia (RO)"
"57","Legislação Tributária dos Estados e do Distrito Federal","LTEST","12089","24","1","Legislação Tributária do Estado de Roraima (RR)"
"57","Legislação Tributária dos Estados e do Distrito Federal","LTEST","12160","26","1","Legislação Tributária do Estado de Santa Catarina (SC)"
"57","Legislação Tributária dos Estados e do Distrito Federal","LTEST","12139","25","1","Legislação Tributária do Estado de São Paulo (SP)"
"57","Legislação Tributária dos Estados e do Distrito Federal","LTEST","11768","28","1","Legislação Tributária do Estado de Tocantins (TO)"
"57","Legislação Tributária dos Estados e do Distrito Federal","LTEST","11654","02","1","Legislação Tributária do Estado do Acre (AC)"
"57","Legislação Tributária dos Estados e do Distrito Federal","LTEST","11663","04","1","Legislação Tributária do Estado do Amapá (AP)"
"57","Legislação Tributária dos Estados e do Distrito Federal","LTEST","11809","05","1","Legislação Tributária do Estado do Amazonas (AM)"
"57","Legislação Tributária dos Estados e do Distrito Federal","LTEST","11881","07","1","Legislação Tributária do Estado do Ceará (CE)"
"57","Legislação Tributária dos Estados e do Distrito Federal","LTEST","11949","09","1","Legislação Tributária do Estado do Espírito Santo (ES)"
"57","Legislação Tributária dos Estados e do Distrito Federal","LTEST","11685","11","1","Legislação Tributária do Estado do Maranhão (MA)"
"57","Legislação Tributária dos Estados e do Distrito Federal","LTEST","11703","13","1","Legislação Tributária do Estado do Mato Grosso do Sul (MS)"
"57","Legislação Tributária dos Estados e do Distrito Federal","LTEST","11695","12","1","Legislação Tributária do Estado do Mato Grosso (MT)"
"57","Legislação Tributária dos Estados e do Distrito Federal","LTEST","11735","17","1","Legislação Tributária do Estado do Paraná (PR)"
"57","Legislação Tributária dos Estados e do Distrito Federal","LTEST","11994","15","1","Legislação Tributária do Estado do Pará (PA)"
"57","Legislação Tributária dos Estados e do Distrito Federal","LTEST","11758","19","1","Legislação Tributária do Estado do Piauí (PI)"
"57","Legislação Tributária dos Estados e do Distrito Federal","LTEST","12053","20","1","Legislação Tributária do Estado do Rio de Janeiro (RJ)"
"57","Legislação Tributária dos Estados e do Distrito Federal","LTEST","11765","21","1","Legislação Tributária do Estado do Rio Grande do Norte (RN)"
"57","Legislação Tributária dos Estados e do Distrito Federal","LTEST","12065","22","1","Legislação Tributária do Estado do Rio Grande do Sul (RS)"
"57","Legislação Tributária dos Estados e do Distrito Federal","LTEST","12223","27","1","Legislação Tributário do Estado de Sergipe (SE)"
"57","Legislação Tributária dos Estados e do Distrito Federal","LTEST","11916","08.01","2","Lei Complementar Distrital nº 04/1994 - Código Tributário do Distrito Federal (DF)"
"57","Legislação Tributária dos Estados e do Distrito Federal","LTEST","11923","08.03","2","Lei Complementar Distrital nº 435/2001 - Atualização dos Valores que Especifica"
"57","Legislação Tributária dos Estados e do Distrito Federal","LTEST","11920","08.02","2","Lei Complementar Distrital nº 53/1997 - ECF e PróECF"
"57","Legislação Tributária dos Estados e do Distrito Federal","LTEST","11938","08.04","2","Lei Complementar Distrital nº 833/2011 - Parcelamento de Créditos Tributários"
"57","Legislação Tributária dos Estados e do Distrito Federal","LTEST","12374","08.05","2","Lei Complementar Distrital nº 904/2015 - Racionalização no Ajuizamento de Execuções Fiscais"
"57","Legislação Tributária dos Estados e do Distrito Federal","LTEST","17482","08.06","2","Lei Complementar Distrital nº 937/2017 - Altera a Legislação Distrital relativa ao ISS (DF)"
"57","Legislação Tributária dos Estados e do Distrito Federal","LTEST","14542","08.07","2","Lei Complementar Distrital nº 968/2020 - Lei de Defesa do Contribuinte do DF (LDC/DF)"
"57","Legislação Tributária dos Estados e do Distrito Federal","LTEST","11669","10.01","2","Lei Complementar Estadual nº 104/2013 - Código do Contribuinte (GO)"
"57","Legislação Tributária dos Estados e do Distrito Federal","LTEST","11738","17.05","2","Lei Complementar Estadual nº 107/2005 - Relação Tributária do Contribuinte com a Adm. Fazend. (PR)"
"57","Legislação Tributária dos Estados e do Distrito Federal","LTEST","11657","02.02","2","Lei Complementar Estadual nº 114/2002 - IPVA (AC)"
"57","Legislação Tributária dos Estados e do Distrito Federal","LTEST","18391","23.01","2","Lei Complementar Estadual nº 1.166/2022 - Distribuição da Parcela do ICMS Destinada aos Municípios (RO)"
"57","Legislação Tributária dos Estados e do Distrito Federal","LTEST","17773","25.02","2","Lei Complementar Estadual nº 1.320/2018 - Programa de Estímulo à Conformidade Tributária ""Nos Conformes"" (SP)"
"57","Legislação Tributária dos Estados e do Distrito Federal","LTEST","12074","22.06","2","Lei Complementar Estadual nº 13.452/2010 - Lei Orgânica da Administração Tributária (RS)"
"57","Legislação Tributária dos Estados e do Distrito Federal","LTEST","11835","05.01","2","Lei Complementar Estadual nº 19/1997 - Código Tributário do Estado do Amazonas (AM)"
"57","Legislação Tributária dos Estados e do Distrito Federal","LTEST","12063","20.10","2","Lei Complementar Estadual nº 210/2023 - Fundo Estadual de Combate à Pobreza e às Desigualdades Sociais (FECP-RJ)"
"57","Legislação Tributária dos Estados e do Distrito Federal","LTEST","12212","26.07","2","Lei Complementar Estadual nº 313/2005 - Código de Direitos e Deveres do Contribuinte (SC)"
"57","Legislação Tributária dos Estados e do Distrito Federal","LTEST","18133","02.03","2","Lei Complementar Estadual nº 316/2016 - Autoriza a PGE-AC a Efetuar o Parcelamento dos Débitos Inscritos em Dívida Ativa em até 60 Meses (AC)"
"57","Legislação Tributária dos Estados e do Distrito Federal","LTEST","11911","07.20","2","Lei Complementar Estadual nº 37/2003 - Fundo Estadual de Combate à Pobreza (FECOP-CE)"
"57","Legislação Tributária dos Estados e do Distrito Federal","LTEST","11658","02.04","2","Lei Complementar Estadual nº 373/2020 - ITCMD (AC)"
"57","Legislação Tributária dos Estados e do Distrito Federal","LTEST","15926","02.05","2","Lei Complementar Estadual nº 376/2020 - Tratamento Tributário relativo às Taxas do Poder Executivo (AC)"
"57","Legislação Tributária dos Estados e do Distrito Federal","LTEST","15925","02.06","2","Lei Complementar Estadual nº 413/2022 - Processo Administrativo Tributário (AC)"
"57","Legislação Tributária dos Estados e do Distrito Federal","LTEST","12210","26.08","2","Lei Complementar Estadual nº 465/2009 - Tribunal Administrativo Tributário (TAT-SC)"
"57","Legislação Tributária dos Estados e do Distrito Federal","LTEST","11655","02.01","2","Lei Complementar Estadual nº 55/1997 - ICMS (AC)"
"57","Legislação Tributária dos Estados e do Distrito Federal","LTEST","12006","15.01","2","Lei Complementar Estadual nº 58/2006 - Código do Contribuinte (PA)"
"57","Legislação Tributária dos Estados e do Distrito Federal","LTEST","4699","12.01","2","Lei Complementar Estadual nº 605/2018 - Estatuto da ME, da EPP e do MEI (MT)"
"57","Legislação Tributária dos Estados e do Distrito Federal","LTEST","18026","15.02","2","Lei Complementar Estadual nº 78/2011 - Lei Orgânica da Administração Tributária do Estado (PA)"
"57","Legislação Tributária dos Estados e do Distrito Federal","LTEST","17955","12.02","2","Lei Complementar Estadual nº 789/2024 - Código Estadual de Defesa do Contribuinte (MT)"
"57","Legislação Tributária dos Estados e do Distrito Federal","LTEST","17956","12.03","2","Lei Complementar Estadual nº 798/2024 - Medidas para Solução de Pendências Tributárias e Não-Tributárias, Benefícios Fiscais e Outros (MT) "
"57","Legislação Tributária dos Estados e do Distrito Federal","LTEST","11971","09.06","2","Lei Complementar Estadual nº 884/2018 - Código do Contribuinte (ES)"
"57","Legislação Tributária dos Estados e do Distrito Federal","LTEST","14501","13.20","2","Lei Complementar Estadual nº 93/2001 - Programa MS-Empreendedor"
"57","Legislação Tributária dos Estados e do Distrito Federal","LTEST","12147","25.01","2","Lei Complementar Estadual nº 939/2003 - Código do Contribuinte (SP)"
"57","Legislação Tributária dos Estados e do Distrito Federal","LTEST","11918","08.20","2","Lei Distrital nº 1.254/1996 - ICMS (DF)"
"57","Legislação Tributária dos Estados e do Distrito Federal","LTEST","11939","08.21","2","Lei Distrital nº 2.510/1999 - Simples Candango (DF)"
"57","Legislação Tributária dos Estados e do Distrito Federal","LTEST","11927","08.22","2","Lei Distrital nº 3.804/2006 - ITCD (DF)"
"57","Legislação Tributária dos Estados e do Distrito Federal","LTEST","17476","08.23","2","Lei Distrital nº 3.830/2006 - ITBI (DF)"
"57","Legislação Tributária dos Estados e do Distrito Federal","LTEST","11931","08.24","2","Lei Distrital nº 4.567/2011 - PAT (DF)"
"57","Legislação Tributária dos Estados e do Distrito Federal","LTEST","11924","08.25","2","Lei Distrital nº 5.005/2012 - Apuração do ICMS aos Contr. Industriais, Atacadistas e Distribuidores"
"57","Legislação Tributária dos Estados e do Distrito Federal","LTEST","11933","08.26","2","Lei Distrital nº 6.225/2018 - Remissão de CTs e Reinstituição de Benef., Homologa o Conv. ICMS 190"
"57","Legislação Tributária dos Estados e do Distrito Federal","LTEST","17479","08.27","2","Lei Distrital nº 6.945/1981 - Taxa de Limpeza Pública (DF)"
"57","Legislação Tributária dos Estados e do Distrito Federal","LTEST","11925","08.28","2","Lei Distrital nº 7.431/1985 - IPVA (DF)"
"57","Legislação Tributária dos Estados e do Distrito Federal","LTEST","11959","09.05","2","Lei Estadual nº 10.011/2013 - ITCMD (ES)"
"57","Legislação Tributária dos Estados e do Distrito Federal","LTEST","12146","25.13","2","Lei Estadual nº 10.086/1998 - Regime Tributário Simplificado da ME e EPP (SP)"
"57","Legislação Tributária dos Estados e do Distrito Federal","LTEST","11717","16.04","2","Lei Estadual nº 10.094/2013 - Processo Administrativo Tributário (PAT-PB)"
"57","Legislação Tributária dos Estados e do Distrito Federal","LTEST","18068","20.20","2","Lei Estadual nº 1.012/1986 - Inscrição, como Dívida Ativa, dos Créditos Não Tributários (RJ)"
"57","Legislação Tributária dos Estados e do Distrito Federal","LTEST","12174","26.05","2","Lei Estadual nº 10.297/1996 - ICMS (SC)"
"57","Legislação Tributária dos Estados e do Distrito Federal","LTEST","17960","15.17","2","Lei Estadual nº 10.311/2023 - Institui a TFRH e o CERH (PA)"
"57","Legislação Tributária dos Estados e do Distrito Federal","LTEST","11749","18.02","2","Lei Estadual nº 10.654/1991 - Processo Administrativo-Tributário (PAT-PE)"
"57","Legislação Tributária dos Estados e do Distrito Federal","LTEST","12143","25.14","2","Lei Estadual nº 10.705/2000 - ITCMD (SP)"
"57","Legislação Tributária dos Estados e do Distrito Federal","LTEST","11747","18.03","2","Lei Estadual nº 10.849/1992 - IPVA (PE)"
"57","Legislação Tributária dos Estados e do Distrito Federal","LTEST","11715","16.03","2","Lei Estadual nº 11.007/2017 - IPVA (PB)"
"57","Legislação Tributária dos Estados e do Distrito Federal","LTEST","17283","10.11","2","Lei Estadual nº 11.180/1990 - Fundo de Participação e Fomento do Estado de Goiás (FOMENTAR)"
"57","Legislação Tributária dos Estados e do Distrito Federal","LTEST","13616","18.04","2","Lei Estadual nº 11.408/1996 - ICMS com base na Lei Complementar estadual 87/96 (PE)"
"57","Legislação Tributária dos Estados e do Distrito Federal","LTEST","11746","18.05","2","Lei Estadual nº 11.514/1997 - Infrações, Penalidades e Procedimentos Específicos (PE)"
"57","Legislação Tributária dos Estados e do Distrito Federal","LTEST","11736","17.01","2","Lei Estadual nº 11.580/1996 - ICMS (PR)"
"57","Legislação Tributária dos Estados e do Distrito Federal","LTEST","11878","06.05","2","Lei Estadual nº 11.631/2009 - Taxas Estaduais no Âmbito do Poder Executivo Estadual (BA)"
"57","Legislação Tributária dos Estados e do Distrito Federal","LTEST","11665","10.12","2","Lei Estadual nº 11.651/1991 - Código Tributário do Estado de Goiás (GO)"
"57","Legislação Tributária dos Estados e do Distrito Federal","LTEST","11902","07.01","2","Lei Estadual nº 12.023/1992 - IPVA (CE)"
"57","Legislação Tributária dos Estados e do Distrito Federal","LTEST","17976","21.04","2","Lei Estadual nº 12.217/2025 - Serviço Público de Loteria e Fundo Estadual da Loteria (RN)"
"57","Legislação Tributária dos Estados e do Distrito Federal","LTEST","12148","25.15","2","Lei Estadual nº 12.799/2008 - CADIN ESTADUAL (SP)"
"57","Legislação Tributária dos Estados e do Distrito Federal","LTEST","11766","28.01","2","Lei Estadual nº 1.287/2001 - Código Tributário do Estado do Tocantins (TO)"
"57","Legislação Tributária dos Estados e do Distrito Federal","LTEST","11767","28.02","2","Lei Estadual nº 1.288/2001 - Contencioso Administrativo-Tributário e PAT (TO)"
"57","Legislação Tributária dos Estados e do Distrito Federal","LTEST","12193","26.06","2","Lei Estadual nº 13.136/2004 - ITCMD (SC)"
"57","Legislação Tributária dos Estados e do Distrito Federal","LTEST","12142","25.16","2","Lei Estadual nº 13.296/2008 - IPVA (SP)"
"57","Legislação Tributária dos Estados e do Distrito Federal","LTEST","12145","25.17","2","Lei Estadual nº 13.457/2009 e Decreto Estadual nº 54.486/2009 - Processo Administrativo Tributário (SP)"
"57","Legislação Tributária dos Estados e do Distrito Federal","LTEST","11912","07.02","2","Lei Estadual nº 13.568/2004 - Programa de Incentivo ao Consumidor de Exigência de Doc. Fiscal (CE)"
"57","Legislação Tributária dos Estados e do Distrito Federal","LTEST","17284","10.13","2","Lei Estadual nº 13.591/2000 - Programa de Desenvolvimento Industrial de Goiás (PRODUZIR) e o Fundo de Desenvolvimento de Atividades Industriais (FUNPRODUZIR) "
"57","Legislação Tributária dos Estados e do Distrito Federal","LTEST","11748","18.06","2","Lei Estadual nº 13.974/2009 - ICD (PE)"
"57","Legislação Tributária dos Estados e do Distrito Federal","LTEST","11739","17.02","2","Lei Estadual nº 14.260/2003 - IPVA (PR)"
"57","Legislação Tributária dos Estados e do Distrito Federal","LTEST","11637","14.02","2","Lei Estadual nº 14.937/2003 - IPVA (MG)"
"57","Legislação Tributária dos Estados e do Distrito Federal","LTEST","11651","14.04","2","Lei Estadual nº 14.939/2003 - Custas no Âmbito da Justiça Estadual de MG"
"57","Legislação Tributária dos Estados e do Distrito Federal","LTEST","11638","14.03","2","Lei Estadual nº 14.941/2003 - ITCD (MG)"
"57","Legislação Tributária dos Estados e do Distrito Federal","LTEST","13617","18.07","2","Lei Estadual nº 15.683/2015 - Organização do Contencioso Administrativo-Tributário (PE)"
"57","Legislação Tributária dos Estados e do Distrito Federal","LTEST","11742","18.08","2","Lei Estadual nº 15.730/2016 - ICMS (PE)"
"57","Legislação Tributária dos Estados e do Distrito Federal","LTEST","11903","07.03","2","Lei Estadual nº 15.812/2015 - ITCMD (CE)"
"57","Legislação Tributária dos Estados e do Distrito Federal","LTEST","11904","07.04","2","Lei Estadual nº 15.838/2015 - Taxa de Fiscalização e Prestação de Serviço Público (CE)"
"57","Legislação Tributária dos Estados e do Distrito Federal","LTEST","16735","18.09","2","Lei Estadual nº 15.948/2016 - Concessão de Benefícios Fiscais referentes ao ICMS (PE)"
"57","Legislação Tributária dos Estados e do Distrito Federal","LTEST","11905","07.05","2","Lei Estadual nº 16.132/2016 - Despesas Processuais devidas ao Estado do Ceará (CE)"
"57","Legislação Tributária dos Estados e do Distrito Federal","LTEST","11913","07.06","2","Lei Estadual nº 16.259/2017 - Anistia de Créditos Tributários (CE)"
"57","Legislação Tributária dos Estados e do Distrito Federal","LTEST","11668","10.14","2","Lei Estadual nº 16.469/2009 - Processo Administrativo Tributário (GO)"
"57","Legislação Tributária dos Estados e do Distrito Federal","LTEST","11909","07.07","2","Lei Estadual nº 16.697/2018 - Programa de Educação Fiscal (CE)"
"57","Legislação Tributária dos Estados e do Distrito Federal","LTEST","11705","13.01","2","Lei Estadual nº 1.810/1997 - Código Tributário do Mato Grosso do Sul (MS)"
"57","Legislação Tributária dos Estados e do Distrito Federal","LTEST","11907","07.08","2","Lei Estadual nº 18.185/2022 - Contencioso Administrativo Tributário (CE)"
"57","Legislação Tributária dos Estados e do Distrito Federal","LTEST","11740","17.03","2","Lei Estadual nº 18.573/2015 - ITCMD, Fundo Estadual de Combate à Pobreza e Outros Assuntos (PR)"
"57","Legislação Tributária dos Estados e do Distrito Federal","LTEST","11882","07.09","2","Lei Estadual nº 18.665/2023 - ICMS (CE)"
"57","Legislação Tributária dos Estados e do Distrito Federal","LTEST","16749","17.04","2","Lei Estadual nº 18.877/2016 - Processo Administrativo Fiscal, Conselho de Contribuintes e Recursos Fiscais (PR)"
"57","Legislação Tributária dos Estados e do Distrito Federal","LTEST","17285","10.15","2","Lei Estadual nº 20.787/2020 -  Programa de Desenvolvimento Regional (ProGoiás)"
"57","Legislação Tributária dos Estados e do Distrito Federal","LTEST","12853","14.05","2","Lei Estadual nº 20.826/2013 - Estatuto Mineiro da Microempresa e da Empresa de Pequeno Porte"
"57","Legislação Tributária dos Estados e do Distrito Federal","LTEST","11710","13.02","2","Lei Estadual nº 2.211/2001 - Código de Defesa do Contribuinte do MS"
"57","Legislação Tributária dos Estados e do Distrito Federal","LTEST","11709","13.03","2","Lei Estadual nº 2.315/2001 - Processo Administrativo Tributário (PAT-MS)"
"57","Legislação Tributária dos Estados e do Distrito Federal","LTEST","11969","09.01","2","Lei Estadual nº 2.508/1970 - FUNDAP (ES)"
"57","Legislação Tributária dos Estados e do Distrito Federal","LTEST","12134","24.01","2","Lei Estadual nº 25/1992 - Incentivos Fiscais nas Operações Internas de Mercad. Industrializadas (RR)"
"57","Legislação Tributária dos Estados e do Distrito Federal","LTEST","12056","20.21","2","Lei Estadual nº 2.657/1996 - ICMS (RJ)"
"57","Legislação Tributária dos Estados e do Distrito Federal","LTEST","11855","05.02","2","Lei Estadual nº 2.826/2003 - Política Estadual de Incentivos Fiscais e Extrafiscais (AM)"
"57","Legislação Tributária dos Estados e do Distrito Federal","LTEST","12057","20.22","2","Lei Estadual nº 2.877/1997 - IPVA (RJ)"
"57","Legislação Tributária dos Estados e do Distrito Federal","LTEST","12254","27.01","2","Lei Estadual nº 3.140/1991 - PSDI e FAI (SE)"
"57","Legislação Tributária dos Estados e do Distrito Federal","LTEST","14283","25.11","2","Lei Estadual nº 3.201/1981 - Parcela, Pertencente aos Municípios, do Produto do ICMS (SP)"
"57","Legislação Tributária dos Estados e do Distrito Federal","LTEST","11756","19.01","2","Lei Estadual nº 3.216/1973 - Sistema Tributário do Estado do PI"
"57","Legislação Tributária dos Estados e do Distrito Federal","LTEST","18137","02.20","2","Lei Estadual nº 3.676/2020 - Regulamenta o Parágrafo Único do Art. 116 do CTN, Estabelecendo Procedimentos para o Auditor da Receita Estadual (AC)"
"57","Legislação Tributária dos Estados e do Distrito Federal","LTEST","18134","02.21","2","Lei Estadual nº 3.739/2021 - Autoriza o Poder Executivo a Conceder, em Condições Especiais, o Parcelamento de Débitos Tributários de Empresas em Processo de Recuperação Judicial (AC)"
"57","Legislação Tributária dos Estados e do Distrito Federal","LTEST","12229","27.02","2","Lei Estadual nº 3.796/1996 - ICMS (SE)"
"57","Legislação Tributária dos Estados e do Distrito Federal","LTEST","12201","26.01","2","Lei Estadual nº 3.938/1966 - Normas de Legislação Tributária Estadual (SC)"
"57","Legislação Tributária dos Estados e do Distrito Federal","LTEST","11857","06.01","2","Lei Estadual nº 3.956/1981 - Código Tributário do Estado da Bahia (BA)"
"57","Legislação Tributária dos Estados e do Distrito Federal","LTEST","11660","04.01","2","Lei Estadual nº 400/1997 - Código Tributário Estadual do Estado do Amapá"
"57","Legislação Tributária dos Estados e do Distrito Federal","LTEST","11852","05.03","2","Lei Estadual nº 4.040/2014 - Informatização do Processo Administrativo (AM)"
"57","Legislação Tributária dos Estados e do Distrito Federal","LTEST","18136","02.22","2","Lei Estadual nº 4.059/2022 - Comitê Interinstitucional de Recuperação de Ativos do Estado do Acre - CIRA (AC)"
"57","Legislação Tributária dos Estados e do Distrito Federal","LTEST","11755","19.02","2","Lei Estadual nº 4.254/1988 - Taxas Estaduais (PI)"
"57","Legislação Tributária dos Estados e do Distrito Federal","LTEST","11751","19.03","2","Lei Estadual nº 4.257/1989 - ICMS (PI)"
"57","Legislação Tributária dos Estados e do Distrito Federal","LTEST","11754","19.04","2","Lei Estadual nº 4.261/1989 - ITCMD (PI)"
"57","Legislação Tributária dos Estados e do Distrito Federal","LTEST","17957","12.20","2","Lei Estadual nº 4.547/1982 - Sistema Tributário Estadual e Processo Administrativo Tributário (MT)"
"57","Legislação Tributária dos Estados e do Distrito Federal","LTEST","11753","19.05","2","Lei Estadual nº 4.548/1992 - IPVA (PI)"
"57","Legislação Tributária dos Estados e do Distrito Federal","LTEST","17599","27.04","2","Lei Estadual nº 4.731/2002 - Fundo Estadual de Combate e Erradicação da Pobreza (SE)"
"57","Legislação Tributária dos Estados e do Distrito Federal","LTEST","11872","06.02","2","Lei Estadual nº 4.826/1989 - ITD (BA)"
"57","Legislação Tributária dos Estados e do Distrito Federal","LTEST","11775","03.01","2","Lei Estadual nº 5.077/1989 - Código Tributário do Estado de Alagoas (AL)"
"57","Legislação Tributária dos Estados e do Distrito Federal","LTEST","11716","16.01","2","Lei Estadual nº 5.123/1989 - ITCMD (PB)"
"57","Legislação Tributária dos Estados e do Distrito Federal","LTEST","12061","20.23","2","Lei Estadual nº 5.139/2007 - Acompanhamento e Fiscalização de Recursos Hídricos e Minerais (RJ)"
"57","Legislação Tributária dos Estados e do Distrito Federal","LTEST","11856","05.04","2","Lei Estadual nº 5.267/2020 - Código de Defesa do Contribuinte no Estado do Amazonas (AM)"
"57","Legislação Tributária dos Estados e do Distrito Federal","LTEST","12004","15.11","2","Lei Estadual nº 5.529/1989 - ITCMD (PA)"
"57","Legislação Tributária dos Estados e do Distrito Federal","LTEST","12001","15.12","2","Lei Estadual nº 5.530/1989 - ICMS (PA)"
"57","Legislação Tributária dos Estados e do Distrito Federal","LTEST","11689","11.03","2","Lei Estadual nº 5.594/1992 - IPVA (MA)"
"57","Legislação Tributária dos Estados e do Distrito Federal","LTEST","15904","21.01","2","Lei Estadual nº 5.887/1989 - ITCD (RN)"
"57","Legislação Tributária dos Estados e do Distrito Federal","LTEST","11770","03.02","2","Lei Estadual nº 5.900/1996 - ICMS (AL)"
"57","Legislação Tributária dos Estados e do Distrito Federal","LTEST","12090","24.02","2","Lei Estadual nº 59/1993 - Sistema Tributário Estadual (RR)"
"57","Legislação Tributária dos Estados e do Distrito Federal","LTEST","12202","26.02","2","Lei Estadual nº 5.983/1981 - Infrações à Legislação Tributária e Penalidades (SC)"
"57","Legislação Tributária dos Estados e do Distrito Federal","LTEST","12002","15.13","2","Lei Estadual nº 6.017/1996 - IPVA (PA)"
"57","Legislação Tributária dos Estados e do Distrito Federal","LTEST","11998","15.14","2","Lei Estadual nº 6.182/1998 - Procedimentos Administrativo-Tributários (PA)"
"57","Legislação Tributária dos Estados e do Distrito Federal","LTEST","11871","06.03","2","Lei Estadual nº 6.348/1991 - IPVA (BA)"
"57","Legislação Tributária dos Estados e do Distrito Federal","LTEST","12141","25.12","2","Lei Estadual nº 6.374/1989 - ICMS (SP)"
"57","Legislação Tributária dos Estados e do Distrito Federal","LTEST","11712","16.02","2","Lei Estadual nº 6.379/1996 - ICMS (PB)"
"57","Legislação Tributária dos Estados e do Distrito Federal","LTEST","11778","03.03","2","Lei Estadual nº 6.474/2004 - Antecipação Tributária do ICMS (AL)"
"57","Legislação Tributária dos Estados e do Distrito Federal","LTEST","12072","22.01","2","Lei Estadual nº 6.537/1973 - Procedimento Tributário Administrativo (RS)"
"57","Legislação Tributária dos Estados e do Distrito Federal","LTEST","11771","03.04","2","Lei Estadual nº 6.555/2004 - IPVA (AL)"
"57","Legislação Tributária dos Estados e do Distrito Federal","LTEST","11779","03.05","2","Lei Estadual nº 6.558/2004 - Fundo Estadual de Combate e Erradicação da Pobreza (FECOEP-AL)"
"57","Legislação Tributária dos Estados e do Distrito Federal","LTEST","11639","14.01","2","Lei Estadual nº 6.763/1975 - Consolidação da Legislação Tributária"
"57","Legislação Tributária dos Estados e do Distrito Federal","LTEST","11774","03.06","2","Lei Estadual nº 6.771/2006 - Processo Administrativo Tributário (PAT-AL)"
"57","Legislação Tributária dos Estados e do Distrito Federal","LTEST","12082","23.11","2","Lei Estadual nº 688/1996 - ICMS (RO)"
"57","Legislação Tributária dos Estados e do Distrito Federal","LTEST","17127","19.06","2","Lei Estadual nº 6.949/2017 - Processo Administrativo Tributário (PI)"
"57","Legislação Tributária dos Estados e do Distrito Federal","LTEST","11760","21.02","2","Lei Estadual nº 6.967/1996 - IPVA (RN)"
"57","Legislação Tributária dos Estados e do Distrito Federal","LTEST","11759","21.03","2","Lei Estadual nº 6.968/1996 - ICMS (RN)"
"57","Legislação Tributária dos Estados e do Distrito Federal","LTEST","11955","09.02","2","Lei Estadual nº 6.999/2001 - IPVA (ES)"
"57","Legislação Tributária dos Estados e do Distrito Federal","LTEST","11954","09.03","2","Lei Estadual nº 7.000/2001 - ICMS (ES)"
"57","Legislação Tributária dos Estados e do Distrito Federal","LTEST","11967","09.04","2","Lei Estadual nº 7.001/2001 - Taxas em Razão do Poder de Polícia (ES)"
"57","Legislação Tributária dos Estados e do Distrito Federal","LTEST","11859","06.04","2","Lei Estadual nº 7.014/1996 - ICMS (BA)"
"57","Legislação Tributária dos Estados e do Distrito Federal","LTEST","11693","12.21","2","Lei Estadual nº 7.098/1998 - ICMS (MT)"
"57","Legislação Tributária dos Estados e do Distrito Federal","LTEST","12058","20.24","2","Lei Estadual nº 7.174/2015 - ITD (RJ)"
"57","Legislação Tributária dos Estados e do Distrito Federal","LTEST","12128","24.03","2","Lei Estadual nº 72/1994 - Contencioso Administrativo Fiscal (RR)"
"57","Legislação Tributária dos Estados e do Distrito Federal","LTEST","14778","12.22","2","Lei Estadual nº 7.263/2000 - Fundo de Transporte e Habitação (FETHAB/MT)"
"57","Legislação Tributária dos Estados e do Distrito Federal","LTEST","11696","12.23","2","Lei Estadual nº 7.301/2000 - IPVA (MT)"
"57","Legislação Tributária dos Estados e do Distrito Federal","LTEST","12194","26.03","2","Lei Estadual nº 7.541/1988 - Taxas Estaduais (SC)"
"57","Legislação Tributária dos Estados e do Distrito Federal","LTEST","12185","26.04","2","Lei Estadual nº 7.543/1988 - IPVA (SC)"
"57","Legislação Tributária dos Estados e do Distrito Federal","LTEST","13619","18.01","2","Lei Estadual nº 7.550/1977 - Taxa de Fiscalização e Utilização de Serviços Públicos (PE)"
"57","Legislação Tributária dos Estados e do Distrito Federal","LTEST","11995","15.15","2","Lei Estadual nº 7.591/2011 - TFRM e CERM (PA)"
"57","Legislação Tributária dos Estados e do Distrito Federal","LTEST","2240","27.06","2","Lei Estadual nº 7.651/2013 - Processo Administrativo Fiscal (PAF-SE)"
"57","Legislação Tributária dos Estados e do Distrito Federal","LTEST","1976","27.07","2","Lei Estadual nº 7.655/2013 - IPVA (SE)"
"57","Legislação Tributária dos Estados e do Distrito Federal","LTEST","12251","27.05","2","Lei Estadual nº 7.724/2013 - ITCMD (SE)"
"57","Legislação Tributária dos Estados e do Distrito Federal","LTEST","13615","24.04","2","Lei Estadual nº 773/2010 - CETIF e Estrutura Básica da Corregedoria da Fazenda (RR)"
"57","Legislação Tributária dos Estados e do Distrito Federal","LTEST","11777","03.07","2","Lei Estadual nº 7.734/2015 - DIFAL ICMS (AL)"
"57","Legislação Tributária dos Estados e do Distrito Federal","LTEST","11690","11.02","2","Lei estadual nº 7.765/2002 - Regulamenta o TARF (MA)"
"57","Legislação Tributária dos Estados e do Distrito Federal","LTEST","11686","11.01","2","Lei Estadual nº 7.799/2002 - Sistema Tributário do Estado do Maranhão (MA)"
"57","Legislação Tributária dos Estados e do Distrito Federal","LTEST","11698","12.24","2","Lei Estadual nº 7.850/2002 - ITCMD (MT)"
"57","Legislação Tributária dos Estados e do Distrito Federal","LTEST","14777","12.25","2","Lei Estadual nº 8.069/2004 - Redução da Base de Cálculo do IPVA em Condições Específicas (MT)"
"57","Legislação Tributária dos Estados e do Distrito Federal","LTEST","11780","03.08","2","Lei Estadual nº 8.085/2018 - Programa Contribuinte Arretado (AL)"
"57","Legislação Tributária dos Estados e do Distrito Federal","LTEST","12075","22.02","2","Lei Estadual nº 8.109/1985 - Taxa de Serviços Diversos (RS)"
"57","Legislação Tributária dos Estados e do Distrito Federal","LTEST","12068","22.03","2","Lei Estadual nº 8.115/1985 - IPVA (RS)"
"57","Legislação Tributária dos Estados e do Distrito Federal","LTEST","12255","27.08","2","Lei Estadual nº 8.180/2016 - Fundo Estadual de Equilíbrio Fiscal do Estado de Sergipe (FEEF)"
"57","Legislação Tributária dos Estados e do Distrito Federal","LTEST","13485","12.26","2","Lei Estadual nº 8.265/2004 - Corregedoria Fazendária (MT)"
"57","Legislação Tributária dos Estados e do Distrito Federal","LTEST","11997","15.16","2","Lei Estadual nº 8.455/2016 - Taxas no Âmbito do Poder Executivo (PA)"
"57","Legislação Tributária dos Estados e do Distrito Federal","LTEST","1977","27.09","2","Lei Estadual nº 8.638/2019 - Taxa Estadual de Fiscalização e Serviços Diversos - TFSD (SE)"
"57","Legislação Tributária dos Estados e do Distrito Federal","LTEST","11700","12.27","2","Lei Estadual nº 8.797/2008 - Processo Administrativo Tributário (PAT-MT)"
"57","Legislação Tributária dos Estados e do Distrito Federal","LTEST","12067","22.04","2","Lei Estadual nº 8.820/1989 - ICMS (RS)"
"57","Legislação Tributária dos Estados e do Distrito Federal","LTEST","12070","22.05","2","Lei Estadual nº 8.821/1989 - ITCD (RS)"
"57","Legislação Tributária dos Estados e do Distrito Federal","LTEST","17568","27.11","2","Lei Estadual nº 9.167/2023 - Normas Fiscais e Procedimentais a Serem Observadas pelo Estado, por Meio da SEFAZ e da PGE, no que Toca à Redução de Juros e Multas de Créditos Tributários do ICMS (SE)"
"57","Legislação Tributária dos Estados e do Distrito Federal","LTEST","12257","27.10","2","Lei Estadual nº 9.196/2023 - Estrutura Organizacional Básica da SEFAZ (SE)"
"57","Legislação Tributária dos Estados e do Distrito Federal","LTEST","17281","10.10","2","Lei Estadual nº 9.489/1984 - Fundo de Participação e Fomento à Industrialização do Estado de Goiás (FOMENTAR)"
"57","Legislação Tributária dos Estados e do Distrito Federal","LTEST","12084","23.12","2","Lei Estadual nº 950/2000 - IPVA (RO)"
"57","Legislação Tributária dos Estados e do Distrito Federal","LTEST","12086","23.13","2","Lei Estadual nº 959/2000 - ITCD (RO)"
"57","Legislação Tributária dos Estados e do Distrito Federal","LTEST","12150","25.30.01","3","Livro I - Das Disposições Básicas (arts. 1º a 259 do RICMS-SP)"
"57","Legislação Tributária dos Estados e do Distrito Federal","LTEST","12152","25.30.03","3","Livro III - Das Diversas Atividades e dos Regimes Especiais (arts. 433 a 489 do RICMS-SP)"
"57","Legislação Tributária dos Estados e do Distrito Federal","LTEST","12151","25.30.02","3","Livro II - Sujeição Passiva por Substituição, Suspensão e Diferimento (arts. 260 a 432 do RICMS-SP)"
"57","Legislação Tributária dos Estados e do Distrito Federal","LTEST","12153","25.30.04","3","Livro IV - Da Administração Tributária (arts. 490 a 595 do RICMS-SP)"
"57","Legislação Tributária dos Estados e do Distrito Federal","LTEST","11718","16.02.01","3","Livro Primeiro (Arts. 1º a 90 da Lei Estadual nº 6.379/1996)"
"57","Legislação Tributária dos Estados e do Distrito Federal","LTEST","11719","16.02.02","3","Livro Segundo (Arts. 91 a 188 da Lei Estadual nº 6.379/1996)"
"57","Legislação Tributária dos Estados e do Distrito Federal","LTEST","12154","25.30.05","3","Livro V - Das Disposições Finais e das Transitórias (arts. 596 a 606 e 1º a 34 do RICMS-SP)"
"57","Legislação Tributária dos Estados e do Distrito Federal","LTEST","12155","25.30.06","3","Livro VI - Dos Anexos (Anexos I a XXI e Anexo/Modelos do RICMS-SP)"
"57","Legislação Tributária dos Estados e do Distrito Federal","LTEST","12044","15.11.05","3","Local de Pagamento (art. 7º da Lei Estadual nº 5.529/1989)"
"57","Legislação Tributária dos Estados e do Distrito Federal","LTEST","12267","01.06","2","Manual de Orientação ao Contribuinte (Projeto Manifesto Eletrônico de Documentos Fiscais)"
"57","Legislação Tributária dos Estados e do Distrito Federal","LTEST","13622","18.08.03","3","Não incidência, Isenção, Suspensão e Diferimento (arts. 8º a 11-A da Lei Estadual nº 15.730/2016)"
"57","Legislação Tributária dos Estados e do Distrito Federal","LTEST","2300","01","1","Normas Tributárias de Interesse Geral dos Estados e do Distrito Federal"
"57","Legislação Tributária dos Estados e do Distrito Federal","LTEST","12266","01.08","2","Outras Normas Tributárias de Interesse Geral dos Estados"
"57","Legislação Tributária dos Estados e do Distrito Federal","LTEST","5743","14.11","2","Outras Normas Tributárias do Estado de MG"
"57","Legislação Tributária dos Estados e do Distrito Federal","LTEST","12262","01.01.08","3","Outros Ajustes SINIEF"
"57","Legislação Tributária dos Estados e do Distrito Federal","LTEST","12025","15.45.99","3","Outros Dispositivos do RICMS-PA"
"57","Legislação Tributária dos Estados e do Distrito Federal","LTEST","17280","10.50","2","Outros Normativos Tributários de GO"
"57","Legislação Tributária dos Estados e do Distrito Federal","LTEST","12088","23.99","2","Outros Normativos Tributários de RO"
"57","Legislação Tributária dos Estados e do Distrito Federal","LTEST","12221","26.15","2","Outros Normativos Tributários de SC"
"57","Legislação Tributária dos Estados e do Distrito Federal","LTEST","11914","07.99","2","Outros Normativos Tributários do CE"
"57","Legislação Tributária dos Estados e do Distrito Federal","LTEST","11750","18.14","2","Outros Normativos Tributários do Estado do Pernambuco (PE)"
"57","Legislação Tributária dos Estados e do Distrito Federal","LTEST","12007","15.99","2","Outros Normativos Tributários do PA"
"57","Legislação Tributária dos Estados e do Distrito Federal","LTEST","11757","19.30","2","Outros Normativos Tributários do PI"
"57","Legislação Tributária dos Estados e do Distrito Federal","LTEST","12064","20.99","2","Outros Normativos Tributários do RJ"
"57","Legislação Tributária dos Estados e do Distrito Federal","LTEST","11762","21.99","2","Outros Normativos Tributários do RN"
"57","Legislação Tributária dos Estados e do Distrito Federal","LTEST","13209","22.10","2","Outros Normativos Tributários do RS"
"57","Legislação Tributária dos Estados e do Distrito Federal","LTEST","12043","15.11.04","3","Pagamento do Imposto (art. 6º da Lei Estadual nº 5.529/1989)"
"57","Legislação Tributária dos Estados e do Distrito Federal","LTEST","17497","10.20.01","3","Parte Geral (arts. 1º a 529 do RCTE-GO)"
"57","Legislação Tributária dos Estados e do Distrito Federal","LTEST","12050","15.11.11","3","Penalidades (arts. 17 a 25 da Lei Estadual nº 5.529/1989)"
"57","Legislação Tributária dos Estados e do Distrito Federal","LTEST","11922","08.70","2","Portaria Distrital nº 192/2019 - Normas para Aplicação do Decreto Distrital nº 39.789/2019"
"57","Legislação Tributária dos Estados e do Distrito Federal","LTEST","12222","26.14","2","Portaria SEF-SC nº 226/01 - Disciplina o Instituto da Consulta (SC)"
"57","Legislação Tributária dos Estados e do Distrito Federal","LTEST","17131","19.20.01.01","4","Princípios e Disposições Preliminares e das Normas Gerais do Processo (arts. 1º a 23 do Decreto Estadual nº 18.561/2019)"
"57","Legislação Tributária dos Estados e do Distrito Federal","LTEST","11645","14.01.06","3","Processo Tributário-Administrativo (arts. 131 ao 234 da Lei nº 6.763/1975)"
"57","Legislação Tributária dos Estados e do Distrito Federal","LTEST","11849","05.05.11","3","Processo Tributário-Administrativo Eletrônico (arts. 182-A a 182-S da RPAT-AM)"
"57","Legislação Tributária dos Estados e do Distrito Federal","LTEST","17598","01.05.03","3","Registros da EFD-ICMS/IPI"
"57","Legislação Tributária dos Estados e do Distrito Federal","LTEST","17774","25.80","2","Resolução SF nº 20/2012 - Acesso a Informações Protegidas por Sigilo Fiscal Constantes de Sistemas Informatizados da Secretaria da Fazenda (SP)"
"57","Legislação Tributária dos Estados e do Distrito Federal","LTEST","12059","20.60","2","Resoluções da SEFAZ (RJ)"
"57","Legislação Tributária dos Estados e do Distrito Federal","LTEST","12265","01.07","2","Resoluções do Senado Federal sobre ICMS"
"57","Legislação Tributária dos Estados e do Distrito Federal","LTEST","12047","15.11.08","3","Restituição (arts. 10 e 11 da Lei Estadual nº 5.529/1989)"
"57","Legislação Tributária dos Estados e do Distrito Federal","LTEST","11640","14.01.01","3","Sistema Tributário Estadual (arts. 1º ao 4º da Lei nº 6.763/1975)"
"57","Legislação Tributária dos Estados e do Distrito Federal","LTEST","12197","26.03.03","3","Taxa de Prevenção contra Sinistros (arts. 17 a 20 da Lei Estadual nº 7.541/1988)"
"57","Legislação Tributária dos Estados e do Distrito Federal","LTEST","11642","14.01.03","3","Taxas (arts. 88 ao 120 da Lei nº 6.763/1975)"
"57","Legislação Tributária dos Estados e do Distrito Federal","LTEST","12149","25.40","2","Taxas do Estado de São Paulo (SP)"
"57","Legislação Tributária dos Estados e do Distrito Federal","LTEST","11708","13.50","2","Taxas do Estado do Mato Grosso do Sul (MS)"
"57","Legislação Tributária dos Estados e do Distrito Federal","LTEST","11699","12.70","2","Taxas do Estado do Mato Grosso (MT)"
"57","Legislação Tributária dos Estados e do Distrito Federal","LTEST","14157","14.06.06","3","Tratamento Trib. Diferenciado e Simplificado Concedido ao Prod. Rural (arts. 179 e 180 do RICMS-MG)"
"61","Estatística","ESTAT","925","08","1","Amostragem"
"61","Estatística","ESTAT","16240","08.03","2","Amostragem Aleatória Simples"
"61","Estatística","ESTAT","16243","08.06","2","Amostragem de Conglomerados"
"61","Estatística","ESTAT","16241","08.04","2","Amostragem Estratificada"
"61","Estatística","ESTAT","16239","08.02","2","Amostragem Não Probabilística"
"61","Estatística","ESTAT","16242","08.05","2","Amostragem Sistemática"
"61","Estatística","ESTAT","849","01.04.01","3","Amplitude"
"61","Estatística","ESTAT","866","01.11","2","Análise Bidimensional"
"61","Estatística","ESTAT","5957","01.11.01","3","Análise Bidimensional: Introdução, Tabelas de Dupla Entrada, Diagrama de Dispersão"
"61","Estatística","ESTAT","5956","01.11.04","3","Análise Bidimensional: Outros Temas"
"61","Estatística","ESTAT","15920","17.05","2","Análise de Cluster (Agrupamento)"
"61","Estatística","ESTAT","16264","14.02.05","3","Análise de Resíduos e Avaliação do Ajuste do Modelo"
"61","Estatística","ESTAT","979","15","1","Análise de Séries Temporais"
"61","Estatística","ESTAT","958","13","1","Análise de Variância (ANOVA)"
"61","Estatística","ESTAT","972","14.01.02","3","Análise de Variância da Regressão Linear Simples. Coeficiente de Determinação. Estatística F."
"61","Estatística","ESTAT","16261","14.02.02","3","Análise de Variância e Somas de Quadrados na Regressão Múltipla"
"61","Estatística","ESTAT","15919","17.04","2","Análise Discriminante"
"61","Estatística","ESTAT","15917","17.02","2","Análise dos Componentes Principais (PCA)"
"61","Estatística","ESTAT","15918","17.03","2","Análise Fatorial"
"61","Estatística","ESTAT","981","17","1","Análise Multivariada"
"61","Estatística","ESTAT","911","05.03","2","Aproximação de Distribuições Discretas pela Normal (Inclui Correção de Continuidade)"
"61","Estatística","ESTAT","858","01.08","2","Assimetria"
"61","Estatística","ESTAT","973","01.08.02","3","Assimetria com Base nas Diferenças entre Quartis"
"61","Estatística","ESTAT","9601","24","1","Bioestatística e Geoestatística"
"61","Estatística","ESTAT","4958","01.09","2","Box Plot e Outliers"
"61","Estatística","ESTAT","9328","02.10","2","Cálculo de Probabilidade a Partir de Áreas"
"61","Estatística","ESTAT","893","02.09","2","Cálculo de Probabilidades Usando Análise Combinatória"
"61","Estatística","ESTAT","15992","20.02","2","Capacidade de Processo e Análise de Sistemas (Cp, Cpk)"
"61","Estatística","ESTAT","934","10","1","Característica dos Estimadores"
"61","Estatística","ESTAT","15905","16.01","2","Classificação dos Processos Estocásticos Quanto ao Estado e Quanto ao Tempo"
"61","Estatística","ESTAT","870","01.11.02","3","Coeficiente de Correlação Linear entre Dois Conjuntos de Dados"
"61","Estatística","ESTAT","1969","01.11.03","3","Coeficiente de Correlação Ordinal de Spearman"
"61","Estatística","ESTAT","16262","14.02.03","3","Coeficiente de Determinação na Regressão Múltipla e estatística  F "
"61","Estatística","ESTAT","854","01.04.07","3","Coeficiente de Variação e Variância Relativa"
"61","Estatística","ESTAT","5955","01.08.03","3","Coeficientes de Assimetria"
"61","Estatística","ESTAT","860","01.08.01","3","Conceito. Formas da Curva de Frequência. Posicionamento Relativo de Média, Mediana e Moda"
"61","Estatística","ESTAT","16303","13.01","2","Conceito, pressupostos e tipos de ANOVA (One-Way, Two-Way etc)"
"61","Estatística","ESTAT","16130","15.01","2","Conceitos Básicos, Componentes das Séries Temporais e Suavização Exponencial"
"61","Estatística","ESTAT","16238","08.01","2","Conceitos básicos e definições de Amostragem em Estatística"
"61","Estatística","ESTAT","6043","01.01","2","Conceitos Iniciais de Estatística"
"61","Estatística","ESTAT","969","14.01.01","3","Conceitos Iniciais e Cálculo das Estimativas dos Parâmetros (Regressão Linear Simples)"
"61","Estatística","ESTAT","5134","20","1","Controle Estatístico de Qualidade"
"61","Estatística","ESTAT","965","03.03","2","Correlação Linear entre Variáveis Aleatórias"
"61","Estatística","ESTAT","920","03.02","2","Covariância; Matriz de Variâncias e Covariâncias. Variância da Soma e da Diferença"
"61","Estatística","ESTAT","863","01.10","2","Curtose"
"61","Estatística","ESTAT","15916","17.01","2","Definições e conceitos básicos da Análise Multivariada"
"61","Estatística","ESTAT","3377","18","1","Demografia"
"61","Estatística","ESTAT","850","01.04.03","3","Desvio em Relação à Média Aritmética"
"61","Estatística","ESTAT","851","01.04.04","3","Desvio Médio"
"61","Estatística","ESTAT","852","01.04.05","3","Desvio Padrão e Variância"
"61","Estatística","ESTAT","904","04.03","2","Distribuição Binomial"
"61","Estatística","ESTAT","4866","04.07","2","Distribuição Binomial Negativa"
"61","Estatística","ESTAT","903","04.02","2","Distribuição de Bernoulli"
"61","Estatística","ESTAT","905","04.04","2","Distribuição de Poisson"
"61","Estatística","ESTAT","5946","03.01.01","3","Distribuição de Probabilidade para Variáveis Discretas"
"61","Estatística","ESTAT","910","05.04","2","Distribuição Exponencial"
"61","Estatística","ESTAT","915","05.08","2","Distribuição F de Snedecor"
"61","Estatística","ESTAT","912","05.05","2","Distribuição Gama"
"61","Estatística","ESTAT","876","04.05","2","Distribuição Geométrica"
"61","Estatística","ESTAT","906","04.06","2","Distribuição Hipergeométrica"
"61","Estatística","ESTAT","5488","04.08","2","Distribuição Multinomial"
"61","Estatística","ESTAT","909","05.02","2","Distribuição Normal"
"61","Estatística","ESTAT","924","07.03","2","Distribuição Normal Bidimensional"
"61","Estatística","ESTAT","913","05.06","2","Distribuição Qui-quadrado"
"61","Estatística","ESTAT","914","05.07","2","Distribuição T de Student"
"61","Estatística","ESTAT","908","05.01","2","Distribuição Uniforme Contínua"
"61","Estatística","ESTAT","902","04.01","2","Distribuição Uniforme Discreta"
"61","Estatística","ESTAT","921","07.02","2","Distribuições Conjuntas, Marginais e Condicionais Contínuas"
"61","Estatística","ESTAT","918","07.01","2","Distribuições Conjuntas, Marginais e Condicionais Discretas"
"61","Estatística","ESTAT","6039","01.01.03","3","Escalas de Medida"
"61","Estatística","ESTAT","895","03.04.05","3","Esperança, Moda e Quantis de Variáveis Contínuas"
"61","Estatística","ESTAT","5944","03.01.02","3","Esperança, Moda e Quantis de Variáveis Discretas"
"61","Estatística","ESTAT","16136","15.05","2","Estacionariedade, Invertibilidade e Análise de Resíduos"
"61","Estatística","ESTAT","5721","21","1","Estatística Bayesiana"
"61","Estatística","ESTAT","15056","25","1","Estatística Computacional"
"61","Estatística","ESTAT","982","01","1","Estatística Descritiva"
"61","Estatística","ESTAT","2005","19","1","Estatística Experimental, Planejamento e Pesquisa"
"61","Estatística","ESTAT","2010","10.07","2","Estatísticas Suficientes"
"61","Estatística","ESTAT","2052","10.08","2","Estimadores de Bayes"
"61","Estatística","ESTAT","936","10.04","2","Estimadores de Máxima Verossimilhança"
"61","Estatística","ESTAT","937","10.03","2","Estimadores de Mínimos Quadrados"
"61","Estatística","ESTAT","938","10.05","2","Estimadores de Momentos"
"61","Estatística","ESTAT","1884","10.02","2","Estimadores de Variância Mínima e Eficiência dos Estimadores"
"61","Estatística","ESTAT","935","10.01","2","Estimadores Não Viciados"
"61","Estatística","ESTAT","930","09","1","Estimadores Pontuais e Distribuições Amostrais"
"61","Estatística","ESTAT","15948","19.05","2","Estudos Observacionais e Experimentais"
"61","Estatística","ESTAT","883","02.00","2","Eventos e Espaço Amostral"
"61","Estatística","ESTAT","888","02.05","2","Eventos Independentes e Eventos Mutuamente Excludentes"
"61","Estatística","ESTAT","16260","14.02.01","3","Expansão para Múltiplos Coeficientes e Notação Matricial"
"61","Estatística","ESTAT","3386","09.04","2","Fator de Correção para Populações Finitas"
"61","Estatística","ESTAT","898","03.04.03","3","FDP para Variáveis Contínuas (Questões que Dispensam Integral/Derivada)"
"61","Estatística","ESTAT","5949","03.04.04","3","FDP para Variáveis Contínuas (Questões que Exigem Integral/Derivada)"
"61","Estatística","ESTAT","15994","20.04","2","Ferramentas de Qualidade e Melhoria Contínua"
"61","Estatística","ESTAT","6044","01.02","2","Formas de Apresentação de Dados"
"61","Estatística","ESTAT","829","01.02.05","3","Formas Gráficas de Apresentação de Dados Agrupados em Classes"
"61","Estatística","ESTAT","6042","01.02.03","3","Formas Gráficas de Apresentação de Dados Agrupados por Valor"
"61","Estatística","ESTAT","822","01.02.01","3","Formas Não Agrupadas de Apresentação de Dados (Rol, Diagrama de Ramos e Folhas)"
"61","Estatística","ESTAT","899","03.04.02","3","Função Densidade de Probabilidade (Questões Envolvendo Integral)"
"61","Estatística","ESTAT","5948","03.04.01","3","Função Densidade de Probabilidade (Questões que Dispensam Integral)"
"61","Estatística","ESTAT","3394","06.02","2","Função Geratriz de Momentos"
"61","Estatística","ESTAT","919","03.06","2","Funções de Variáveis Aleatórias Discretas"
"61","Estatística","ESTAT","923","03.07","2","Funções de Variáveis Contínuas"
"61","Estatística","ESTAT","15944","19.01","2","Fundamentos da Estatística Experimental"
"61","Estatística","ESTAT","4521","22","1","Geração de Números Aleatórios"
"61","Estatística","ESTAT","15991","20.01.03","3","Gráfico de Controle para Atributos"
"61","Estatística","ESTAT","15988","20.01","2","Gráficos de Controle"
"61","Estatística","ESTAT","15989","20.01.01","3","Gráficos de Controle para a Média"
"61","Estatística","ESTAT","15990","20.01.02","3"," Gráficos de Controle para Variação  e Desvio Padrão"
"61","Estatística","ESTAT","16131","15.02","2","Gráficos e Funções de Autocovariância e Autocorrelação"
"61","Estatística","ESTAT","1982","14.04","2","Heterocedasticidade e Multicolinearidade "
"61","Estatística","ESTAT","16263","14.02.04","3","Inferência e Testes para Parâmetros do Modelo e Teste T (Regressão Múltipla)"
"61","Estatística","ESTAT","5954","14.01.03","3","Inferência sobre as Estimativas dos Parâmetros. Teste T"
"61","Estatística","ESTAT","940","11.01","2","Intervalo de Confiança para a Média"
"61","Estatística","ESTAT","941","11.02","2","Intervalo de Confiança para a Proporção"
"61","Estatística","ESTAT","942","11.03","2","Intervalo de Confiança para a Variância"
"61","Estatística","ESTAT","2754","11.05","2","Intervalo de Confiança para o Total Populacional"
"61","Estatística","ESTAT","855","01.04.02","3","Intervalo Interquartílico"
"61","Estatística","ESTAT","939","11","1","Intervalos de Confiança"
"61","Estatística","ESTAT","5942","03.00","2","Introdução: Conceito de Variável, Variáveis Discretas e Contínuas"
"61","Estatística","ESTAT","3257","23","1","Lei dos Grandes Números e Teorema do Limite Central"
"61","Estatística","ESTAT","5705","01.03.01","3","Média"
"61","Estatística","ESTAT","931","09.01","2","Média Amostral (Estimador Pontual, Distribuição Amostral)"
"61","Estatística","ESTAT","838","01.03.01.06","4","Média Geométrica"
"61","Estatística","ESTAT","839","01.03.01.07","4","Média Harmônica"
"61","Estatística","ESTAT","5703","01.03.01.03","4","Média para Dados Agrupados por Valor"
"61","Estatística","ESTAT","837","01.03.01.04","4","Média para Dados em Classe"
"61","Estatística","ESTAT","1008","01.03.01.01","4","Média para Dados não Agrupados"
"61","Estatística","ESTAT","5704","01.03.01.05","4","Média Ponderada"
"61","Estatística","ESTAT","15949","19.06","2","Medidas de Associação e Efeito, Análise e Interpretação de Dados"
"61","Estatística","ESTAT","3337","01.12","2","Medidas de Desigualdade e Concentração"
"61","Estatística","ESTAT","848","01.04","2","Medidas de Dispersão"
"61","Estatística","ESTAT","896","03.04.07","3","Medidas de Dispersão para Variáveis Contínuas"
"61","Estatística","ESTAT","5945","03.01.03","3","Medidas de Dispersão para Variáveis Discretas"
"61","Estatística","ESTAT","836","01.03","2","Medidas de Posição"
"61","Estatística","ESTAT","1985","14.05","2","Método de Mínimos Quadrados Generalizados"
"61","Estatística","ESTAT","842","01.03.03","3","Moda"
"61","Estatística","ESTAT","15897","01.03.03.03","4","Moda para Dados Agrupados em Classes (Bruta, Czuber, King, Pearson)"
"61","Estatística","ESTAT","15896","01.03.03.02","4","Moda para Dados Agrupados por Valor"
"61","Estatística","ESTAT","15895","01.03.03.01","4","Moda para Dados Não Agrupados"
"61","Estatística","ESTAT","15946","19.03","2","Modelagem e Análise de Experimentos"
"61","Estatística","ESTAT","16135","15.03.03","3","Modelos ARMA e ARIMA"
"61","Estatística","ESTAT","16133","15.03.01","3","Modelos Autorregressivos (AR)"
"61","Estatística","ESTAT","16134","15.03.02","3","Modelos de Médias Móveis (MA)"
"61","Estatística","ESTAT","2890","17.06","2","Modelos de Regressão de Resposta Qualitativa (MPL, Logit, Probit, Tobit)"
"61","Estatística","ESTAT","16132","15.03","2","Modelos Lineares de Séries Temporais"
"61","Estatística","ESTAT","16137","15.06","2","Modelos não Estacionários e Cointegrados"
"61","Estatística","ESTAT","977","14.01.04","3","Modelos que se Tornam Lineares por Anamorfose"
"61","Estatística","ESTAT","5950","06","1","Momentos"
"61","Estatística","ESTAT","6045","01.07","2","Momentos (Estatística Descritiva)"
"61","Estatística","ESTAT","900","06.01","2","Momentos para Variáveis Aleatórias: Momentos em Relação à Média e à Origem"
"61","Estatística","ESTAT","15787","01.02.00","3","Normas para Elaboração de Tabelas"
"61","Estatística","ESTAT","871","01.13","2","Números Índices"
"61","Estatística","ESTAT","6257","05.09","2","Outras Distribuições Contínuas"
"61","Estatística","ESTAT","15995","20.05","2","Outras questões de Controle Estatístico de Qualidade"
"61","Estatística","ESTAT","15950","19.07","2","Outras questões de Estatística Experimental, Planejamento e Pesquisa"
"61","Estatística","ESTAT","4503","02.11","2","Outras Questões de Probabilidade"
"61","Estatística","ESTAT","15908","16.04","2","Outras Questões de Processos Estocásticos"
"61","Estatística","ESTAT","15922","17.07","2","Outras Questões e Questões Mescladas de Análise Multivariada"
"61","Estatística","ESTAT","6256","10.09","2","Outras Questões sobre Características dos Estimadores"
"61","Estatística","ESTAT","929","11.06","2","Outras Questões sobre Intervalo de Confiança"
"61","Estatística","ESTAT","926","12.22","2","Outras Questões sobre Testes de Hipóteses"
"61","Estatística","ESTAT","16138","15.04","2","Outros Modelos Estacionários de Séries Temporais"
"61","Estatística","ESTAT","5362","26","1","Outros Tópicos de Estatística"
"61","Estatística","ESTAT","1981","14.07","2","Outros Tópicos sobre Regressão (Estatística)"
"61","Estatística","ESTAT","15947","19.04","2","Pesquisas Quantitativas e Qualitativas"
"61","Estatística","ESTAT","15945","19.02","2","Planejamento e Tipos de Desenhos de Experimentos"
"61","Estatística","ESTAT","907","05","1","Principais Distribuições Contínuas"
"61","Estatística","ESTAT","901","04","1","Principais Distribuições Discretas"
"61","Estatística","ESTAT","882","02","1","Probabilidade"
"61","Estatística","ESTAT","886","02.02","2","Probabilidade Condicional"
"61","Estatística","ESTAT","887","02.03","2","Probabilidade da Intersecção"
"61","Estatística","ESTAT","889","02.04","2","Probabilidade da União"
"61","Estatística","ESTAT","890","02.06","2","Probabilidade do Evento Complementar"
"61","Estatística","ESTAT","885","02.01","2","Problemas Introdutórios de Probabilidade: Eventos Equiprováveis e Abordagem Frequentista"
"61","Estatística","ESTAT","15906","16.02","2","Processos e Cadeias de Markov"
"61","Estatística","ESTAT","980","16","1","Processos Estocásticos"
"61","Estatística","ESTAT","865","01.06","2","Proporção Amostral (Estatística Descritiva)"
"61","Estatística","ESTAT","933","09.03","2","Proporção Amostral (Estimador Pontual, Distribuição Amostral)"
"61","Estatística","ESTAT","840","10.06","2","Propriedades Assintóticas dos Estimadores"
"61","Estatística","ESTAT","856","01.04.08","3","Propriedades das Medidas de Dispersão"
"61","Estatística","ESTAT","5940","01.04.06","3","Propriedades das Medidas de Posição Associadas a Desvios"
"61","Estatística","ESTAT","847","01.03.01.02","4","Propriedades das Medidas de Posição (Média, Moda e Quantis)"
"61","Estatística","ESTAT","944","12.03","2","P-valor"
"61","Estatística","ESTAT","841","01.03.02","3","Quantis (Mediana, Quartil, Decil, Percentil) e Interpolação Linear da Ogiva"
"61","Estatística","ESTAT","5941","01.05","2","Questões Envolvendo Manipulação de Somatório"
"61","Estatística","ESTAT","16244","08.07","2","Questões Mescladas de Amostragem"
"61","Estatística","ESTAT","6336","01.03.04","3","Questões Mescladas de Medidas de Posição"
"61","Estatística","ESTAT","6038","01.01.01","3","Ramos da Estatística; Censo e Amostra"
"61","Estatística","ESTAT","971","14","1","Regressão"
"61","Estatística","ESTAT","978","14.02","2","Regressão Linear Múltipla"
"61","Estatística","ESTAT","5953","14.01","2","Regressão Linear Simples"
"61","Estatística","ESTAT","15993","20.03","2","Seis Sigma, DMAIC e Controle de Qualidade Total (TQM)"
"61","Estatística","ESTAT","6040","01.01.04","3","Séries Estatísticas"
"61","Estatística","ESTAT","16304","13.02","2","Tabela ANOVA: Componentes e Interpretação"
"61","Estatística","ESTAT","6041","01.02.04","3","Tabela de Dados Agrupados em Classe"
"61","Estatística","ESTAT","825","01.02.02","3","Tabela de Dados Agrupados por Valor"
"61","Estatística","ESTAT","892","02.07","2","Teorema da Probabilidade Total"
"61","Estatística","ESTAT","891","02.08","2","Teorema de Bayes"
"61","Estatística","ESTAT","1128","03.05","2","Teorema de Chebyshev"
"61","Estatística","ESTAT","15907","16.03","2","Teoria das Filas e Processos de Poisson"
"61","Estatística","ESTAT","964","12.20","2","Teste da Igualdade de Duas Variâncias"
"61","Estatística","ESTAT","956","12.11","2","Teste da Ordenação Casual"
"61","Estatística","ESTAT","853","12.21","2","Teste da Razão de Verossimilhança"
"61","Estatística","ESTAT","946","12.01","2","Teste de Hipóteses: Introdução (Nível de Significância, Erros Tipo I e II, Poder do Teste)"
"61","Estatística","ESTAT","947","12.02","2","Teste de Hipóteses para a Média"
"61","Estatística","ESTAT","949","12.05","2","Teste de Hipóteses para a Proporção Usando a Distribuição Binomial"
"61","Estatística","ESTAT","948","12.04","2","Teste de Hipóteses para a Variância"
"61","Estatística","ESTAT","968","12.16","2","Teste de Hipóteses para o Coeficiente de Correlação Linear"
"61","Estatística","ESTAT","5952","12.06","2","Teste de Hipóteses para Proporções Usando a Distribuição Normal"
"61","Estatística","ESTAT","950","12.08","2","Teste de Hipóteses sobre o Valor da Diferença entre Duas Médias"
"61","Estatística","ESTAT","391","12.14","2","Teste de Kruskal-Wallis"
"61","Estatística","ESTAT","859","12.12","2","Teste de McNemar"
"61","Estatística","ESTAT","952","12.07","2","Teste de Qui-quadrado"
"61","Estatística","ESTAT","963","12.19","2","Teste de Scheffé"
"61","Estatística","ESTAT","962","12.18","2","Teste de Tukey"
"61","Estatística","ESTAT","955","12.10","2","Teste de Wilcoxon-Mann-Whitney"
"61","Estatística","ESTAT","957","12.15","2","Teste do Coeficiente de Correlação Ordinal de Spearman"
"61","Estatística","ESTAT","954","12.09","2","Teste dos Sinais e Intervalo de Confiança Não Paramétrico para a Mediana"
"61","Estatística","ESTAT","16305","13.03","2","Teste F e Distribuição F na ANOVA"
"61","Estatística","ESTAT","945","12","1","Testes de Hipóteses"
"61","Estatística","ESTAT","927","12.13","2","Teste sobre o Valor da Diferença entre Duas Proporções"
"61","Estatística","ESTAT","961","12.17","2","Teste T para Comparação de Médias (Amostras Independentes) e T-Pareado (Amostras Dependentes)"
"61","Estatística","ESTAT","821","01.01.02","3","Tipos de Variáveis. Medidas Estatísticas Relacionadas a Cada Tipo de Variável."
"61","Estatística","ESTAT","932","09.02","2","Variância Amostral (Estimador Pontual, Distribuição Amostral)"
"61","Estatística","ESTAT","5664","01.04.09","3","Variância da União de Dois Conjuntos"
"61","Estatística","ESTAT","894","03","1","Variáveis Aleatórias"
"61","Estatística","ESTAT","1989","07","1","Variáveis Aleatórias Multidimensionais"
"61","Estatística","ESTAT","5947","03.04","2","Variável Aleatória Contínua"
"61","Estatística","ESTAT","5943","03.01","2","Variável Aleatória Discreta"
"69","AFO, Direito Financeiro e Contabilidade Pública","AFO+CONTPU","4622","01.01","2","A Atividade Financeira do Estado"
"69","AFO, Direito Financeiro e Contabilidade Pública","AFO+CONTPU","11190","14.22","2","Acordos em Conjunto (MCASP e NBC TSP 19)"
"69","AFO, Direito Financeiro e Contabilidade Pública","AFO+CONTPU","3171","02.02.02","3","Aspectos/Dimensões do Orçamento Público (Jurídico, Político, Social, etc)"
"69","AFO, Direito Financeiro e Contabilidade Pública","AFO+CONTPU","1496","14","1","Aspectos Patrimoniais da Contabilidade Pública"
"69","AFO, Direito Financeiro e Contabilidade Pública","AFO+CONTPU","11189","14.21","2","Ativo Biológico e Produto Agrícola (MCASP e NBC TSP 26)"
"69","AFO, Direito Financeiro e Contabilidade Pública","AFO+CONTPU","11186","14.11","2","Ativo Imobilizado (MCASP e NBC TSP 07)"
"69","AFO, Direito Financeiro e Contabilidade Pública","AFO+CONTPU","11187","14.12","2","Ativo Intangível (MCASP e NBC TSP 08)"
"69","AFO, Direito Financeiro e Contabilidade Pública","AFO+CONTPU","11199","14.05","2","Avaliação de Elementos Patrimoniais Conforme o art. 106 da Lei nº 4.320/1964"
"69","AFO, Direito Financeiro e Contabilidade Pública","AFO+CONTPU","4502","17.09","2","Balancete"
"69","AFO, Direito Financeiro e Contabilidade Pública","AFO+CONTPU","1863","17.03","2","Balanço Financeiro"
"69","AFO, Direito Financeiro e Contabilidade Pública","AFO+CONTPU","1862","17.02","2","Balanço Orçamentário (MCASP e NBC TSP 13)"
"69","AFO, Direito Financeiro e Contabilidade Pública","AFO+CONTPU","1861","17.04","2","Balanço Patrimonial (AFO e CPU)"
"69","AFO, Direito Financeiro e Contabilidade Pública","AFO+CONTPU","4504","14.06","2","Bases de Mensuração de Ativos e Passivos (MCASP e NBC TSP EC)"
"69","AFO, Direito Financeiro e Contabilidade Pública","AFO+CONTPU","11195","14.27","2","Benefícios a Empregados (MCASP e NBC TSP 15)"
"69","AFO, Direito Financeiro e Contabilidade Pública","AFO+CONTPU","6408","14.32","2","Benefícios Sociais (MCASP e NBC TSP 29)"
"69","AFO, Direito Financeiro e Contabilidade Pública","AFO+CONTPU","4207","14.02","2","Bens Públicos"
"69","AFO, Direito Financeiro e Contabilidade Pública","AFO+CONTPU","13896","80.21.03","3","Cadastro Informativo - CADIN/RS"
"69","AFO, Direito Financeiro e Contabilidade Pública","AFO+CONTPU","1506","07.06.02","3","Cartão de Pagamento do Governo Federal (CPGF)"
"69","AFO, Direito Financeiro e Contabilidade Pública","AFO+CONTPU","1473","04","1","Ciclo Orçamentário"
"69","AFO, Direito Financeiro e Contabilidade Pública","AFO+CONTPU","4206","07.02","2","Classificação da Despesa Orçamentária"
"69","AFO, Direito Financeiro e Contabilidade Pública","AFO+CONTPU","1466","06.03","2","Classificação da Receita por Esfera Orçamentária"
"69","AFO, Direito Financeiro e Contabilidade Pública","AFO+CONTPU","4208","06.05","2","Classificação da Receita por Identificador de Resultado Primário"
"69","AFO, Direito Financeiro e Contabilidade Pública","AFO+CONTPU","1489","06.04","2","Classificação por Fonte / Destinação de Recursos"
"69","AFO, Direito Financeiro e Contabilidade Pública","AFO+CONTPU","1487","06.02","2","Classificação por Natureza da Receita"
"69","AFO, Direito Financeiro e Contabilidade Pública","AFO+CONTPU","3164","02.02","2","Classificações do Orçamento Público"
"69","AFO, Direito Financeiro e Contabilidade Pública","AFO+CONTPU","11191","14.23","2","Combinações no Setor Público (MCASP e NBC TSP 21)"
"69","AFO, Direito Financeiro e Contabilidade Pública","AFO+CONTPU","1457","02.01","2","Conceito e Natureza Jurídica do Orçamento Público"
"69","AFO, Direito Financeiro e Contabilidade Pública","AFO+CONTPU","1524","06.01","2","Conceitos Gerais (Orçamentária e Extraorçamentária, Afetação Patrimonial, Regularidade, Coercitividade)"
"69","AFO, Direito Financeiro e Contabilidade Pública","AFO+CONTPU","5530","07.01","2","Conceitos Gerais sobre Despesa Pública"
"69","AFO, Direito Financeiro e Contabilidade Pública","AFO+CONTPU","4494","13.01","2","Conceitos, Objeto, Objetivos e Campo de Aplicação (Estrutura Conceitual - Prefácio e caps. 1 a 4)"
"69","AFO, Direito Financeiro e Contabilidade Pública","AFO+CONTPU","1494","17.10","2","Consolidação das Demonstrações Contábeis"
"69","AFO, Direito Financeiro e Contabilidade Pública","AFO+CONTPU","15951","70","1","Contabilidade Regulatória"
"69","AFO, Direito Financeiro e Contabilidade Pública","AFO+CONTPU","1511","11","1","Conta Única e GRU"
"69","AFO, Direito Financeiro e Contabilidade Pública","AFO+CONTPU","5315","14.20","2","Contratos de Concessão de Serviços Públicos (MCASP e NBC TSP 05)"
"69","AFO, Direito Financeiro e Contabilidade Pública","AFO+CONTPU","6248","19.09.05","3","Controle da Gestão Fiscal (arts. 56 a 59 da LRF)"
"69","AFO, Direito Financeiro e Contabilidade Pública","AFO+CONTPU","1740","05","1","Créditos Adicionais"
"69","AFO, Direito Financeiro e Contabilidade Pública","AFO+CONTPU","11184","14.08","2","Créditos e Obrigações (MCASP)"
"69","AFO, Direito Financeiro e Contabilidade Pública","AFO+CONTPU","1801","14.19","2","Custos de Empréstimos (MCASP e NBC TSP 14)"
"69","AFO, Direito Financeiro e Contabilidade Pública","AFO+CONTPU","4497","18","1","Custos no Setor Público"
"69","AFO, Direito Financeiro e Contabilidade Pública","AFO+CONTPU","1471","19.04","2","Da Despesa Pública (arts. 15 a 24 da LRF)"
"69","AFO, Direito Financeiro e Contabilidade Pública","AFO+CONTPU","5361","19.06","2","Da Destinação de Recursos para o Setor Privado (arts. 26 a 28 da LRF)"
"69","AFO, Direito Financeiro e Contabilidade Pública","AFO+CONTPU","1525","19.03","2","Da Receita Pública (arts. 11 a 14 da LRF)"
"69","AFO, Direito Financeiro e Contabilidade Pública","AFO+CONTPU","1535","19.05","2","Das Transferências Voluntárias (art. 25 da LRF)"
"69","AFO, Direito Financeiro e Contabilidade Pública","AFO+CONTPU","1460","60","1","Decreto 2.829/1998: Normas para Elaboração e Execução do PPA e da LOA"
"69","AFO, Direito Financeiro e Contabilidade Pública","AFO+CONTPU","13867","80.07.02","3","Decreto Distrital nº 32.598/2010 - Planejamento, Orçamento, Finanças, Patrimônio e Contabilidade"
"69","AFO, Direito Financeiro e Contabilidade Pública","AFO+CONTPU","13875","80.11.01","3","Decreto Estadual nº 03/2003 - Sistema Financeiro de Conta Única (MT)"
"69","AFO, Direito Financeiro e Contabilidade Pública","AFO+CONTPU","13876","80.11.02","3","Decreto Estadual nº 1.374/2008 - Sistema Integrado de Planejamento, Contabilidade e Finanças (MT)"
"69","AFO, Direito Financeiro e Contabilidade Pública","AFO+CONTPU","13877","80.12.01","3","Decreto Estadual nº 14.130/2015 - Sistema de Planejamento e Finanças (SPF-MS)"
"69","AFO, Direito Financeiro e Contabilidade Pública","AFO+CONTPU","13879","80.12.02","3","Decreto Estadual nº 15.434/2020 - Regime Financeiro Especial (RFE-MS)"
"69","AFO, Direito Financeiro e Contabilidade Pública","AFO+CONTPU","13900","80.24.04","3","Decreto Estadual nº 1.860/2008 - Fechamento Orçamentário, Financeiro e Contábil e Outros (SC)"
"69","AFO, Direito Financeiro e Contabilidade Pública","AFO+CONTPU","13897","80.21.02","3","Decreto Estadual nº 24.846/1976 - Manual do Gestor Público da CAGE (RS)"
"69","AFO, Direito Financeiro e Contabilidade Pública","AFO+CONTPU","13901","80.24.03","3","Decreto Estadual nº 37/1999 - Regime de Adiantamento de Despesas (SC)"
"69","AFO, Direito Financeiro e Contabilidade Pública","AFO+CONTPU","13881","80.13.01","3","Decreto Estadual nº 37.924/1996 - Execução Orçamentária e Financeira (MG)"
"69","AFO, Direito Financeiro e Contabilidade Pública","AFO+CONTPU","14709","80.19.03","3","Decreto Estadual nº 49.134/2024 - Diretrizes e Procedimentos para Atos de Execução Financeira Estadual (RJ)"
"69","AFO, Direito Financeiro e Contabilidade Pública","AFO+CONTPU","13871","80.09.02","3","Decreto Estadual nº 9.802/2021 - Folha de Pagamento na Adm. Direta, Autárquica e Fundacional (GO)"
"69","AFO, Direito Financeiro e Contabilidade Pública","AFO+CONTPU","1532","19.07.01","3","Definições, Limites e Recondução da Dívida (arts. 29 a 31 da LRF)"
"69","AFO, Direito Financeiro e Contabilidade Pública","AFO+CONTPU","1538","99","1","Demais Temas de Contabilidade Pública"
"69","AFO, Direito Financeiro e Contabilidade Pública","AFO+CONTPU","16128","18.03","2","Demais Temas sobre Custos no Setor Público"
"69","AFO, Direito Financeiro e Contabilidade Pública","AFO+CONTPU","2281","17.07","2","Demonstração das Mutações do Patrimônio Líquido (AFO e CPU)"
"69","AFO, Direito Financeiro e Contabilidade Pública","AFO+CONTPU","1864","17.05","2","Demonstração das Variações Patrimoniais (DVP)"
"69","AFO, Direito Financeiro e Contabilidade Pública","AFO+CONTPU","2250","17.06","2","Demonstração de Fluxo de Caixa (MCASP e NBC TSP 12)"
"69","AFO, Direito Financeiro e Contabilidade Pública","AFO+CONTPU","1537","17","1","Demonstrações Contábeis Aplicadas ao Setor Público"
"69","AFO, Direito Financeiro e Contabilidade Pública","AFO+CONTPU","14569","17.11","2","Demonstrações Contábeis Separadas (NBC TSP 16)"
"69","AFO, Direito Financeiro e Contabilidade Pública","AFO+CONTPU","5757","14.14","2","Depreciação, Amortização e Exaustão (NBC TSP 07, MCASP, etc.)"
"69","AFO, Direito Financeiro e Contabilidade Pública","AFO+CONTPU","1493","07","1","Despesa Pública (AFO e CPU)"
"69","AFO, Direito Financeiro e Contabilidade Pública","AFO+CONTPU","1527","19.04.02","3","Despesas com Pessoal e Seguridade Social (arts. 18 a 24 da LRF)"
"69","AFO, Direito Financeiro e Contabilidade Pública","AFO+CONTPU","1514","07.05","2","Despesas de Exercícios Anteriores (DEA)"
"69","AFO, Direito Financeiro e Contabilidade Pública","AFO+CONTPU","11183","14.07","2","Disponibilidades (MCASP e NBC TSP 12)"
"69","AFO, Direito Financeiro e Contabilidade Pública","AFO+CONTPU","5363","19.10","2","Disposições Finais e Transitórias (arts. 60 a 75 da LRF)"
"69","AFO, Direito Financeiro e Contabilidade Pública","AFO+CONTPU","1522","19.01","2","Disposições Preliminares (arts. 1º e 2º da LRF)"
"69","AFO, Direito Financeiro e Contabilidade Pública","AFO+CONTPU","1491","06.07","2","Dívida Ativa"
"69","AFO, Direito Financeiro e Contabilidade Pública","AFO+CONTPU","1531","07.04.01","3","Dívida Fundada e Dívida Flutuante - Conceitos Gerais"
"69","AFO, Direito Financeiro e Contabilidade Pública","AFO+CONTPU","1512","07.04","2","Dívida Pública (AFO e CPU)"
"69","AFO, Direito Financeiro e Contabilidade Pública","AFO+CONTPU","1530","19.07","2","Dívida Pública e Endividamento (arts. 29 a 42 da LRF)"
"69","AFO, Direito Financeiro e Contabilidade Pública","AFO+CONTPU","11197","14.29","2","Divulgação de Participações em Outras Entidades (MCASP e NBC TSP 20)"
"69","AFO, Direito Financeiro e Contabilidade Pública","AFO+CONTPU","11198","14.30","2","Divulgação Sobre Partes Relacionadas (MCASP e NBC TSP 22)"
"69","AFO, Direito Financeiro e Contabilidade Pública","AFO+CONTPU","11192","14.24","2","Efeitos das Mudanças nas Taxas de Câmbio (MCASP e NBC TSP 24)"
"69","AFO, Direito Financeiro e Contabilidade Pública","AFO+CONTPU","4499","16","1","Escrituração Contábil Pública"
"69","AFO, Direito Financeiro e Contabilidade Pública","AFO+CONTPU","6245","19.09.02","3","Escrituração e Consolidação (arts. 50 e 51 da LRF)"
"69","AFO, Direito Financeiro e Contabilidade Pública","AFO+CONTPU","1504","07.03","2","Estágios da Despesa Pública"
"69","AFO, Direito Financeiro e Contabilidade Pública","AFO+CONTPU","1503","06.06","2","Estágios da Receita Pública"
"69","AFO, Direito Financeiro e Contabilidade Pública","AFO+CONTPU","11185","14.09","2","Estoques (MCASP e NBC TSP 04)"
"69","AFO, Direito Financeiro e Contabilidade Pública","AFO+CONTPU","11193","14.25","2","Evento Subsequente (MCASP e NBC TSP 25)"
"69","AFO, Direito Financeiro e Contabilidade Pública","AFO+CONTPU","389","01.03","2","Funções de Governo"
"69","AFO, Direito Financeiro e Contabilidade Pública","AFO+CONTPU","1582","03","1","Fundos Especiais"
"69","AFO, Direito Financeiro e Contabilidade Pública","AFO+CONTPU","1534","19.07.03","3","Garantia, Contragarantia e Restos a Pagar (arts. 40 a 42 da LRF)"
"69","AFO, Direito Financeiro e Contabilidade Pública","AFO+CONTPU","1526","19.04.01","3","Geração de Despesa e Despesa Obrigatória de Caráter Continuado (arts. 15 a 17 da LRF)"
"69","AFO, Direito Financeiro e Contabilidade Pública","AFO+CONTPU","1528","19.08","2","Gestão Patrimonial (arts. 43 a 47 da LRF)"
"69","AFO, Direito Financeiro e Contabilidade Pública","AFO+CONTPU","1458","02.03","2","Histórico do Orçamento"
"69","AFO, Direito Financeiro e Contabilidade Pública","AFO+CONTPU","4500","23","1","Índices e Análise de Demonstração no Setor Público"
"69","AFO, Direito Financeiro e Contabilidade Pública","AFO+CONTPU","11196","14.28","2","Informações por Segmento (MCASP e NBC TSP 27)"
"69","AFO, Direito Financeiro e Contabilidade Pública","AFO+CONTPU","7199","14.31","2","Instrumentos Financeiros (MCASP e NBC TSP 30, 31 e 33)"
"69","AFO, Direito Financeiro e Contabilidade Pública","AFO+CONTPU","1463","02.05","2","Instrumentos Orçamentários na CF 88 (PPA, LDO e LOA)"
"69","AFO, Direito Financeiro e Contabilidade Pública","AFO+CONTPU","6054","01","1","Introdução à Administração Financeira e Orçamentária"
"69","AFO, Direito Financeiro e Contabilidade Pública","AFO+CONTPU","1865","13","1","Introdução à Contabilidade Aplicada ao Setor Público"
"69","AFO, Direito Financeiro e Contabilidade Pública","AFO+CONTPU","1798","17.01","2","Introdução às DCASP (Parte V, Capítulo 1 do MCASP e NBC TSP 11)"
"69","AFO, Direito Financeiro e Contabilidade Pública","AFO+CONTPU","4498","14.03","2","Inventário. Material Permanente e de Consumo."
"69","AFO, Direito Financeiro e Contabilidade Pública","AFO+CONTPU","11188","14.10","2","Investimentos Permanentes, em Coligada e Empreendimento Controlado em Conjunto (MCASP e NBC TSP 18)"
"69","AFO, Direito Financeiro e Contabilidade Pública","AFO+CONTPU","1465","02.05.02","3","LDO - Lei de Diretrizes Orçamentárias (CF/1988 e Lei nº 4.320/1964)"
"69","AFO, Direito Financeiro e Contabilidade Pública","AFO+CONTPU","13866","80.07.01","3","Lei Complementar Distrital nº 292/2000 - Condições para Instituição e Funcionamento de Fundos (DF)"
"69","AFO, Direito Financeiro e Contabilidade Pública","AFO+CONTPU","13862","80.04.01","3","Lei Complementar Estadual nº 06/1991 - Normas Gerais para Elaboração de Orçamentos e Outros (AM)"
"69","AFO, Direito Financeiro e Contabilidade Pública","AFO+CONTPU","13861","80.04.02","3","Lei Complementar Estadual nº 175/2017 - Regime de Conta Única do Tesouro Estadual (AM)"
"69","AFO, Direito Financeiro e Contabilidade Pública","AFO+CONTPU","7980","09","1","Lei Complementar nº 159/2017 (Regime de Recuperação Fiscal)"
"69","AFO, Direito Financeiro e Contabilidade Pública","AFO+CONTPU","5907","40","1","Lei Complementar nº 178/2021 - Programa de Acompanhamento e Transparência Fiscal e Plano de Promoção do Equilíbrio Fiscal (arts. 1º a 8º, 17 a 24 e 28 a 32)"
"69","AFO, Direito Financeiro e Contabilidade Pública","AFO+CONTPU","17429","41","1","Lei Complementar nº 200/2023 - Novo Arcabouço Fiscal"
"69","AFO, Direito Financeiro e Contabilidade Pública","AFO+CONTPU","1521","19","1","Lei de Responsabilidade Fiscal - LRF (Lei Complementar nº 101/2000)"
"69","AFO, Direito Financeiro e Contabilidade Pública","AFO+CONTPU","15782","80.15.01","3","Lei Estadual nº 11.626/2020 - Plano Plurianual - PPA (PB)"
"69","AFO, Direito Financeiro e Contabilidade Pública","AFO+CONTPU","15783","80.15.02","3","Lei Estadual nº 12.371/2022 - Lei de Diretrizes Orçamentárias - LDO (PB)"
"69","AFO, Direito Financeiro e Contabilidade Pública","AFO+CONTPU","15784","80.15.03","3","Lei Estadual nº 12.561/2023 - Estima a Receita e Fixa a Despesa para o Exercício Financeiro de 2023 (PB)"
"69","AFO, Direito Financeiro e Contabilidade Pública","AFO+CONTPU","13902","80.24.01","3","Lei Estadual nº 12.931/2004 - Procedimento da Descentralização de Créditos Orçamentários (SC)"
"69","AFO, Direito Financeiro e Contabilidade Pública","AFO+CONTPU","13895","80.21.01","3","Lei Estadual nº 14.836/2016 - Lei de Responsabilidade Fiscal (RS)"
"69","AFO, Direito Financeiro e Contabilidade Pública","AFO+CONTPU","15937","80.25.01","3","Lei Estadual nº 17.293/2020 - Estabelece Medidas voltadas ao Ajuste Fiscal e ao Equilíbrio das Contas Públicas (SP)"
"69","AFO, Direito Financeiro e Contabilidade Pública","AFO+CONTPU","14907","80.24.02","3","Lei Estadual nº 18.334/2022 - Fundo Social (SC)"
"69","AFO, Direito Financeiro e Contabilidade Pública","AFO+CONTPU","13872","80.09.01","3","Lei Estadual nº 20.755/2020 - PPA 2020-2023 (GO)"
"69","AFO, Direito Financeiro e Contabilidade Pública","AFO+CONTPU","13890","80.19.01","3","Lei Estadual nº 287/1979 - Código de Administração Financeira e Contabilidade Pública (RJ)"
"69","AFO, Direito Financeiro e Contabilidade Pública","AFO+CONTPU","13860","80.04.03","3","Lei Estadual nº 4.218/2015 - Repasse de Parcela dos Depósitos Judiciais e Administrativos (AM)"
"69","AFO, Direito Financeiro e Contabilidade Pública","AFO+CONTPU","13891","80.19.02","3","Lei Estadual nº 7.629/2017 - Plano de Recuperação Fiscal (RJ)"
"69","AFO, Direito Financeiro e Contabilidade Pública","AFO+CONTPU","13886","80.17.01","3","Lei Estadual nº 7.741/1978 - Código de Administração Financeira (PE)"
"69","AFO, Direito Financeiro e Contabilidade Pública","AFO+CONTPU","4496","50","1","Lei nº 10.028/2000 - Infração Administrativa Contra as Leis de Finanças Públicas"
"69","AFO, Direito Financeiro e Contabilidade Pública","AFO+CONTPU","1516","12","1","Lei nº 10.180/2001"
"69","AFO, Direito Financeiro e Contabilidade Pública","AFO+CONTPU","2916","51","1","Lei nº 10.522/2002 - CADIN"
"69","AFO, Direito Financeiro e Contabilidade Pública","AFO+CONTPU","1468","02.05.03","3","LOA - Lei Orçamentária Anual (CF/1988 e Lei nº 4.320/1964)"
"69","AFO, Direito Financeiro e Contabilidade Pública","AFO+CONTPU","7170","20","1","Manual de Demonstrativos Fiscais"
"69","AFO, Direito Financeiro e Contabilidade Pública","AFO+CONTPU","16127","18.01","2","NBC T 16.11 e MIC 1ª Edição - Sistema de Informação de Custos do Setor Público"
"69","AFO, Direito Financeiro e Contabilidade Pública","AFO+CONTPU","16129","18.02","2","NBC TSP 34 - Custos no Setor Público"
"69","AFO, Direito Financeiro e Contabilidade Pública","AFO+CONTPU","13857","80","1","Normas Estaduais sobre Direito Financeiro e Contabilidade Pública"
"69","AFO, Direito Financeiro e Contabilidade Pública","AFO+CONTPU","1455","01.02","2","Normas Gerais de Direito Financeiro"
"69","AFO, Direito Financeiro e Contabilidade Pública","AFO+CONTPU","5797","90","1","Normas Municipais sobre Direito Financeiro e Contabilidade Pública"
"69","AFO, Direito Financeiro e Contabilidade Pública","AFO+CONTPU","13859","80.05","2","Normas sobre Direito Financeiro e Contabilidade Pública da BA"
"69","AFO, Direito Financeiro e Contabilidade Pública","AFO+CONTPU","15781","80.15","2","Normas sobre Direito Financeiro e Contabilidade Pública da PB"
"69","AFO, Direito Financeiro e Contabilidade Pública","AFO+CONTPU","13870","80.09","2","Normas sobre Direito Financeiro e Contabilidade Pública de GO"
"69","AFO, Direito Financeiro e Contabilidade Pública","AFO+CONTPU","13880","80.13","2","Normas sobre Direito Financeiro e Contabilidade Pública de MG"
"69","AFO, Direito Financeiro e Contabilidade Pública","AFO+CONTPU","13898","80.23","2","Normas sobre Direito Financeiro e Contabilidade Pública de RR"
"69","AFO, Direito Financeiro e Contabilidade Pública","AFO+CONTPU","13899","80.24","2","Normas sobre Direito Financeiro e Contabilidade Pública de SC"
"69","AFO, Direito Financeiro e Contabilidade Pública","AFO+CONTPU","15936","80.25","2","Normas sobre Direito Financeiro e Contabilidade Pública de SP"
"69","AFO, Direito Financeiro e Contabilidade Pública","AFO+CONTPU","13858","80.01","2","Normas sobre Direito Financeiro e Contabilidade Pública do AC"
"69","AFO, Direito Financeiro e Contabilidade Pública","AFO+CONTPU","13863","80.04","2","Normas sobre Direito Financeiro e Contabilidade Pública do AM"
"69","AFO, Direito Financeiro e Contabilidade Pública","AFO+CONTPU","13864","80.06","2","Normas sobre Direito Financeiro e Contabilidade Pública do CE"
"69","AFO, Direito Financeiro e Contabilidade Pública","AFO+CONTPU","13865","80.07","2","Normas sobre Direito Financeiro e Contabilidade Pública do DF"
"69","AFO, Direito Financeiro e Contabilidade Pública","AFO+CONTPU","13869","80.08","2","Normas sobre Direito Financeiro e Contabilidade Pública do ES"
"69","AFO, Direito Financeiro e Contabilidade Pública","AFO+CONTPU","13878","80.12","2","Normas sobre Direito Financeiro e Contabilidade Pública do MS"
"69","AFO, Direito Financeiro e Contabilidade Pública","AFO+CONTPU","13874","80.11","2","Normas sobre Direito Financeiro e Contabilidade Pública do MT"
"69","AFO, Direito Financeiro e Contabilidade Pública","AFO+CONTPU","13883","80.14","2","Normas sobre Direito Financeiro e Contabilidade Pública do PA"
"69","AFO, Direito Financeiro e Contabilidade Pública","AFO+CONTPU","13885","80.17","2","Normas sobre Direito Financeiro e Contabilidade Pública do PE"
"69","AFO, Direito Financeiro e Contabilidade Pública","AFO+CONTPU","13888","80.18","2","Normas sobre Direito Financeiro e Contabilidade Pública do PI"
"69","AFO, Direito Financeiro e Contabilidade Pública","AFO+CONTPU","13884","80.16","2","Normas sobre Direito Financeiro e Contabilidade Pública do PR"
"69","AFO, Direito Financeiro e Contabilidade Pública","AFO+CONTPU","13889","80.19","2","Normas sobre Direito Financeiro e Contabilidade Pública do RJ"
"69","AFO, Direito Financeiro e Contabilidade Pública","AFO+CONTPU","13893","80.20","2","Normas sobre Direito Financeiro e Contabilidade Pública do RN"
"69","AFO, Direito Financeiro e Contabilidade Pública","AFO+CONTPU","13894","80.21","2","Normas sobre Direito Financeiro e Contabilidade Pública do RS"
"69","AFO, Direito Financeiro e Contabilidade Pública","AFO+CONTPU","18067","80.27","2","Normas sobre Direito Financeiro e Contabilidade Pública do TO"
"69","AFO, Direito Financeiro e Contabilidade Pública","AFO+CONTPU","6243","17.08","2","Notas Explicativas (AFO e CPU)"
"69","AFO, Direito Financeiro e Contabilidade Pública","AFO+CONTPU","1533","19.07.02","3","Operações de Crédito (arts. 32 a 39 da LRF)"
"69","AFO, Direito Financeiro e Contabilidade Pública","AFO+CONTPU","4226","02","1","Orçamento Público"
"69","AFO, Direito Financeiro e Contabilidade Pública","AFO+CONTPU","16679","80.15.04","3","Outras Normas sobre Direito Financeiro e Contabilidade Pública da PB"
"69","AFO, Direito Financeiro e Contabilidade Pública","AFO+CONTPU","13873","80.09.03","3","Outras Normas sobre Direito Financeiro e Contabilidade Pública de GO"
"69","AFO, Direito Financeiro e Contabilidade Pública","AFO+CONTPU","13882","80.13.02","3","Outras Normas sobre Direito Financeiro e Contabilidade Pública de MG"
"69","AFO, Direito Financeiro e Contabilidade Pública","AFO+CONTPU","13903","80.24.05","3","Outras Normas sobre Direito Financeiro e Contabilidade Pública de SC"
"69","AFO, Direito Financeiro e Contabilidade Pública","AFO+CONTPU","13904","80.25.02","3","Outras Normas sobre Direito Financeiro e Contabilidade Pública de SP"
"69","AFO, Direito Financeiro e Contabilidade Pública","AFO+CONTPU","13868","80.07.03","3","Outras Normas sobre Direito Financeiro e Contabilidade Pública do DF"
"69","AFO, Direito Financeiro e Contabilidade Pública","AFO+CONTPU","13887","80.17.02","3","Outras Normas sobre Direito Financeiro e Contabilidade Pública do PE"
"69","AFO, Direito Financeiro e Contabilidade Pública","AFO+CONTPU","13892","80.19.04","3","Outras Normas sobre Direito Financeiro e Contabilidade Pública do RJ"
"69","AFO, Direito Financeiro e Contabilidade Pública","AFO+CONTPU","1497","14.01","2","Patrimônio Público"
"69","AFO, Direito Financeiro e Contabilidade Pública","AFO+CONTPU","1467","19.02","2","Planejamento e Orçamento Público (arts. 3º a 10 da LRF)"
"69","AFO, Direito Financeiro e Contabilidade Pública","AFO+CONTPU","6228","15","1","Plano de Contas (PCASP)"
"69","AFO, Direito Financeiro e Contabilidade Pública","AFO+CONTPU","11194","14.26","2","Políticas Contábeis, Mudança de Estimativa e Retificação de Erro (MCASP e NBC TSP 23)"
"69","AFO, Direito Financeiro e Contabilidade Pública","AFO+CONTPU","1464","02.05.01","3","PPA - Plano Plurianual (CF/1988 e Lei nº 4.320/1964)"
"69","AFO, Direito Financeiro e Contabilidade Pública","AFO+CONTPU","1536","21","1","Precatórios"
"69","AFO, Direito Financeiro e Contabilidade Pública","AFO+CONTPU","4495","13.03","2","Princípios da Contabilidade Pública"
"69","AFO, Direito Financeiro e Contabilidade Pública","AFO+CONTPU","1483","02.04","2","Princípios Orçamentários"
"69","AFO, Direito Financeiro e Contabilidade Pública","AFO+CONTPU","7169","22","1","Procedimentos Contábeis Específicos (RPPS, FUNDEB, etc.)"
"69","AFO, Direito Financeiro e Contabilidade Pública","AFO+CONTPU","1478","08","1","Programação e Descentralização Orçamentária e Financeira"
"69","AFO, Direito Financeiro e Contabilidade Pública","AFO+CONTPU","1796","14.18","2","Propriedade para Investimento (MCASP e NBC TSP 06)"
"69","AFO, Direito Financeiro e Contabilidade Pública","AFO+CONTPU","2153","14.15","2","Provisões, Passivos e Ativos Contingentes (MCASP e NBC TSP 03)"
"69","AFO, Direito Financeiro e Contabilidade Pública","AFO+CONTPU","5515","14.17","2","Receita de Transação com Contraprestação (MCASP e NBC TSP 02)"
"69","AFO, Direito Financeiro e Contabilidade Pública","AFO+CONTPU","1498","14.16","2","Receita de Transação sem Contraprestação (MCASP e NBC TSP 01)"
"69","AFO, Direito Financeiro e Contabilidade Pública","AFO+CONTPU","1486","06","1","Receita Pública (AFO e CPU)"
"69","AFO, Direito Financeiro e Contabilidade Pública","AFO+CONTPU","1492","14.13","2","Redução ao Valor Recuperável (MCASP, NBC TSP 09 e 10)"
"69","AFO, Direito Financeiro e Contabilidade Pública","AFO+CONTPU","1515","07.06.01","3","Regime de Adiantamento"
"69","AFO, Direito Financeiro e Contabilidade Pública","AFO+CONTPU","1505","13.02","2","Regimes Orçamentário e Patrimonial e Exercício Financeiro"
"69","AFO, Direito Financeiro e Contabilidade Pública","AFO+CONTPU","6247","19.09.04","3","Relatório de Gestão Fiscal - RGF (arts. 54 e 55 da LRF)"
"69","AFO, Direito Financeiro e Contabilidade Pública","AFO+CONTPU","6246","19.09.03","3","Relatório Resumido da Execução Orçamentária - RREO (arts. 52 e 53 da LRF)"
"69","AFO, Direito Financeiro e Contabilidade Pública","AFO+CONTPU","1513","07.04.02","3","Restos a Pagar (RAP)"
"69","AFO, Direito Financeiro e Contabilidade Pública","AFO+CONTPU","2824","10.02","2","SIAFEM"
"69","AFO, Direito Financeiro e Contabilidade Pública","AFO+CONTPU","1509","10.01","2","SIAFI"
"69","AFO, Direito Financeiro e Contabilidade Pública","AFO+CONTPU","16181","10.04","2","SIAFIC (Decreto nº 10.540/2020)"
"69","AFO, Direito Financeiro e Contabilidade Pública","AFO+CONTPU","14570","10.05","2","SICONFI - Sistema de Informações Contábeis e Fiscais do Setor Público Brasileiro"
"69","AFO, Direito Financeiro e Contabilidade Pública","AFO+CONTPU","1510","10.03","2","SIOP, SIDOR"
"69","AFO, Direito Financeiro e Contabilidade Pública","AFO+CONTPU","1518","12.02","2","Sistema de Administração Financeira Federal (Lei 10.180/2001)"
"69","AFO, Direito Financeiro e Contabilidade Pública","AFO+CONTPU","1519","12.03","2","Sistema de Contabilidade Federal (Lei 10.180/2001 e Decreto 6.976/2009)"
"69","AFO, Direito Financeiro e Contabilidade Pública","AFO+CONTPU","1520","12.04","2","Sistema de Controle Interno do Poder Executivo Federal (Lei 10.180/2001)"
"69","AFO, Direito Financeiro e Contabilidade Pública","AFO+CONTPU","1517","12.01","2","Sistema de Planejamento e de Orçamento Federal (Lei 10.180/2001)"
"69","AFO, Direito Financeiro e Contabilidade Pública","AFO+CONTPU","2825","10","1","Sistemas Estruturantes em Matéria Orçamentária e Financeira"
"69","AFO, Direito Financeiro e Contabilidade Pública","AFO+CONTPU","4205","07.06","2","Suprimento de Fundos"
"69","AFO, Direito Financeiro e Contabilidade Pública","AFO+CONTPU","1454","02.02.03","3","Técnicas/Espécies Orçamentárias (Orçamento Programa, Tradicional, Participativo, Base Zero, etc)"
"69","AFO, Direito Financeiro e Contabilidade Pública","AFO+CONTPU","4202","19.11","2","Temas Mesclados sobre a LRF"
"69","AFO, Direito Financeiro e Contabilidade Pública","AFO+CONTPU","3169","02.02.01","3","Tipos de Orçamento Público (Executivo, Legislativo, Misto)"
"69","AFO, Direito Financeiro e Contabilidade Pública","AFO+CONTPU","11557","17.12","2","Tópicos Mesclados de Demonstrações Contábeis (MCASP, NBC TSP e Lei nº 4.320/1964)"
"69","AFO, Direito Financeiro e Contabilidade Pública","AFO+CONTPU","1469","02.05.04","3","Tópicos Mesclados de PPA, LDO e LOA"
"69","AFO, Direito Financeiro e Contabilidade Pública","AFO+CONTPU","1583","98","1","Tópicos Mesclados e Demais Temas da Lei nº 4.320/1964"
"69","AFO, Direito Financeiro e Contabilidade Pública","AFO+CONTPU","1529","19.09","2","Transparência, Controle e Fiscalização (arts. 48 a 59 da LRF)"
"69","AFO, Direito Financeiro e Contabilidade Pública","AFO+CONTPU","6244","19.09.01","3","Transparência da Gestão Fiscal (arts. 48 e 49 da LRF)"
"69","AFO, Direito Financeiro e Contabilidade Pública","AFO+CONTPU","1893","14.04","2","Variações Patrimoniais"
"69","AFO, Direito Financeiro e Contabilidade Pública","AFO+CONTPU","1741","02.05.05","3","Vedações Constitucionais em Matéria Orçamentária (Art. 167 da CF/1988)"
"117","Legislação Tributária dos Municípios","LTMUN","4362","99.04.06","3","Administração, Penalidades e Infrações (IPTU)"
"117","Legislação Tributária dos Municípios","LTMUN","2814","99.02.06","3","Administração, Penalidades e Infrações (ISS)"
"117","Legislação Tributária dos Municípios","LTMUN","2882","99.03.06","3","Administração, Penalidades e Infrações (ITBI)"
"117","Legislação Tributária dos Municípios","LTMUN","17308","09.01.01.04","4","Administração Tributária (arts. 111 a 131 da LCM nº 07/1997)"
"117","Legislação Tributária dos Municípios","LTMUN","7845","99.08","2","Administração Tributária Municipal"
"117","Legislação Tributária dos Municípios","LTMUN","3043","99.04.02","3","Alíquota, Base de Cálculo e Valor a ser Pago (IPTU)"
"117","Legislação Tributária dos Municípios","LTMUN","7118","99.02.02","3","Alíquota, Base de Cálculo e Valor a ser Pago (ISS)"
"117","Legislação Tributária dos Municípios","LTMUN","2862","99.03.02","3","Alíquota, Base de Cálculo e Valor a ser Pago (ITBI)"
"117","Legislação Tributária dos Municípios","LTMUN","15470","25.02.05.05","4","Alíquotas (arts. 232 do Decreto Municipal nº 62.137/2022)"
"117","Legislação Tributária dos Municípios","LTMUN","15475","25.02.05.10","4","Arrecadação (arts. 271 a 273 do Decreto Municipal nº 62.137/2022)"
"117","Legislação Tributária dos Municípios","LTMUN","15469","25.02.05.04","4","Base de Cálculo (arts. 219 a 231 do Decreto Municipal nº 62.137/2022)"
"117","Legislação Tributária dos Municípios","LTMUN","15471","25.02.05.06","4","Cadastro de Contribuintes Mobiliários - CCM (arts. 233 a 240 do Decreto Municipal nº 62.137/2022)"
"117","Legislação Tributária dos Municípios","LTMUN","17360","09.01.02.03","4","Cadastro Fiscal (arts. 207 a 221 da LCM nº 07/1997)"
"117","Legislação Tributária dos Municípios","LTMUN","3045","99.11","2","Cadastros Municipais"
"117","Legislação Tributária dos Municípios","LTMUN","15458","25.02.13","3","CADIN Municipal (arts. 637 a 648 do Decreto Municipal nº 62.137/2022)"
"117","Legislação Tributária dos Municípios","LTMUN","7972","99.01.11","3","Certidão Negativa"
"117","Legislação Tributária dos Municípios","LTMUN","15464","25.02.19","3","Código do Contribuinte (arts. 864 a 883 do Decreto Municipal nº 62.137/2022)"
"117","Legislação Tributária dos Municípios","LTMUN","17876","15.01","2","Código Tributário de Manaus (Lei Municipal nº 1.697/1983)"
"117","Legislação Tributária dos Municípios","LTMUN","7959","99.01.02","3","Competência Tributária"
"117","Legislação Tributária dos Municípios","LTMUN","17361","09.01.02.02","4","Competência Tributária (arts. 199 a 206 da LCM nº 07/1997)"
"117","Legislação Tributária dos Municípios","LTMUN","17887","15.02","2","Conselho Administrativo de Recursos Fiscais do Município/CARF-Manaus (Lei Municipal nº 2.385/2018 e Decreto Municipal nº 4.726/2019)"
"117","Legislação Tributária dos Municípios","LTMUN","15463","25.02.18","3","Consulta (arts. 737 a 742 do Decreto Municipal nº 62.137/2022)"
"117","Legislação Tributária dos Municípios","LTMUN","17315","09.01.02.06","4","Contribuição de Melhoria (arts. 415 a 429 da LCM nº 07/1997)"
"117","Legislação Tributária dos Municípios","LTMUN","15455","25.02.10","3","Contribuição de Melhoria (arts. 552 a 568 do Decreto Municipal nº 62.137/2022)"
"117","Legislação Tributária dos Municípios","LTMUN","17882","15.01.06","3","Contribuição de Melhoria (arts. 59 a 64 da Lei Municipal nº 1.697/1983)"
"117","Legislação Tributária dos Municípios","LTMUN","3063","99.06","2","Contribuição de Melhoria e Outras (Municipal)"
"117","Legislação Tributária dos Municípios","LTMUN","15456","25.02.11","3","COSIP (arts. 569 a 577 do Decreto Municipal nº 62.137/2022)"
"117","Legislação Tributária dos Municípios","LTMUN","7965","99.01.09","3","Crédito Tributário"
"117","Legislação Tributária dos Municípios","LTMUN","17307","09.01.01.03","4","Crédito Tributário (arts. 47 a 110 da LCM nº 07/1997)"
"117","Legislação Tributária dos Municípios","LTMUN","18369","19.40.02","3","Da Administração Tributária (arts. 121 a 423 do Decreto Municipal nº 18.749/2023)"
"117","Legislação Tributária dos Municípios","LTMUN","15420","10.05.02","3","Da Administração Tributária (arts. 200 a 577 do Decreto Municipal nº 13.716/2015)"
"117","Legislação Tributária dos Municípios","LTMUN","15299","01.05","2","Da Administração Tributária (arts. 53 a 86 da Lei Municipal nº 1.547/1989)"
"117","Legislação Tributária dos Municípios","LTMUN","15322","01.07.02.03","4","Da Alíquota e Base de Cálculo (arts. 103 a 109 da Lei Municipal nº 1.547/1989)"
"117","Legislação Tributária dos Municípios","LTMUN","15342","01.07.04.03","4","Da Alíquota e Base de Cálculo (arts. 188 e 189 da Lei Municipal nº 1.547/1989)"
"117","Legislação Tributária dos Municípios","LTMUN","15334","01.07.03.03","4","Da Alíquota e da Base de Cálculo (arts. 147 a 153 da Lei Municipal nº 1.547/1989)"
"117","Legislação Tributária dos Municípios","LTMUN","15377","03.10.05","3","Da Apuração (arts. 15 a 18 da Lei Municipal nº 8.725/2003)"
"117","Legislação Tributária dos Municípios","LTMUN","15375","03.10.03","3","Da Base de Cálculo (arts. 5º a 13-D da Lei Municipal nº 8.725/2003)"
"117","Legislação Tributária dos Municípios","LTMUN","15389","10.01.02","3","Da Competência Tributária (arts. 4º a 11 da LCM nº 159/2013)"
"117","Legislação Tributária dos Municípios","LTMUN","18376","19.40.02.04","4","Da Consulta Fiscal (arts. 396 a 401 do Decreto Municipal nº 18.749/2023)"
"117","Legislação Tributária dos Municípios","LTMUN","15309","01.08.04","3","Da Contribuição de Melhoria (arts. 237 a 239 da Lei Municipal nº 1.547/1989)"
"117","Legislação Tributária dos Municípios","LTMUN","15367","03.01.04","3","Da Contribuição de Melhoria (arts. 305 a 320 da Lei Municipal nº 1.310/1966)"
"117","Legislação Tributária dos Municípios","LTMUN","18383","19.40.03.05","4","Da Contribuição de Melhoria (arts. 660 a 667 do Decreto Municipal nº 18.749/2023)"
"117","Legislação Tributária dos Municípios","LTMUN","18385","19.40.03.06","4","Da Contribuição para Custeio do Serviço de Iluminação Pública (arts. 668 e 669 do Decreto Municipal nº 18.749/2023)"
"117","Legislação Tributária dos Municípios","LTMUN","18378","19.40.02.06","4","Da Dívida Ativa (arts. 407 a 423 do Decreto Municipal nº 18.749/2023)"
"117","Legislação Tributária dos Municípios","LTMUN","15396","10.01.09","3","Da Dívida Ativa do Município (arts. 198 a 206 da LCM nº 159/2013)"
"117","Legislação Tributária dos Municípios","LTMUN","15327","01.07.02.08","4","Da Escrita e Documentário Fiscal (arts. 120 a 125 da Lei Municipal nº 1.547/1989)"
"117","Legislação Tributária dos Municípios","LTMUN","15324","01.07.02.05","4","Da Estimativa (arts. 112 a 114 da Lei Municipal nº 1.547/1989)"
"117","Legislação Tributária dos Municípios","LTMUN","15380","03.10.08","3","Da Estimativa (arts. 29 a 32 da Lei Municipal nº 8.725/2003)"
"117","Legislação Tributária dos Municípios","LTMUN","15394","10.01.07","3","Da Fiscalização (arts. 158 a 182 da LCM nº 159/2013)"
"117","Legislação Tributária dos Municípios","LTMUN","15285","22.02.01.04","4","Da Fiscalização (arts. 214 a 217 da Lei Municipal nº 691/1984)"
"117","Legislação Tributária dos Municípios","LTMUN","15492","18.01.04","3","Da Fiscalização (arts. 53 a 55 da LCM nº 07/1973)"
"117","Legislação Tributária dos Municípios","LTMUN","15385","03.21.04","3","Da Fiscalização do ISSQN (arts. 153 a 165 do Decreto nº 17.174/2019)"
"117","Legislação Tributária dos Municípios","LTMUN","18374","19.40.02.02","4","Da Fiscalização e Auditoria Tributárias (arts. 215 a 310 do Decreto Municipal nº 18.749/2023)"
"117","Legislação Tributária dos Municípios","LTMUN","15333","01.07.03.02","4","Da Inscrição (arts. 136 a 146 da Lei Municipal nº 1.547/1989)"
"117","Legislação Tributária dos Municípios","LTMUN","15337","01.07.03.06","4","Da Isenção (arts. 164 e 165 da Lei Municipal nº 1.547/1989)"
"117","Legislação Tributária dos Municípios","LTMUN","15390","10.01.03","3","Da Legislação Tributária (arts. 12 a 27 da LCM nº 159/2013)"
"117","Legislação Tributária dos Municípios","LTMUN","15296","01.02","2","Da Legislação Tributária (arts. 4º a 6º da Lei Municipal nº 1.547/1989)"
"117","Legislação Tributária dos Municípios","LTMUN","18372","19.40.01.02","4","Da Legislação Tributária (arts. 5º a 120 do Decreto Municipal nº 18.749/2023)"
"117","Legislação Tributária dos Municípios","LTMUN","15321","01.07.02.02","4","Da Não Incidência (art. 102 da Lei Municipal nº 1.547/1989)"
"117","Legislação Tributária dos Municípios","LTMUN","15341","01.07.04.02","4","Da Não Incidência (art. 186 da Lei Municipal nº 1.547/1989)"
"117","Legislação Tributária dos Municípios","LTMUN","15412","10.01.13.02","4","Da Não Incidência e das Isenções (arts. 226 a 228 da LCM nº 159/2013)"
"117","Legislação Tributária dos Municípios","LTMUN","15493","18.01.05","3","Da Notificação, Consulta, Reclamação e Recurso (arts. 59 a 67-A da LCM nº 07/1973)"
"117","Legislação Tributária dos Municípios","LTMUN","15398","10.01.11","3","Da Notificação e da Intimação (arts. 213 a 217 da LCM nº 159/2013)"
"117","Legislação Tributária dos Municípios","LTMUN","15391","10.01.04","3","Da Obrigação e do Crédito Tributário (arts. 28 a 135 da LCM nº 159/2013)"
"117","Legislação Tributária dos Municípios","LTMUN","15382","03.21.01","3","Da Obrigação Principal (arts. 1º a 29 do Decreto nº 17.174/2019)"
"117","Legislação Tributária dos Municípios","LTMUN","15277","22.01.04.01","4","Da Obrigação Principal (arts. 52 a 71 da Lei Municipal nº 691/1984)"
"117","Legislação Tributária dos Municípios","LTMUN","15275","22.01.03.01","4","Da Obrigação Principal (arts. 8º a 47 da Lei Municipal nº 691/1984)"
"117","Legislação Tributária dos Municípios","LTMUN","15283","22.02.01.02","4","Da Obrigação Tributária (art. 164 da Lei Municipal nº 691/1984)"
"117","Legislação Tributária dos Municípios","LTMUN","15409","10.01.04.01","4","Da Obrigação Tributária (arts. 28 a 52 da LCM nº 159/2013)"
"117","Legislação Tributária dos Municípios","LTMUN","15297","01.03","2","Da Obrigação Tributária (arts. 7º a 19 da Lei Municipal nº 1.547/1989)"
"117","Legislação Tributária dos Municípios","LTMUN","15414","10.01.13.04","4","Da Quantificação do Imposto (arts. 240 a 252 da LCM nº 159/2013)"
"117","Legislação Tributária dos Municípios","LTMUN","15288","22.02.01.07","4","Da Responsabilidade (arts. 233 a 241 da Lei Municipal nº 691/1984)"
"117","Legislação Tributária dos Municípios","LTMUN","15376","03.10.04","3","Das Alíquotas (art. 14 da Lei Municipal nº 8.725/2003)"
"117","Legislação Tributária dos Municípios","LTMUN","15287","22.02.01.06","4","Das Apreensões (art. 232 da Lei Municipal nº 691/1984)"
"117","Legislação Tributária dos Municípios","LTMUN","15397","10.01.10","3","Das Certidões (arts. 207 a 212 da LCM nº 159/2013)"
"117","Legislação Tributária dos Municípios","LTMUN","18377","19.40.02.05","4","Das Certidões Fiscais (arts. 402 a 406 do Decreto Municipal nº 18.749/2023)"
"117","Legislação Tributária dos Municípios","LTMUN","15404","10.01.17","3","Das Contribuições Municipais (arts. 374 a 395 da LCM nº 159/2013)"
"117","Legislação Tributária dos Municípios","LTMUN","15426","10.05.03.05","4","Das Contribuições Municipais (arts. 941 a 968 do Decreto Municipal nº 13.716/2015)"
"117","Legislação Tributária dos Municípios","LTMUN","15368","03.01.05","3","Das Disposições Finais e Transitórias (arts. 321 a 338 da Lei Municipal nº 1.310/1966)"
"117","Legislação Tributária dos Municípios","LTMUN","15392","10.01.05","3","Das Disposições Gerais - Administração Tributária (art. 136 da LCM nº 159/2013)"
"117","Legislação Tributária dos Municípios","LTMUN","15306","01.08.01","3","Das Disposições Gerais (arts. 198 a 200 da Lei Municipal nº 1.547/1989)"
"117","Legislação Tributária dos Municípios","LTMUN","18371","19.40.01.01","4","Das Disposições Gerais e da Competência Tributária Municipal (arts. 2º a 4º do Decreto Municipal nº 18.749/2023)"
"117","Legislação Tributária dos Municípios","LTMUN","18373","19.40.02.01","4","Das Disposições Gerais e dos Cadastros Tributários (arts. 121 a 214 do Decreto Municipal nº 18.749/2023)"
"117","Legislação Tributária dos Municípios","LTMUN","15388","10.01.01","3","Das Disposições Gerais - Sistema Tributário e Normas Gerais (arts. 2º e 3º da LCM nº 159/2013)"
"117","Legislação Tributária dos Municípios","LTMUN","15408","10.02.03","3","Das Disposições Gerais, Transitórias e Finais (arts. 101 a 119 da LCM nº 305/2021)"
"117","Legislação Tributária dos Municípios","LTMUN","15281","22.02.03","3","Das Disposições Transitórias e Finais (arts. 248 a 261 da Lei Municipal nº 691/1984)"
"117","Legislação Tributária dos Municípios","LTMUN","15331","01.07.02.12","4","Das Infrações e Penalidades (art. 132 da Lei Municipal nº 1.547/1989)"
"117","Legislação Tributária dos Municípios","LTMUN","15338","01.07.03.07","4","Das Infrações e Penalidades (arts. 166 a 168 da Lei Municipal nº 1.547/1989)"
"117","Legislação Tributária dos Municípios","LTMUN","15345","01.07.04.06","4","Das Infrações e Penalidades (arts. 196 e 197 da Lei Municipal nº 1.547/1989)"
"117","Legislação Tributária dos Municípios","LTMUN","15328","01.07.02.09","4","Das Isenções (art. 126 da Lei Municipal nº 1.547/1989)"
"117","Legislação Tributária dos Municípios","LTMUN","15494","18.01.06","3","Das Isenções (arts. 70 a 75 da LCM nº 07/1973)"
"117","Legislação Tributária dos Municípios","LTMUN","15384","03.21.03","3","Das Normas Específicas para Atividades de Serviços (arts.100 a 152 do Decreto nº 17.174/2019)"
"117","Legislação Tributária dos Municípios","LTMUN","15276","22.01.03.02","4","Das Obrigações Acessórias (arts. 48 a 51 da Lei Municipal nº 691/1984)"
"117","Legislação Tributária dos Municípios","LTMUN","15278","22.01.04.02","4","Das Obrigações Acessórias (arts. 72 a 86 da Lei Municipal nº 691/1984)"
"117","Legislação Tributária dos Municípios","LTMUN","15417","10.01.13.06","4","Das Obrigações Acessórias relativas ao ISSQN (arts. 256 a 259 da LCM nº 159/2013)"
"117","Legislação Tributária dos Municípios","LTMUN","18386","19.40.03.07","4","Das Outras Receitas Municipais e das Disposições Finais e Transitórias (arts. 670 a 682 do Decreto Municipal nº 18.749/2023)"
"117","Legislação Tributária dos Municípios","LTMUN","15286","22.02.01.05","4","Das Penalidades em Geral (arts. 218 a 231 da Lei Municipal nº 691/1984)"
"117","Legislação Tributária dos Municípios","LTMUN","15395","10.01.08","3","Das Sanções Fiscais (arts. 183 a 197 da LCM nº 159/2013)"
"117","Legislação Tributária dos Municípios","LTMUN","15365","03.01.02","3","Das Sanções Penais (arts. 61 a 85 da Lei Municipal nº 1.310/1966)"
"117","Legislação Tributária dos Municípios","LTMUN","15427","10.05.03.06","4","Das Tarifas ou dos Preços Públicos (arts. 969 a 993 do Decreto Municipal nº 13.716/2015)"
"117","Legislação Tributária dos Municípios","LTMUN","15305","01.08","2","Das Taxas (arts. 198 a 239 da Lei Municipal nº 1.547/1989)"
"117","Legislação Tributária dos Municípios","LTMUN","15369","03.03.01","3","Das Taxas (arts. 1º a 40 da Lei Municipal nº 5.641/1989)"
"117","Legislação Tributária dos Municípios","LTMUN","15497","18.01.03","3","Das Taxas (arts. 37 a 52-X da LCM nº 07/1973)"
"117","Legislação Tributária dos Municípios","LTMUN","15307","01.08.02","3","Das Taxas Decorrentes do Poder de Polícia (arts. 201 a 221-A da Lei Municipal nº 1.547/1989)"
"117","Legislação Tributária dos Municípios","LTMUN","17881","15.01.05","3","Das Taxas de Licença (arts. 49 a 58 da Lei Municipal nº 1.697/1983)"
"117","Legislação Tributária dos Municípios","LTMUN","15403","10.01.16","3","Das Taxas Municipais (arts. 313 a 373 da LCM nº 159/2013)"
"117","Legislação Tributária dos Municípios","LTMUN","18382","19.40.03.04","4","Das Taxas Municipais (arts. 628 a 659 do Decreto Municipal nº 18.749/2023)"
"117","Legislação Tributária dos Municípios","LTMUN","15425","10.05.03.04","4","Das Taxas Municipais (arts. 875 a 940 do Decreto Municipal nº 13.716/2015)"
"117","Legislação Tributária dos Municípios","LTMUN","15308","01.08.03","3","Das Taxas pela Utilização de Serviços Públicos (arts. 222 a 236 da Lei Municipal nº 1.547/1989)"
"117","Legislação Tributária dos Municípios","LTMUN","18666","24.31","2","Decreto Municipal nº 10.324/2024 - Nota Fiscal Eletrônica, Obrigações Acessórias referentes ao ISSQN e Outros (Santos)"
"117","Legislação Tributária dos Municípios","LTMUN","18390","19.35","2","Decreto Municipal nº 12.879/2012 - Regulamenta a Nota Fiscal de Serviços Eletrônica - NFS-e (Porto Velho)"
"117","Legislação Tributária dos Municípios","LTMUN","15418","10.05","2","Decreto Municipal nº 13.716/2015 - Regulamento do CTM Fortaleza"
"117","Legislação Tributária dos Municípios","LTMUN","15355","03.15","2","Decreto Municipal nº 13.824/2009 - Notificação, Recolhimentos de Tributos e Outros (BH)"
"117","Legislação Tributária dos Municípios","LTMUN","15256","22.06","2","Decreto Municipal nº 14.602/1996 - Processo Administrativo-Tributário do Município do Rio de Janeiro"
"117","Legislação Tributária dos Municípios","LTMUN","18389","19.36","2","Decreto Municipal nº 15.547/2018 - Regulamenta a COSIP e Dispõe sobre o FUMIP (Porto Velho)"
"117","Legislação Tributária dos Municípios","LTMUN","15356","03.16","2","Decreto Municipal nº 16.197/2016 - Conselho Administrativo de Recursos Tributários (CART-BH)"
"117","Legislação Tributária dos Municípios","LTMUN","15357","03.17","2","Decreto Municipal nº 16.841/2018 - Domicílio Eletrônico dos Contribuintes e Responsáveis (BH)"
"117","Legislação Tributária dos Municípios","LTMUN","15358","03.18","2","Decreto Municipal nº 17.026/2018 - Regulamento do ITBI (BH)"
"117","Legislação Tributária dos Municípios","LTMUN","15359","03.19","2","Decreto Municipal nº 17.037/2018 - Notificação, Revisão e Reclamação contra Lançamento e Outros (BH)"
"117","Legislação Tributária dos Municípios","LTMUN","15360","03.20","2","Decreto Municipal nº 17.044/2019 - PROEMP (BH)"
"117","Legislação Tributária dos Municípios","LTMUN","15361","03.21","2","Decreto Municipal nº 17.174/2019 - Regulamento do ISS (BH)"
"117","Legislação Tributária dos Municípios","LTMUN","15900","03.22","2","Decreto Municipal nº 17.994/2022 - Dívida Ativa e Cobrança Administrativa de Créditos Tributários e Não Tributários (BH)"
"117","Legislação Tributária dos Municípios","LTMUN","15482","18.08","2","Decreto Municipal nº 18.334/2013 - Regulamenta a LCM nº 687/2013 - NFSE (Porto Alegre)"
"117","Legislação Tributária dos Municípios","LTMUN","18367","19.40","2","Decreto Municipal nº 18.749/2023 - Regulamenta o Código Tributário e de Rendas (Porto Velho)"
"117","Legislação Tributária dos Municípios","LTMUN","17295","09.02","2","Decreto Municipal nº 2.154/2003 - Regulamento do ISSQN - RISQN  (Florianópolis)"
"117","Legislação Tributária dos Municípios","LTMUN","15266","22.07","2","Decreto Municipal nº 32.250/2010 - Nota Fiscal de Serviços Eletrônica-NFS-e (NOTA CARIOCA)"
"117","Legislação Tributária dos Municípios","LTMUN","15262","22.08","2","Decreto Municipal nº 39.733/2015 - PAT relativo ao Simples Nacional (Rio de Janeiro)"
"117","Legislação Tributária dos Municípios","LTMUN","17296","09.03","2","Decreto Municipal nº 5.156/2007 - Regulamento do Cadastro Imobiliário e do IPTU (Florianópolis)"
"117","Legislação Tributária dos Municípios","LTMUN","15513","25.01","2","Decreto Municipal nº 53.151/2012 - Regulamento do ISSQN (São Paulo)"
"117","Legislação Tributária dos Municípios","LTMUN","16787","07.03","2","Decreto Municipal nº 5.358/2013 - Define as Notas Fiscais de Serviços, Regulamenta a Forma e Prazo de Recolhimento, a Retenção na Fonte e o Regime de Estimativa do ISSQN (Cuiabá-MT)"
"117","Legislação Tributária dos Municípios","LTMUN","15443","25.02","2","Decreto Municipal nº 62.137/2022 - Consolidação das Leis Tributárias do Município de São Paulo"
"117","Legislação Tributária dos Municípios","LTMUN","16788","07.04","2","Decreto Municipal nº 7.796/2020 - Procedimentos de Atualização e Manutenção do Cadastro Imobiliário Fiscal do Município de Cuiabá (MT)"
"117","Legislação Tributária dos Municípios","LTMUN","18667","24.30","2","Decreto Municipal nº 9.623/2022 - Regulamenta a Comunicação Eletrônica por DT-e (Santos)"
"117","Legislação Tributária dos Municípios","LTMUN","15495","18.01.07","3","Demais Dispositivos da LCM nº 07/1973"
"117","Legislação Tributária dos Municípios","LTMUN","17890","15.99","2","Demais Normas Tributárias do Município de Manaus (AM)"
"117","Legislação Tributária dos Municípios","LTMUN","15477","25.02.05.12","4","Descontos (arts. 283 a 285 do Decreto Municipal nº 62.137/2022)"
"117","Legislação Tributária dos Municípios","LTMUN","15448","25.02.03","3","Disposições Comuns do IPTU (arts. 44 a 169 do Decreto Municipal nº 62.137/2022)"
"117","Legislação Tributária dos Municípios","LTMUN","17883","15.01.07","3","Disposições Especiais (arts. 65 a 91 da Lei Municipal nº 1.697/1983)"
"117","Legislação Tributária dos Municípios","LTMUN","15270","22.01.01","3","Disposições Gerais (art. 2º da Lei Municipal nº 691/1984)"
"117","Legislação Tributária dos Municípios","LTMUN","15316","01.07.01","3","Disposições Gerais (art. 97 da Lei Municipal nº 1.547/1989)"
"117","Legislação Tributária dos Municípios","LTMUN","15279","22.02.01","3","Disposições Gerais (arts. 161 a 241 da Lei Municipal nº 691/1984)"
"117","Legislação Tributária dos Municípios","LTMUN","17357","09.01.02.01","4","Disposições Gerais (arts. 196 a 198 da LCM nº 07/1997)"
"117","Legislação Tributária dos Municípios","LTMUN","15257","22.06.01","3","Disposições Gerais (arts. 1º a 43 do Decreto Municipal nº 14.602/1996)"
"117","Legislação Tributária dos Municípios","LTMUN","15311","01.09.02","3","Disposições Gerais (arts. 241 a 246 da Lei Municipal nº 1.547/1989)"
"117","Legislação Tributária dos Municípios","LTMUN","15381","03.10.09","3","Disposições Gerais (arts. 33 a 45 da Lei Municipal nº 8.725/2003)"
"117","Legislação Tributária dos Municípios","LTMUN","7967","99.01.09.01","4","Disposições Gerais do Crédito Tributário"
"117","Legislação Tributária dos Municípios","LTMUN","17344","09.01.02.04.01","5","Disposições Gerais sobre Impostos (arts. 222 e 223 da LCM nº 07/1997)"
"117","Legislação Tributária dos Municípios","LTMUN","15457","25.02.12","3","Disposições Gerais sobre Tributos Municipais (arts. 578 a 636 do Decreto Municipal nº 62.137/2022)"
"117","Legislação Tributária dos Municípios","LTMUN","15488","18.01.01","3","Disposições Preliminares (arts. 1º a 3º-A da LCM nº 07/1973)"
"117","Legislação Tributária dos Municípios","LTMUN","15295","01.01","2","Disposições Preliminares (arts. 1º a 3º da Lei Municipal nº 1.547/1989)"
"117","Legislação Tributária dos Municípios","LTMUN","17877","15.01.01","3","Disposições Preliminares (arts. 1º e 2º da Lei Municipal nº 1.697/1983)"
"117","Legislação Tributária dos Municípios","LTMUN","3007","99.01","2","Disposições sobre Direito Tributário nos Códigos Tributários Municipais"
"117","Legislação Tributária dos Municípios","LTMUN","15315","01.09.06","3","Disposições Transitórias e Finais (arts. 302 a 307 da Lei Municipal nº 1.547/1989)"
"117","Legislação Tributária dos Municípios","LTMUN","17884","15.01.08","3","Dívida Ativa e Disposições Transitórias (arts. 92 a 103 da Lei Municipal nº 1.697/1983)"
"117","Legislação Tributária dos Municípios","LTMUN","7971","99.01.10","3","Dívida Ativa Tributária"
"117","Legislação Tributária dos Municípios","LTMUN","15379","03.10.07","3","Do Arbitramento (art. 28 da Lei Municipal nº 8.725/2003)"
"117","Legislação Tributária dos Municípios","LTMUN","15323","01.07.02.04","4","Do Arbitramento (arts. 110 e 111 da Lei Municipal nº 1.547/1989)"
"117","Legislação Tributária dos Municípios","LTMUN","15282","22.02.01.01","4","Do Campo de Aplicação (arts. 161 a 163 da Lei Municipal nº 691/1984)"
"117","Legislação Tributária dos Municípios","LTMUN","15406","10.02.01","3","Do Contencioso Administrativo Tributário (arts. 1º a 33 da LCM nº 305/2021)"
"117","Legislação Tributária dos Municípios","LTMUN","15339","01.07.03.08","4","Do Contribuinte e da Responsabilidade (arts. 169 e 169-A da Lei Municipal nº 1.547/1989)"
"117","Legislação Tributária dos Municípios","LTMUN","15378","03.10.06","3","Do Contribuinte e dos Responsáveis (arts. 19 a 27 da Lei Municipal nº 8.725/2003)"
"117","Legislação Tributária dos Municípios","LTMUN","15284","22.02.01.03","4","Do Crédito Tributário (arts. 165 a 213 da Lei Municipal nº 691/1984)"
"117","Legislação Tributária dos Municípios","LTMUN","15298","01.04","2","Do Crédito Tributário (arts. 20 a 52 da Lei Municipal nº 1.547/1989)"
"117","Legislação Tributária dos Municípios","LTMUN","15410","10.01.04.02","4","Do Crédito Tributário (arts. 53 a 135 da LCM nº 159/2013)"
"117","Legislação Tributária dos Municípios","LTMUN","15330","01.07.02.11","4","Do Desconto na Fonte (arts. 129 a 131 da Lei Municipal nº 1.547/1989)"
"117","Legislação Tributária dos Municípios","LTMUN","15373","03.10.01","3","Do Fato Gerador (arts. 1º e 2º da Lei Municipal nº 8.725/2003)"
"117","Legislação Tributária dos Municípios","LTMUN","15411","10.01.13.01","4","Do Fato Gerador, da Incidência e do Local de Incidência (arts. 223 a 225 da LCM nº 159/2013)"
"117","Legislação Tributária dos Municípios","LTMUN","15340","01.07.04.01","4","Do Fato Gerador e da Incidência (art. 185 da Lei Municipal nº 1.547/1989)"
"117","Legislação Tributária dos Municípios","LTMUN","15332","01.07.03.01","4","Do Fato Gerador e da Incidência (arts. 133 a 135 da Lei Municipal nº 1.547/1989)"
"117","Legislação Tributária dos Municípios","LTMUN","15320","01.07.02.01","4","Do Fato Gerador e da Incidência (arts. 98 a 101 da Lei Municipal nº 1.547/1989)"
"117","Legislação Tributária dos Municípios","LTMUN","15303","01.07.03","3","Do IPTU (arts. 133 a 169-A da Lei Municipal nº 1.547/1989)"
"117","Legislação Tributária dos Municípios","LTMUN","15401","10.01.14","3","Do IPTU (arts. 260 a 296 da LCM nº 159/2013)"
"117","Legislação Tributária dos Municípios","LTMUN","18379","19.40.03.01","4","Do IPTU (arts. 424 a 479 do Decreto Municipal nº 18.749/2023)"
"117","Legislação Tributária dos Municípios","LTMUN","15370","03.03.02","3","Do IPTU (arts. 63 a 109 da Lei Municipal nº 5.641/1989)"
"117","Legislação Tributária dos Municípios","LTMUN","15423","10.05.03.02","4","Do IPTU (arts. 782 a 833 do Decreto Municipal nº 13.716/2015)"
"117","Legislação Tributária dos Municípios","LTMUN","15400","10.01.13","3","Do ISS (arts. 223 a 259 da LCM nº 159/2013)"
"117","Legislação Tributária dos Municípios","LTMUN","15422","10.05.03.01","4","Do ISS (arts. 578 a 781 do Decreto Municipal nº 13.716/2015)"
"117","Legislação Tributária dos Municípios","LTMUN","15302","01.07.02","3","Do ISS (arts. 98 a 132 da Lei Municipal nº 1.547/1989)"
"117","Legislação Tributária dos Municípios","LTMUN","18381","19.40.03.03","4","Do ISSQN (arts. 512 a 627 do Decreto Municipal nº 18.749/2023)"
"117","Legislação Tributária dos Municípios","LTMUN","15304","01.07.04","3","Do ITBI (arts. 185 a 197 da Lei Municipal nº 1.547/1989)"
"117","Legislação Tributária dos Municípios","LTMUN","15402","10.01.15","3","Do ITBI (arts. 297 a 312 da LCM nº 159/2013)"
"117","Legislação Tributária dos Municípios","LTMUN","18380","19.40.03.02","4","Do ITBI (arts. 480 a 511 do Decreto Municipal nº 18.749/2023)"
"117","Legislação Tributária dos Municípios","LTMUN","15424","10.05.03.03","4","Do ITBI (arts. 834 a 874 do Decreto Municipal nº 13.716/2015)"
"117","Legislação Tributária dos Municípios","LTMUN","15335","01.07.03.04","4","Do Lançamento (arts. 154 a 158 da Lei Municipal nº 1.547/1989)"
"117","Legislação Tributária dos Municípios","LTMUN","15326","01.07.02.07","4","Do Lançamento e do Recolhimento (arts. 117 a 119 da Lei Municipal nº 1.547/1989)"
"117","Legislação Tributária dos Municípios","LTMUN","15344","01.07.04.05","4","Do Lançamento e do Recolhimento (arts. 193 a 195 da Lei Municipal nº 1.547/1989)"
"117","Legislação Tributária dos Municípios","LTMUN","15415","10.01.13.05","4","Do Lançamento e Recolhimento do ISSQN (arts. 253 a 255 da LCM nº 159/2013)"
"117","Legislação Tributária dos Municípios","LTMUN","15374","03.10.02","3","Do Local da Incidência (arts. 3º e 4º da Lei Municipal nº 8.725/2003)"
"117","Legislação Tributária dos Municípios","LTMUN","15325","01.07.02.06","4","Do Local da Prestação (arts. 115 e 116 da Lei Municipal nº 1.547/1989)"
"117","Legislação Tributária dos Municípios","LTMUN","7963","99.01.07","3","Domicílio Tributário"
"117","Legislação Tributária dos Municípios","LTMUN","18673","15.03","2","Domicílio Tributário Eletrônico - Manaus (Lei Municipal nº 2.181/2016 e Decreto Municipal nº 5.956/2024)"
"117","Legislação Tributária dos Municípios","LTMUN","15336","01.07.03.05","4","Do Pagamento (arts. 159 a 163 da Lei Municipal nº 1.547/1989)"
"117","Legislação Tributária dos Municípios","LTMUN","15366","03.01.03","3","Do Procedimento Fiscal (arts. 86 a 156 da Lei Municipal nº 1.310/1966)"
"117","Legislação Tributária dos Municípios","LTMUN","15260","22.06.04","3","Do Procedimento Normativo (arts. 119 a 134-B do Decreto Municipal nº 14.602/1996)"
"117","Legislação Tributária dos Municípios","LTMUN","15258","22.06.02","3","Do Procedimento Prévio de Ofício (arts. 44 a 78 do Decreto Municipal nº 14.602/1996)"
"117","Legislação Tributária dos Municípios","LTMUN","15294","01.09","2","Do Processo Administrativo Fiscal (arts. 240 a 307 da Lei Municipal nº 1.547/1989)"
"117","Legislação Tributária dos Municípios","LTMUN","18375","19.40.02.03","4","Do Processo Administrativo Fiscal (arts. 311 a 395 do Decreto Municipal nº 18.749/2023)"
"117","Legislação Tributária dos Municípios","LTMUN","15399","10.01.12","3","Do Processo Administrativo Tributário (arts. 218 a 222 da LCM nº 159/2013)"
"117","Legislação Tributária dos Municípios","LTMUN","15280","22.02.02","3","Do Processo Administrativo Tributário (arts. 242 a 247 da Lei Municipal nº 691/1984)"
"117","Legislação Tributária dos Municípios","LTMUN","15407","10.02.02","3","Do Processo Administrativo Tributário (arts. 34 a 100 da LCM nº 305/2021)"
"117","Legislação Tributária dos Municípios","LTMUN","15313","01.09.04","3","Do Processo Contencioso (arts. 267 a 290 da Lei Municipal nº 1.547/1989)"
"117","Legislação Tributária dos Municípios","LTMUN","15259","22.06.03","3","Do Processo Contencioso (arts. 79 a 118-I do Decreto Municipal nº 14.602/1996)"
"117","Legislação Tributária dos Municípios","LTMUN","15312","01.09.03","3","Do Processo em Geral (arts. 247 a 266 da Lei Municipal nº 1.547/1989)"
"117","Legislação Tributária dos Municípios","LTMUN","15314","01.09.05","3","Do Processo Normativo (arts. 291 a 301 da Lei Municipal nº 1.547/1989)"
"117","Legislação Tributária dos Municípios","LTMUN","15393","10.01.06","3","Dos Cadastros Tributários (arts. 137 a 157 da LCM nº 159/2013)"
"117","Legislação Tributária dos Municípios","LTMUN","15329","01.07.02.10","4","Dos Contribuintes e Responsáveis (arts. 127 e 128 da Lei Municipal nº 1.547/1989)"
"117","Legislação Tributária dos Municípios","LTMUN","15343","01.07.04.04","4","Dos Contribuintes e Responsáveis (arts. 190 a 192 da Lei Municipal nº 1.547/1989)"
"117","Legislação Tributária dos Municípios","LTMUN","15383","03.21.02","3","Dos Deveres Instrumentais (arts. 30 a 99 do Decreto nº 17.174/2019)"
"117","Legislação Tributária dos Municípios","LTMUN","15489","18.01.02","3","Dos Impostos (arts. 4º a 32-C da LCM nº 07/1973)"
"117","Legislação Tributária dos Municípios","LTMUN","15301","01.07","2","Dos Impostos (arts. 97 a 197 da Lei Municipal nº 1.547/1989)"
"117","Legislação Tributária dos Municípios","LTMUN","18368","19.40.01","3","Do Sistema Tributário Nacional (arts. 2º a 120 do Decreto Municipal nº 18.749/2023)"
"117","Legislação Tributária dos Municípios","LTMUN","15261","22.06.05","3","Dos Procedimento Especiais (arts. 135 a 189-A do Decreto Municipal nº 14.602/1996)"
"117","Legislação Tributária dos Municípios","LTMUN","15413","10.01.13.03","4","Dos Sujeitos Passivos (arts. 229 a 239 da LCM nº 159/2013)"
"117","Legislação Tributária dos Municípios","LTMUN","15300","01.06","2","Dos Tributos (arts. 87 a 96 da Lei Municipal nº 1.547/1989)"
"117","Legislação Tributária dos Municípios","LTMUN","18370","19.40.03","3","Dos Tributos em Espécie (arts. 424 a 682 do Decreto Municipal nº 18.749/2023)"
"117","Legislação Tributária dos Municípios","LTMUN","15364","03.01.01","3","Dos Tributos em Geral (arts. 1º a 60 da Lei Municipal nº 1.310/1966)"
"117","Legislação Tributária dos Municípios","LTMUN","15421","10.05.03","3","Dos Tributos Municipais (arts. 578 a 993 do Decreto Municipal nº 13.716/2015)"
"117","Legislação Tributária dos Municípios","LTMUN","7970","99.01.09.05","4","Exclusão do Crédito Tributário"
"117","Legislação Tributária dos Municípios","LTMUN","7969","99.01.09.04","4","Extinção do Crédito Tributário"
"117","Legislação Tributária dos Municípios","LTMUN","7974","99.01.05","3","Fato Gerador"
"117","Legislação Tributária dos Municípios","LTMUN","7120","99.04.01","3","Fato Gerador e Hipóteses de Não Incidência (IPTU)"
"117","Legislação Tributária dos Municípios","LTMUN","7119","99.02.01","3","Fato Gerador e Hipóteses de Não incidência (ISS)"
"117","Legislação Tributária dos Municípios","LTMUN","2860","99.03.01","3","Fato Gerador e Hipóteses de Não Incidência (ITBI)"
"117","Legislação Tributária dos Municípios","LTMUN","15466","25.02.05.01","4","Fato Gerador e Incidência (arts. 202 e 203 do Decreto Municipal nº 62.137/2022)"
"117","Legislação Tributária dos Municípios","LTMUN","17878","15.01.02","3","Imposto Imobiliário (arts. 3º a 20 da Lei Municipal nº 1.697/1983)"
"117","Legislação Tributária dos Municípios","LTMUN","15446","25.02.01","3","Imposto Predial (arts. 1º a 23 do Decreto Municipal nº 62.137/2022)"
"117","Legislação Tributária dos Municípios","LTMUN","17313","09.01.02.04","4","Impostos (arts. 222 a 302 da LCM nº 07/1997)"
"117","Legislação Tributária dos Municípios","LTMUN","15273","22.01.04","3","Imposto sobre a Propriedade Predial e Territorial Urbana (arts. 52 a 86 da Lei Municipal nº 691/1984"
"117","Legislação Tributária dos Municípios","LTMUN","17879","15.01.03","3","Imposto sobre Serviços (arts. 21 a 40 da Lei Municipal nº 1.697/1983)"
"117","Legislação Tributária dos Municípios","LTMUN","15272","22.01.03","3","Imposto Sobre Serviços de Qualquer Natureza (arts. 8º a 51 da Lei Municipal nº 691/1984)"
"117","Legislação Tributária dos Municípios","LTMUN","15447","25.02.02","3","Imposto Territorial Urbano (arts. 24 a 43 do Decreto Municipal nº 62.137/2022)"
"117","Legislação Tributária dos Municípios","LTMUN","3055","99.09","2","Incentivos e Benefícios Fiscais Municipais"
"117","Legislação Tributária dos Municípios","LTMUN","15451","25.02.06","3","Incentivos Fiscais, Isenções e Outros (arts. 326 a 458 do Decreto Municipal nº 62.137/2022)"
"117","Legislação Tributária dos Municípios","LTMUN","15476","25.02.05.11","4","Infrações e Penalidades (arts. 274 a 282 do Decreto Municipal nº 62.137/2022)"
"117","Legislação Tributária dos Municípios","LTMUN","17316","09.01.02.07","4","Infrações e Penalidades (arts. 430 a 470 da LCM nº 07/1997)"
"117","Legislação Tributária dos Municípios","LTMUN","15483","18.09","2","Instrução Normativa SMF nº 09/2014 - Acesso ao Ambiente da NFSE (Porto Alegre)"
"117","Legislação Tributária dos Municípios","LTMUN","15310","01.09.01","3","Introdução (art. 240 da Lei Municipal nº 1.547/1989)"
"117","Legislação Tributária dos Municípios","LTMUN","17345","09.01.02.04.02","5","IPTU (arts. 224 a 245 da LCM nº 07/1997)"
"117","Legislação Tributária dos Municípios","LTMUN","15490","18.01.02.01","4","IPTU (arts. 4º a 17-B da LCM nº 07/1973)"
"117","Legislação Tributária dos Municípios","LTMUN","3051","99.04","2","IPTU - Imposto Sobre a Propriedade Predial e Territorial Urbana"
"117","Legislação Tributária dos Municípios","LTMUN","17886","15.10","2","IPTU - Manaus (Lei Municipal nº 1.628/2011 e Decreto Municipal nº 3.748/2017)"
"117","Legislação Tributária dos Municípios","LTMUN","15478","25.02.05.13","4","Isenções, Remissões e Anistias (arts. 286 a 320 do Decreto Municipal nº 62.137/2022)"
"117","Legislação Tributária dos Municípios","LTMUN","15491","18.01.02.02","4","ISSQN (arts. 18 a 32-C da LCM nº 07/1973)"
"117","Legislação Tributária dos Municípios","LTMUN","15450","25.02.05","3","ISSQN (arts. 202 a 325 do Decreto Municipal nº 62.137/2022)"
"117","Legislação Tributária dos Municípios","LTMUN","17346","09.01.02.04.03","5","ISSQN (arts. 246 a 277-X da LCM nº 07/1997)"
"117","Legislação Tributária dos Municípios","LTMUN","3026","99.02","2","ISSQN - Imposto Sobre Serviços de Qualquer Natureza"
"117","Legislação Tributária dos Municípios","LTMUN","17885","15.11","2","ISSQN - Manaus (Lei Municipal nº 2.833/2021 e Decreto Municipal nº 6.844/2026)"
"117","Legislação Tributária dos Municípios","LTMUN","15449","25.02.04","3","ITBI (arts. 170 a 201 do Decreto Municipal nº 62.137/2022)"
"117","Legislação Tributária dos Municípios","LTMUN","17347","09.01.02.04.04","5","ITBI (arts. 278 a 291 da LCM nº 07/1997)"
"117","Legislação Tributária dos Municípios","LTMUN","3041","99.03","2","ITBI - Imposto sobre Transmissão de Bens Imóveis"
"117","Legislação Tributária dos Municípios","LTMUN","17889","15.12","2","ITBI - Manaus (Lei Municipal nº 459/1998 e Decreto Municipal nº 4.818/2000)"
"117","Legislação Tributária dos Municípios","LTMUN","17309","09.01.01.05","4","Julgamento de Processos Contenciosos (arts. 132 a 195 da LCM nº 07/1997)"
"117","Legislação Tributária dos Municípios","LTMUN","17317","09.01.02.08","4","Juros Moratórios e Disposições Gerais (arts. 473 a 512 da LCM nº 07/1997)"
"117","Legislação Tributária dos Municípios","LTMUN","7966","99.01.09.02","4","Lançamento e Constituição do Crédito Tributário"
"117","Legislação Tributária dos Municípios","LTMUN","15472","25.02.05.07","4","Lançamento e Recolhimento (arts. 241 a 245 do Decreto Municipal nº 62.137/2022)"
"117","Legislação Tributária dos Municípios","LTMUN","7960","99.01.03","3","Legislação Tributária"
"117","Legislação Tributária dos Municípios","LTMUN","17305","09.01.01.01","4","Legislação Tributária (arts. 1º a 20 da LCM nº 07/1997)"
"117","Legislação Tributária dos Municípios","LTMUN","15291","01","1","Legislação Tributária do Município de Aracaju (SE) - (CTM - Lei Municipal nº 1.547/1989)"
"117","Legislação Tributária dos Municípios","LTMUN","15346","03","1","Legislação Tributária do Município de Belo Horizonte (MG)"
"117","Legislação Tributária dos Municípios","LTMUN","16783","07","1","Legislação Tributária do Município de Cuiabá (MT)"
"117","Legislação Tributária dos Municípios","LTMUN","17293","09","1","Legislação Tributária do Município de Florianópolis (SC)"
"117","Legislação Tributária dos Municípios","LTMUN","15386","10","1","Legislação Tributária do Município de Fortaleza (CE)"
"117","Legislação Tributária dos Municípios","LTMUN","17875","15","1","Legislação Tributária do Município de Manaus (AM)"
"117","Legislação Tributária dos Municípios","LTMUN","15479","18","1","Legislação Tributária do Município de Porto Alegre (RS)"
"117","Legislação Tributária dos Municípios","LTMUN","18366","19","1","Legislação Tributária do Município de Porto Velho (RO)"
"117","Legislação Tributária dos Municípios","LTMUN","18663","24","1","Legislação Tributária do Município de Santos (SP)"
"117","Legislação Tributária dos Municípios","LTMUN","15442","25","1","Legislação Tributária do Município de São Paulo (SP)"
"117","Legislação Tributária dos Municípios","LTMUN","15255","22","1","Legislação Tributária do Município do Rio de Janeiro (RJ)"
"117","Legislação Tributária dos Municípios","LTMUN","15289","99","1","Legislação Tributária dos Demais Municípios"
"117","Legislação Tributária dos Municípios","LTMUN","15480","18.01","2","Lei Complementar Municipal nº 07/1973 - Código Tributário de Porto Alegre (RS)"
"117","Legislação Tributária dos Municípios","LTMUN","17294","09.01","2","Lei Complementar Municipal nº 07/1997 - Consolidação das Leis Tributárias do Município de Florianópolis"
"117","Legislação Tributária dos Municípios","LTMUN","15496","18.02","2","Lei Complementar Municipal nº 113/1984 - Taxa de Coleta de Lixo (Porto Alegre)"
"117","Legislação Tributária dos Municípios","LTMUN","18664","24.01","2","Lei Complementar Municipal nº 1.143/2021 - Comunicação Eletrônica por DT-e (Santos)"
"117","Legislação Tributária dos Municípios","LTMUN","15387","10.01","2","Lei Complementar Municipal nº 159/2013 - Código Tributário do Município de Fortaleza"
"117","Legislação Tributária dos Municípios","LTMUN","15485","18.03","2","Lei Complementar Municipal nº 197/1989 - ITBI (Porto Alegre)"
"117","Legislação Tributária dos Municípios","LTMUN","15405","10.02","2","Lei Complementar Municipal nº 305/2021 - Processo Administrativo Tributário (Fortaleza)"
"117","Legislação Tributária dos Municípios","LTMUN","13340","18.04","2","Lei Complementar Municipal nº 306/1993 - Institui Hipóteses de Responsabilidade pelo Pagamento do ISSQN (Porto Alegre/RS)"
"117","Legislação Tributária dos Municípios","LTMUN","16582","07.01","2","Lei Complementar Municipal nº 43/1997 - Códito Tributário do Município de Cuiabá (MT)"
"117","Legislação Tributária dos Municípios","LTMUN","18387","19.01","2","Lei Complementar Municipal nº 456/2012 - Nota Fiscal de Serviços Eletrônica - NFS-e (Porto Velho)"
"117","Legislação Tributária dos Municípios","LTMUN","16784","07.02","2","Lei Complementar Municipal nº 494/2021 - Conselho Administrativo de Recursos Tributários do Município de Cuiabá (CART)"
"117","Legislação Tributária dos Municípios","LTMUN","15484","18.05","2","Lei Complementar Municipal nº 530/2005 - PROESPORTE (Porto Alegre)"
"117","Legislação Tributária dos Municípios","LTMUN","15486","18.06","2","Lei Complementar Municipal nº 534/2005 - Tribunal Adm. de Recursos Tributários - TART (Porto Alegre)"
"117","Legislação Tributária dos Municípios","LTMUN","18388","19.02","2","Lei Complementar Municipal nº 675/2017 - Contribuição para Custeio da Iluminação Pública - COSIP (Porto Velho)"
"117","Legislação Tributária dos Municípios","LTMUN","15481","18.07","2","Lei Complementar Municipal nº 687/2012 - Nota Fiscal de Serviços Eletrônica - NFSE (Porto Alegre)"
"117","Legislação Tributária dos Municípios","LTMUN","15363","03.12","2","Lei Municipal nº 10.082/2011 - Parcelamento de Créditos Tributários, Fiscais e Preços Públicos (BH)"
"117","Legislação Tributária dos Municípios","LTMUN","15903","03.13","2","Lei Municipal nº 11.095/2017 - Sistema Financeiro de Conta Única e Execução Financeira no Município (BH)"
"117","Legislação Tributária dos Municípios","LTMUN","15899","03.14","2","Lei Municipal nº 11.315/2021 - Medidas de Incentivo à Regularização Tributária e à Recuperação da Atividade Econômica (BH)"
"117","Legislação Tributária dos Municípios","LTMUN","15429","10.03","2","Lei Municipal nº 11.323/2022 - Taxa de Manejo de Resíduos Sólidos Urbanos (Fortaleza)"
"117","Legislação Tributária dos Municípios","LTMUN","15428","10.04","2","Lei Municipal nº 11.337/2023 - Não Incidência e Isenção da Taxa de Manejo de R. Sólidos (Fortaleza)"
"117","Legislação Tributária dos Municípios","LTMUN","15347","03.01","2","Lei Municipal nº 1.310/1966 - Código Tributário do Município de Belo Horizonte"
"117","Legislação Tributária dos Municípios","LTMUN","18665","24.10","2","Lei Municipal nº 3.750/1971 - Código Tributário do Município de Santos"
"117","Legislação Tributária dos Municípios","LTMUN","15264","22.03","2","Lei Municipal nº 5.098/2009 - Nota Fiscal de Serviços Eletrônica (Rio de Janeiro)"
"117","Legislação Tributária dos Municípios","LTMUN","15265","22.04","2","Lei Municipal nº 5.132/2009 - COSIP (Rio de Janeiro)"
"117","Legislação Tributária dos Municípios","LTMUN","15348","03.02","2","Lei Municipal nº 5.492/1988 - ITBI (BH)"
"117","Legislação Tributária dos Municípios","LTMUN","15263","22.05","2","Lei Municipal nº 5.546/2012 - Remissão e Anistia para Créditos Tributários (Rio de Janeiro)"
"117","Legislação Tributária dos Municípios","LTMUN","15349","03.03","2","Lei Municipal nº 5.641/1989 - Tributos Cobrados pelo Município de Belo Horizonte"
"117","Legislação Tributária dos Municípios","LTMUN","15350","03.04","2","Lei Municipal nº 5.839/1990 - Reavaliação de Isenção, Incentivos e Benef. Fiscais (Belo Horizonte)"
"117","Legislação Tributária dos Municípios","LTMUN","15268","22.01","2","Lei Municipal nº 691/1984 - Código Tributário do Município do Rio de Janeiro (Livro I)"
"117","Legislação Tributária dos Municípios","LTMUN","15269","22.02","2","Lei Municipal nº 691/1984 - Código Tributário do Município do Rio de Janeiro (Livro II)"
"117","Legislação Tributária dos Municípios","LTMUN","15351","03.05","2","Lei Municipal nº 7.378/1997 - Penalidades por Infração à Legislação Tributária (BH)"
"117","Legislação Tributária dos Municípios","LTMUN","15352","03.06","2","Lei Municipal nº 7.638/1999 - PROEMP, FUMDEBH e CODECOM (BH)"
"117","Legislação Tributária dos Municípios","LTMUN","15898","03.07","2","Lei Municipal nº 8.147/2000 - Altera a Legislação Tributária Municipal e Dá Outras Providências (BH)"
"117","Legislação Tributária dos Municípios","LTMUN","15902","03.08","2","Lei Municipal nº 8.291/2001 - Mapa de Valores Genéricos para Apurar Valor Venal de Imóveis para Lançamento do IPTU (BH)"
"117","Legislação Tributária dos Municípios","LTMUN","15901","03.09","2","Lei Municipal nº 8.468/2002 - Contribuição para o Custeio dos Serviços de Iluminação Pública - CCIP (BH)"
"117","Legislação Tributária dos Municípios","LTMUN","15353","03.10","2","Lei Municipal nº 8.725/2003 - ISS (BH)"
"117","Legislação Tributária dos Municípios","LTMUN","15354","03.11","2","Lei Municipal nº 9.795/2009 - Altera a Política Tributária do IPTU (BH)"
"117","Legislação Tributária dos Municípios","LTMUN","15271","22.01.02","3","Limitações da Competência Tributária (arts. 3º a 7º da Lei Municipal nº 691/1984)"
"117","Legislação Tributária dos Municípios","LTMUN","15474","25.02.05.09","4","Livros, Documentos e Declarações Fiscais (arts. 261 a 270 do Decreto Municipal nº 62.137/2022)"
"117","Legislação Tributária dos Municípios","LTMUN","15467","25.02.05.02","4","Local da Prestação e Contribuinte (arts. 204 a 207 do Decreto Municipal nº 62.137/2022)"
"117","Legislação Tributária dos Municípios","LTMUN","15459","25.02.14","3","Medidas de Fiscalização e Formalização do CT (arts. 649 a 663 do Decreto Municipal nº 62.137/2022)"
"117","Legislação Tributária dos Municípios","LTMUN","17303","09.01.01","3","Normas Gerais (arts. 1º a 195 da LCM nº 07/1997)"
"117","Legislação Tributária dos Municípios","LTMUN","15473","25.02.05.08","4","Nota Fiscal de Serviços Eletrônica (arts. 246 a 260 do Decreto Municipal nº 62.137/2022)"
"117","Legislação Tributária dos Municípios","LTMUN","17306","09.01.01.02","4","Obrigação Tributária (arts. 21 a 46 da LCM nº 07/1997)"
"117","Legislação Tributária dos Municípios","LTMUN","7121","99.04.04","3","Obrigações Acessórias (IPTU)"
"117","Legislação Tributária dos Municípios","LTMUN","7116","99.02.04","3","Obrigações Acessórias (ISS)"
"117","Legislação Tributária dos Municípios","LTMUN","2869","99.03.04","3","Obrigações Acessórias (ITBI)"
"117","Legislação Tributária dos Municípios","LTMUN","7961","99.01.04","3","Obrigações Tributárias"
"117","Legislação Tributária dos Municípios","LTMUN","15462","25.02.17","3","Órgãos de Julgamento e Representação Fiscal (arts. 717 a 736 do Decreto Municipal nº 62.137/2022)"
"117","Legislação Tributária dos Municípios","LTMUN","7973","99.01.12","3","Outros Assuntos e Tópicos Mesclados dos CTMs"
"117","Legislação Tributária dos Municípios","LTMUN","15465","25.02.20","3","Outros Dispositivos do Decreto Municipal nº 62.137/2022"
"117","Legislação Tributária dos Municípios","LTMUN","15362","03.23","2","Outros Normativos sobre Legislação Tributária do Município de Belo Horizonte (MG)"
"117","Legislação Tributária dos Municípios","LTMUN","15487","18.10","2","Outros Normativos sobre Legislação Tributária do Município de Porto Alegre (RS)"
"117","Legislação Tributária dos Municípios","LTMUN","18668","24.99","2","Outros Normativos sobre Legislação Tributária do Município de Santos (SP)"
"117","Legislação Tributária dos Municípios","LTMUN","15444","25.03","2","Outros Normativos sobre Legislação Tributária do Município de São Paulo (SP)"
"117","Legislação Tributária dos Municípios","LTMUN","17297","09.04","2","Outros Normativos Tributários do Município de Florianópolis (SC)"
"117","Legislação Tributária dos Municípios","LTMUN","3053","99.10","2","Parcelamentos Municipais"
"117","Legislação Tributária dos Municípios","LTMUN","15460","25.02.15","3","Prerrogativas da Administração Tributária (arts. 664 a 669 do Decreto Municipal nº 62.137/2022)"
"117","Legislação Tributária dos Municípios","LTMUN","7958","99.01.01","3","Princípios Tributários e Imunidades nos CTMs"
"117","Legislação Tributária dos Municípios","LTMUN","3052","99.04.05","3","Procedimentos, Operações e Regimes Especiais (IPTU)"
"117","Legislação Tributária dos Municípios","LTMUN","7115","99.02.05","3","Procedimentos, Operações e Regimes Especiais (ISS)"
"117","Legislação Tributária dos Municípios","LTMUN","4381","99.03.05","3","Procedimentos, Operações e Regimes Especiais (ITBI)"
"117","Legislação Tributária dos Municípios","LTMUN","15461","25.02.16","3","Processo Administrativo Fiscal (arts. 670 a 716 do Decreto Municipal nº 62.137/2022)"
"117","Legislação Tributária dos Municípios","LTMUN","18687","15.15","2","Processo Administrativo Tributário - Manaus (Lei Municipal nº 3.008/2023)"
"117","Legislação Tributária dos Municípios","LTMUN","3008","99.07","2","Processo Administrativo Tributário Municipal"
"117","Legislação Tributária dos Municípios","LTMUN","15267","22.09","2","Resolução SMF nº 2.617/2010 - Emissão da NFS-e (NOTA CARIOCA)"
"117","Legislação Tributária dos Municípios","LTMUN","7964","99.01.08","3","Responsabilidade Tributária"
"117","Legislação Tributária dos Municípios","LTMUN","15468","25.02.05.03","4","Responsabilidade Tributária e Insc. Cadastral (arts. 208 a 218 do Decreto Municipal nº 62.137/2022)"
"117","Legislação Tributária dos Municípios","LTMUN","15419","10.05.01","3","Sistema Tributário e N.G. de Direito Tributário (arts. 2º e 199 do Decreto Municipal nº 13.716/2015)"
"117","Legislação Tributária dos Municípios","LTMUN","17304","09.01.02","3","Sistema Tributário Municipal (arts. 196 a 512 da LCM nº 07/1997)"
"117","Legislação Tributária dos Municípios","LTMUN","3044","99.04.03","3","Sujeito Passivo e Local da Operação e Prestação (IPTU)"
"117","Legislação Tributária dos Municípios","LTMUN","7117","99.02.03","3","Sujeito Passivo e Local da Operação e Prestação (ISS)"
"117","Legislação Tributária dos Municípios","LTMUN","2868","99.03.03","3","Sujeito Passivo e Local da Operação e Prestação (ITBI)"
"117","Legislação Tributária dos Municípios","LTMUN","7962","99.01.06","3","Sujeitos Ativo e Passivo"
"117","Legislação Tributária dos Municípios","LTMUN","7968","99.01.09.03","4","Suspensão do Crédito Tributário"
"117","Legislação Tributária dos Municípios","LTMUN","15453","25.02.08","3","Taxa de Fiscalização de Anúncios (arts. 498 a 522 do Decreto Municipal nº 62.137/2022)"
"117","Legislação Tributária dos Municípios","LTMUN","15452","25.02.07","3","Taxa de Fiscalização de Estabelecimentos (arts. 459 a 497 do Decreto Municipal nº 62.137/2022)"
"117","Legislação Tributária dos Municípios","LTMUN","15454","25.02.09","3","Taxa de Resíduos Sólidos de Serviços de Saúde (arts. 523 a 551 do Decreto Municipal nº 62.137/2022)"
"117","Legislação Tributária dos Municípios","LTMUN","17314","09.01.02.05","4","Taxas (arts. 303 a 363-A da LCM nº 07/1997)"
"117","Legislação Tributária dos Municípios","LTMUN","15274","22.01.05","3","Taxas (arts. 87 a 160 da Lei Municipal nº 691/1984)"
"117","Legislação Tributária dos Municípios","LTMUN","17888","15.20","2","Taxas de Licença de Localizaçação/TL e de Verificação de Funcionamento/TVF - Manaus (Lei Municipal nº 2.383/2018 e Decreto Municipal nº 3.748/2017)"
"117","Legislação Tributária dos Municípios","LTMUN","17880","15.01.04","3","Taxas de Serviços Públicos (arts. 41 a 48 da Lei Municipal nº 1.697/1983)"
"117","Legislação Tributária dos Municípios","LTMUN","3062","99.05","2","Taxas Municipais"
"133","TI - Redes de Computadores","TECINF","2418","12.05","2","Acesso Remoto (VNC, TeamViewer, RPC, etc.)"
"133","TI - Redes de Computadores","TECINF","4927","16.02.01","3","Active Directory  e Administração de Usuários"
"133","TI - Redes de Computadores","TECINF","4848","04.03","2","Algoritmos de Codificação e de Detecção de Erros (Redes)"
"133","TI - Redes de Computadores","TECINF","4391","19","1","Análise de Redes (Figuras)"
"133","TI - Redes de Computadores","TECINF","4839","14.07","2","Análise de Tráfego de Dados em Redes"
"133","TI - Redes de Computadores","TECINF","15939","14.09.01","3","Ansible"
"133","TI - Redes de Computadores","TECINF","4833","17.01.02","3","Apache"
"133","TI - Redes de Computadores","TECINF","4858","15","1","Armazenamento e Processamento em Redes"
"133","TI - Redes de Computadores","TECINF","3029","07.10","2","ARP e RARP"
"133","TI - Redes de Computadores","TECINF","4845","05.03","2","Arquitetura Cliente-Servidor"
"133","TI - Redes de Computadores","TECINF","17372","05","1","Arquitetura de Redes"
"133","TI - Redes de Computadores","TECINF","4843","05.01","2","Arquitetura Orientada a Conexões"
"133","TI - Redes de Computadores","TECINF","2170","03.02","2","Arquitetura TCP/IP"
"133","TI - Redes de Computadores","TECINF","3892","14.01","2","Aspectos Gerais de Gerenciamento de Redes"
"133","TI - Redes de Computadores","TECINF","17855","07.12.03","3","BGP (Border Gateway Protocol)"
"133","TI - Redes de Computadores","TECINF","4829","08.02","2","Cabeamento e Meios de Transmissão"
"133","TI - Redes de Computadores","TECINF","17392","22","1","Cisco Packet Tracer"
"133","TI - Redes de Computadores","TECINF","17869","01.02","2","Classificação das Redes (LAN, MAN, WAN)"
"133","TI - Redes de Computadores","TECINF","4804","15.01","2","Cloud Computing (Computação em Nuvem)"
"133","TI - Redes de Computadores","TECINF","7889","14.06","2","Comandos e Ferramentas de Diagnóstico de Redes (Nslookup, Traceroute, Ping, etc.)"
"133","TI - Redes de Computadores","TECINF","4828","08","1","Componentes Físicos de Redes"
"133","TI - Redes de Computadores","TECINF","17373","04","1","Comunicação e Transmissão de Dados"
"133","TI - Redes de Computadores","TECINF","17396","16.01","2","Conceitos de Sistema Operacional de Redes"
"133","TI - Redes de Computadores","TECINF","4831","07.02.01","3","Conceitos e Especificações do IP"
"133","TI - Redes de Computadores","TECINF","4850","09.01","2","Conceitos Gerais de Ethernet"
"133","TI - Redes de Computadores","TECINF","6732","17.01.01","3","Conceitos Gerais de Servidores Web"
"133","TI - Redes de Computadores","TECINF","17868","01","1","Conceitos Iniciais de Redes de Computadores"
"133","TI - Redes de Computadores","TECINF","6733","13.05","2","Dados, Multimídia, Streaming, etc."
"133","TI - Redes de Computadores","TECINF","3253","18","1","Datacenters"
"133","TI - Redes de Computadores","TECINF","17866","01.03","2","Definição de Protocolo e Funcionamento Geral"
"133","TI - Redes de Computadores","TECINF","17371","01.01","2","Definições e Conceitos Básicos de Redes"
"133","TI - Redes de Computadores","TECINF","2427","21","1","Delay Tolerant Network (DTN)"
"133","TI - Redes de Computadores","TECINF","17180","14.05","2","Demais Protocolos de Gerenciamento de Redes (CMIP, LACP, etc.)"
"133","TI - Redes de Computadores","TECINF","3056","07.06","2","DHCP"
"133","TI - Redes de Computadores","TECINF","4822","12.03","2","DNS (Domain Name System)"
"133","TI - Redes de Computadores","TECINF","17374","03.03","2","Endereço MAC e Subcamadas"
"133","TI - Redes de Computadores","TECINF","2172","08.01","2","Equipamentos de Redes (Roteador, Switch, Hub, etc.)"
"133","TI - Redes de Computadores","TECINF","2171","09","1","Ethernet"
"133","TI - Redes de Computadores","TECINF","16473","14.09","2","Ferramentas de Gerenciamento de Recursos de Rede"
"133","TI - Redes de Computadores","TECINF","17867","04.01","2","Formas de Comunicação e Envio de Dados"
"133","TI - Redes de Computadores","TECINF","4837","07.05","2","FTP e TFTP"
"133","TI - Redes de Computadores","TECINF","3894","14","1","Gerenciamento de Redes"
"133","TI - Redes de Computadores","TECINF","16715","07.15","2","HDLC (High-level Data Link Control)"
"133","TI - Redes de Computadores","TECINF","2999","07.08","2","HTTP"
"133","TI - Redes de Computadores","TECINF","3027","07.07","2","ICMP"
"133","TI - Redes de Computadores","TECINF","17179","07.17","2","IGMP (Internet Group Management Protocol)"
"133","TI - Redes de Computadores","TECINF","4911","17.01.03","3","IIS (Internet Information Services)"
"133","TI - Redes de Computadores","TECINF","17859","07.04.03","3","IMAP (Internet Message Access Protocol)"
"133","TI - Redes de Computadores","TECINF","7843","17.02","2","Impressão em Rede (CUPS, IPP, etc.)"
"133","TI - Redes de Computadores","TECINF","4826","12","1","Internet"
"133","TI - Redes de Computadores","TECINF","16273","12.06","2","Internet das Coisas (IoT)"
"133","TI - Redes de Computadores","TECINF","4824","12.02","2","Intranet, Extranet e Proxy"
"133","TI - Redes de Computadores","TECINF","4851","09.02","2","LAN"
"133","TI - Redes de Computadores","TECINF","4857","14.03","2","LDAP e X.500"
"133","TI - Redes de Computadores","TECINF","5141","09.04","2","MAN e WAN"
"133","TI - Redes de Computadores","TECINF","4832","07.02.02","3","Máscara e Endereçamento IP"
"133","TI - Redes de Computadores","TECINF","2169","03.01","2","Modelo OSI"
"133","TI - Redes de Computadores","TECINF","4853","03","1","Modelos de Referência de Redes"
"133","TI - Redes de Computadores","TECINF","4854","13.01","2","Modulação e Multiplexação"
"133","TI - Redes de Computadores","TECINF","4846","13.04","2","MPLS"
"133","TI - Redes de Computadores","TECINF","16474","14.09.03","3","Nagios"
"133","TI - Redes de Computadores","TECINF","5867","07.09","2","NAT"
"133","TI - Redes de Computadores","TECINF","7849","07.13","2","NetBIOS e NetBEUI"
"133","TI - Redes de Computadores","TECINF","4530","14.08","2","Network Information Service (NIS)"
"133","TI - Redes de Computadores","TECINF","3959","15.03","2","NFS, CIFS e SMB"
"133","TI - Redes de Computadores","TECINF","9616","17.01.04","3","Nginx"
"133","TI - Redes de Computadores","TECINF","7840","20","1","Novell"
"133","TI - Redes de Computadores","TECINF","16448","07.16","2","NTP (Network Time Protocol)"
"133","TI - Redes de Computadores","TECINF","17853","07.12.02","3","OSPF (Open Shortest Path First)"
"133","TI - Redes de Computadores","TECINF","17395","14.09.04","3","Outras Ferramentas de Gerenciamento de Redes (MRTG, Cacti, etc.)"
"133","TI - Redes de Computadores","TECINF","2176","23","1","Outros Assuntos e Questões Variadas de Redes"
"133","TI - Redes de Computadores","TECINF","17856","07.12.04","3","Outros Protocolos de Roteamento"
"133","TI - Redes de Computadores","TECINF","17397","17.04","2","Outros Tipos de Servidores e Questões Mescladas (Arquivos, Diretórios etc.)"
"133","TI - Redes de Computadores","TECINF","11515","07.14","2","Point to Point Protocol (PPP)"
"133","TI - Redes de Computadores","TECINF","11513","05.04","2","Ponto a Ponto (P2P)"
"133","TI - Redes de Computadores","TECINF","17860","07.04.02","3","POP3 (Post Office Protocol v3)"
"133","TI - Redes de Computadores","TECINF","4840","07","1","Principais Protocolos de Redes"
"133","TI - Redes de Computadores","TECINF","4830","07.02","2","Protocolo IP"
"133","TI - Redes de Computadores","TECINF","17290","07.18","2","Protocolos de Alta Disponibilidade ou Gateway Redundante (HSRP, VRR, GLBP e CARP)"
"133","TI - Redes de Computadores","TECINF","4823","07.04","2","Protocolos de Correio Eletrônico"
"133","TI - Redes de Computadores","TECINF","3893","07.12","2","Protocolos de Roteamento"
"133","TI - Redes de Computadores","TECINF","4847","14.02","2","Protocolo SNMP, sua Extensão RMON e a Base de Informações MIB"
"133","TI - Redes de Computadores","TECINF","4855","13.02","2","QoS (Qualidade do Serviço)"
"133","TI - Redes de Computadores","TECINF","16630","15.04","2","Rede Definida por Software (SDN)"
"133","TI - Redes de Computadores","TECINF","4844","05.01.01","3","Redes ATM"
"133","TI - Redes de Computadores","TECINF","17854","07.12.01","3","RIP (Routing Information Protocol)"
"133","TI - Redes de Computadores","TECINF","4834","16.03","2","Samba"
"133","TI - Redes de Computadores","TECINF","4835","17","1","Servidores"
"133","TI - Redes de Computadores","TECINF","4621","17.03","2","Servidores de E-mail"
"133","TI - Redes de Computadores","TECINF","5263","17.01","2","Servidores Web"
"133","TI - Redes de Computadores","TECINF","2378","16","1","Sistema Operacional de Rede"
"133","TI - Redes de Computadores","TECINF","17861","07.04.01","3","SMTP (Simple Mail Transfer Protocol)"
"133","TI - Redes de Computadores","TECINF","4842","05.02","2","SNA (System Network Architecture)"
"133","TI - Redes de Computadores","TECINF","16269","14.04","2","Spanning Tree Protocol (STP e RSTP)"
"133","TI - Redes de Computadores","TECINF","4859","15.02","2","Storages (SAN, DAS e NAS)"
"133","TI - Redes de Computadores","TECINF","4836","07.03","2","TCP e UDP"
"133","TI - Redes de Computadores","TECINF","17302","04.02","2","Técnicas de Acesso ao Meio (CSMA, TDMA, FDMA etc.)"
"133","TI - Redes de Computadores","TECINF","4849","04.04","2","Técnicas de Comutação (Circuitos, Pacotes e Células)"
"133","TI - Redes de Computadores","TECINF","6008","07.11","2","Telnet"
"133","TI - Redes de Computadores","TECINF","4838","07.19","2","Tópicos Mesclados de Principais Protocolos de Redes"
"133","TI - Redes de Computadores","TECINF","17862","07.04.04","3","Tópicos Mesclados de Protocolos de E-mails"
"133","TI - Redes de Computadores","TECINF","4827","02","1","Topologias de Redes"
"133","TI - Redes de Computadores","TECINF","4856","13","1","Transmissão de Dados e Voz pela Rede"
"133","TI - Redes de Computadores","TECINF","4852","09.03","2","VLAN (Rede Virtual)"
"133","TI - Redes de Computadores","TECINF","2174","13.03","2","VOIP, H.323, SIP, RTP, SCTP, etc."
"133","TI - Redes de Computadores","TECINF","4925","16.02.02","3","Windows NT e 2000"
"133","TI - Redes de Computadores","TECINF","4929","16.02","2","Windows (Redes)"
"133","TI - Redes de Computadores","TECINF","4926","16.02.03","3","Windows Server 2003"
"133","TI - Redes de Computadores","TECINF","4928","16.02.04","3","Windows Server 2008"
"133","TI - Redes de Computadores","TECINF","3589","16.02.05","3","Windows Server 2012"
"133","TI - Redes de Computadores","TECINF","4044","16.02.06","3","Windows Server 2016"
"133","TI - Redes de Computadores","TECINF","7807","16.02.07","3","Windows Server 2019"
"133","TI - Redes de Computadores","TECINF","15530","16.02.08","3","Windows Server 2022"
"133","TI - Redes de Computadores","TECINF","7850","12.04","2","WINS (Windows Internet Name Service)"
"133","TI - Redes de Computadores","TECINF","2173","10","1","WLAN (Wireless - Redes Sem Fio)"
"133","TI - Redes de Computadores","TECINF","4825","12.01","2","WWW (Word Wide Web)"
"133","TI - Redes de Computadores","TECINF","4841","05.01.02","3","X.25 e Frame Relay"
"133","TI - Redes de Computadores","TECINF","16026","14.09.02","3","Zabbix"
"134","TI - Segurança da Informação","TECINF","4881","04.02","2","Algoritmos de Criptografia"
"134","TI - Segurança da Informação","TECINF","2180","03","1","Ameaças aos Sistemas Computacionais"
"134","TI - Segurança da Informação","TECINF","17538","03.07","2","Ameaças Técnicas Relacionadas a Redes e Criptografia"
"134","TI - Segurança da Informação","TECINF","16670","09.05","2","Análise de Código Malicioso"
"134","TI - Segurança da Informação","TECINF","4868","05.04.05","3","Análise de Tráfego e Logs"
"134","TI - Segurança da Informação","TECINF","6274","02.09","2","Aquisição, Desenvolvimento e Manutenção de Sistemas de Informação"
"134","TI - Segurança da Informação","TECINF","4882","04.04","2","Assinatura Digital"
"134","TI - Segurança da Informação","TECINF","17562","03.06","2","Ataques a Aplicações Web (XSS, CSRF, SQL Injection etc.)"
"134","TI - Segurança da Informação","TECINF","17561","03.05","2","Ataques a Senhas"
"134","TI - Segurança da Informação","TECINF","4302","08.01","2","Auditoria de Sistemas de Informação"
"134","TI - Segurança da Informação","TECINF","17459","08","1","Auditoria de TI e Forense Computacional"
"134","TI - Segurança da Informação","TECINF","6273","02.12","2","Auditoria e Compliance (NBR ISO/IEC 27001, 27002, 27003, 27004 e 27007)"
"134","TI - Segurança da Informação","TECINF","17521","05.03.02","3","Autenticação de Usuários"
"134","TI - Segurança da Informação","TECINF","17522","05.03.02.02","4","Autenticação Multifator (MFA)"
"134","TI - Segurança da Informação","TECINF","17523","05.03.02.03","4","Autenticação por Token"
"134","TI - Segurança da Informação","TECINF","17525","05.03.03","3","Autorização e Controle de Acesso (RBAC, ABAC, MAC, DAC e ACL)"
"134","TI - Segurança da Informação","TECINF","4791","05.01","2","Backup"
"134","TI - Segurança da Informação","TECINF","17533","05.03.02.05","4","Biometria"
"134","TI - Segurança da Informação","TECINF","14967","11","1","Blockchain e Smart Contracts (Contratos Inteligentes)"
"134","TI - Segurança da Informação","TECINF","4883","04.05","2","Certificado Digital"
"134","TI - Segurança da Informação","TECINF","16668","09.01","2","Ciclo de Vida de Desenvolvimento Seguro"
"134","TI - Segurança da Informação","TECINF","16673","10.02","2","CIS (Critical Security Controls)"
"134","TI - Segurança da Informação","TECINF","7325","08.02","2","Computação Forense"
"134","TI - Segurança da Informação","TECINF","4884","04.05.01","3","Conceitos de Certificado Digital"
"134","TI - Segurança da Informação","TECINF","4880","04.01","2","Conceitos de Criptografia (Chaves, Simetria, etc.)"
"134","TI - Segurança da Informação","TECINF","4861","05.04.01.01","4","Conceitos de Firewall, Proxy e DMZ"
"134","TI - Segurança da Informação","TECINF","17531","05.03.01","3","Conceitos Gerais de Autenticação e Controle de Acesso"
"134","TI - Segurança da Informação","TECINF","4869","01","1","Conceitos, Princípios e Atributos da Segurança da Informação"
"134","TI - Segurança da Informação","TECINF","17213","05.04.07","3","Controle de Acesso à Rede (NAC)"
"134","TI - Segurança da Informação","TECINF","4889","05.03","2","Controle de Acesso Lógico (Segurança da Informação)"
"134","TI - Segurança da Informação","TECINF","2178","04","1","Criptografia (TI - Segurança da Informação)"
"134","TI - Segurança da Informação","TECINF","17458","07.02","2","CSIRT, SANS Handbook e XDR (incidentes de segurança)"
"134","TI - Segurança da Informação","TECINF","5343","05.04.01.04","4","Demais Ferramentas de Segurança de Perímetro (WAF, UTM etc.)"
"134","TI - Segurança da Informação","TECINF","8145","09.06","2","DevSecOps"
"134","TI - Segurança da Informação","TECINF","14783","05.04.01","3","Dispositivos de Segurança de Perímetro"
"134","TI - Segurança da Informação","TECINF","17534","03.02","2","Engenharia Social e Phishing"
"134","TI - Segurança da Informação","TECINF","4395","04.06","2","Esteganografia"
"134","TI - Segurança da Informação","TECINF","4891","07","1","Eventos e Incidentes de Segurança"
"134","TI - Segurança da Informação","TECINF","4878","07.01","2","Eventos e Incidentes de Segurança (NBR ISO/IEC 27001, 27002 e outras)"
"134","TI - Segurança da Informação","TECINF","1357","05.04.01.02","4","Ferramentas de Firewall (IPtables, Pfsense, etc.)"
"134","TI - Segurança da Informação","TECINF","17989","05.04.01.03","4","Ferramentas de Proxy (Squid e outros)"
"134","TI - Segurança da Informação","TECINF","16672","10","1","Frameworks de Segurança da Informação e Segurança Cibernética"
"134","TI - Segurança da Informação","TECINF","6275","02.08","2","Gerenciamento das Operações e Comunicações"
"134","TI - Segurança da Informação","TECINF","4875","02","1","Gestão da Segurança da Informação"
"134","TI - Segurança da Informação","TECINF","4888","02.05","2","Gestão de Ativos e Classificação da Informação"
"134","TI - Segurança da Informação","TECINF","4872","02.11","2","Gestão de Continuidade de Negócio (NBR ISO/IEC 15999-1, 15999-2, 27002, 22313, etc.)"
"134","TI - Segurança da Informação","TECINF","17526","05.03.04","3","Gestão de Identidade e Acesso (IAM, IdP e Identidade Federada)"
"134","TI - Segurança da Informação","TECINF","4887","05.05","2","Hardening"
"134","TI - Segurança da Informação","TECINF","5785","04.03","2","Hashes Criptográficos"
"134","TI - Segurança da Informação","TECINF","4885","04.05.02","3","ICP e Autoridades Certificadoras"
"134","TI - Segurança da Informação","TECINF","4862","05.04.02","3","IDS, IPS e Honeypots"
"134","TI - Segurança da Informação","TECINF","2818","05.04.04.02","4","IPSec"
"134","TI - Segurança da Informação","TECINF","5201","09.02","2","ISO/IEC 15408 - Common Criteria (CC)"
"134","TI - Segurança da Informação","TECINF","1308","05.03.05.05","4","Kerberos"
"134","TI - Segurança da Informação","TECINF","17536","03.01","2","Malware (Vírus, Worms, Trojans, etc.)"
"134","TI - Segurança da Informação","TECINF","17689","12","1","Microsoft Endpoint Manager"
"134","TI - Segurança da Informação","TECINF","17465","10.05","2","MITRE ATT&CK"
"134","TI - Segurança da Informação","TECINF","16674","10.04","2","NBR ISO/IEC 27701 - Requisitos e Diretrizes"
"134","TI - Segurança da Informação","TECINF","17560","03.04","2","Negação de Serviço (DoS)"
"134","TI - Segurança da Informação","TECINF","15551","10.03","2","NIST (National Institute of Standarts and Technology)"
"134","TI - Segurança da Informação","TECINF","7905","05.03.05.01","4","OAuth"
"134","TI - Segurança da Informação","TECINF","17528","05.03.05.02","4","OpenID Connect"
"134","TI - Segurança da Informação","TECINF","4890","02.04","2","Organização da Segurança da Informação (NBR ISO/IEC 27002 e NBR ISO/IEC 17799)"
"134","TI - Segurança da Informação","TECINF","16667","10.01","2","OWASP"
"134","TI - Segurança da Informação","TECINF","4871","02.03","2","Política de Segurança da Informação (NBR ISO/IEC 27001, 27002, etc.)"
"134","TI - Segurança da Informação","TECINF","16671","09.03","2","Práticas de Segurança e Ameaças em Programação"
"134","TI - Segurança da Informação","TECINF","17527","05.03.05","3","Protocolos de Autenticação"
"134","TI - Segurança da Informação","TECINF","4867","05.04.04","3","Protocolos Seguros"
"134","TI - Segurança da Informação","TECINF","3596","05.04.04.04","4","Protocolos Seguros para Redes Sem Fio e Controle de Acesso (WPA, WPA2, WEP, EAP, 802.1X)"
"134","TI - Segurança da Informação","TECINF","17535","03.08","2","Questões Mescladas de Ameaças aos Sistemas Computacionais"
"134","TI - Segurança da Informação","TECINF","17532","05.03.06","3","Questões Mescladas de Autenticação e Controle de Acesso"
"134","TI - Segurança da Informação","TECINF","2064","05.03.05.03","4","RADIUS e TACACS"
"134","TI - Segurança da Informação","TECINF","2181","05","1","Recursos e Ferramentas de Segurança da Informação"
"134","TI - Segurança da Informação","TECINF","3292","02.02","2","Riscos em Segurança da Informação (NBR ISO/IEC 27001, 27002 e 27005)"
"134","TI - Segurança da Informação","TECINF","17529","05.03.05.04","4","SAML"
"134","TI - Segurança da Informação","TECINF","4534","09","1","Segurança em Aplicações (Programação Segura)"
"134","TI - Segurança da Informação","TECINF","2177","05.04.06","3","Segurança em Correio Eletrônico"
"134","TI - Segurança da Informação","TECINF","4879","02.06","2","Segurança em Recursos Humanos (NBR ISO/IEC 27002 e NBR ISO/IEC 17799)"
"134","TI - Segurança da Informação","TECINF","4863","05.04","2","Segurança em Redes"
"134","TI - Segurança da Informação","TECINF","17520","06","1","Segurança Física e Controle de Acesso Físico"
"134","TI - Segurança da Informação","TECINF","17530","05.03.02.01","4","Senhas (Gerenciamento, Política, etc.)"
"134","TI - Segurança da Informação","TECINF","4876","02.01","2","SGSI, Controles e Estrutura das Normas da Família 27000 (ISO/IEC 27001, 27002, etc.)"
"134","TI - Segurança da Informação","TECINF","16666","07.03","2","SIEM (Security Information and Event Management)"
"134","TI - Segurança da Informação","TECINF","17524","05.03.02.04","4","Single Sign-On (SSO)"
"134","TI - Segurança da Informação","TECINF","5358","05.02","2","Sistemas de Proteção Locais (Antivírus, Antispyware, etc.)"
"134","TI - Segurança da Informação","TECINF","17537","03.03","2","Spoofing"
"134","TI - Segurança da Informação","TECINF","3228","05.04.04.03","4","SSH"
"134","TI - Segurança da Informação","TECINF","17563","10.06","2","STRIDE"
"134","TI - Segurança da Informação","TECINF","16669","09.04","2","Testes de Segurança em Desenvolvimento (SAST e DAST)"
"134","TI - Segurança da Informação","TECINF","17460","08.03","2","Testes de Segurança (Pentest, Varreduras, etc.)"
"134","TI - Segurança da Informação","TECINF","2851","05.04.04.01","4","TLS, SSL e HTTPS"
"134","TI - Segurança da Informação","TECINF","3238","05.04.04.06","4","Tópicos Mesclados de Protocolos Seguros"
"134","TI - Segurança da Informação","TECINF","6717","05.06","2","Tópicos Mesclados de Recursos de Segurança da Informação"
"134","TI - Segurança da Informação","TECINF","4870","13","1","Tópicos Mesclados e Outros Assuntos de Segurança da Informação"
"134","TI - Segurança da Informação","TECINF","4873","02.13","2","Tópicos Residuais e Variados de SGSI e da Família ISO/IEC 27000"
"134","TI - Segurança da Informação","TECINF","17291","05.04.04.05","4","Transferência Segura de Arquivos (SFTP, FTPS e SCP)"
"134","TI - Segurança da Informação","TECINF","4860","05.04.03","3","VPN"
"134","TI - Segurança da Informação","TECINF","4886","04.05.03","3","X.509"
"134","TI - Segurança da Informação","TECINF","16627","05.04.08","3","Zero Trust (Modelo de Confiança Zero)"
"136","TI - Gestão e Governança de TI","TECINF","3891","08.02","2","BPMN (Modelo e Notação de Processos de Negócio)"
"136","TI - Gestão e Governança de TI","TECINF","14775","08.03","2","BPMS (Business Process Management System)"
"136","TI - Gestão e Governança de TI","TECINF","2186","04","1","CMMI"
"136","TI - Gestão e Governança de TI","TECINF","16327","04.01","2","CMMI 1.3 e Versões Anteriores"
"136","TI - Gestão e Governança de TI","TECINF","16328","04.02","2","CMMI 2.0"
"136","TI - Gestão e Governança de TI","TECINF","18275","04.03","2","CMMI 3.0"
"136","TI - Gestão e Governança de TI","TECINF","2363","06","1","COBIT"
"136","TI - Gestão e Governança de TI","TECINF","4817","06.03","2","COBIT 2019"
"136","TI - Gestão e Governança de TI","TECINF","2187","06.01","2","COBIT 4.1 e Versões Anteriores"
"136","TI - Gestão e Governança de TI","TECINF","321","06.02","2","COBIT 5"
"136","TI - Gestão e Governança de TI","TECINF","14772","08.01","2","Conceitos de BPM (Gerenciamento de Processos de Negócio)"
"136","TI - Gestão e Governança de TI","TECINF","4359","01","1","Conceitos de Governança de TI"
"136","TI - Gestão e Governança de TI","TECINF","7864","09.01","2","Conceitos de Softwares e Classificação"
"136","TI - Gestão e Governança de TI","TECINF","4581","11","1","Contratação e Fiscalização de TI no Setor Público"
"136","TI - Gestão e Governança de TI","TECINF","14577","08.11","2","Copilot Studio e Power Virtual Agents (Microsoft Power Platform)"
"136","TI - Gestão e Governança de TI","TECINF","10877","10.04","2","CRM (Customer Relationship Management)"
"136","TI - Gestão e Governança de TI","TECINF","2190","11.09","2","Demais Temas sobre Contratação de TI"
"136","TI - Gestão e Governança de TI","TECINF","14774","08.05","2","DMN (Decision Model and Notation)"
"136","TI - Gestão e Governança de TI","TECINF","17690","10.06","2","E-commerce (Modelos B2C, B2B, C2C, G2C, etc.)"
"136","TI - Gestão e Governança de TI","TECINF","14773","08.06","2","EPC (Event-driven Process Chain)"
"136","TI - Gestão e Governança de TI","TECINF","4601","10.03","2","ERP (Enterprise Resource Planning) e SAP"
"136","TI - Gestão e Governança de TI","TECINF","2379","08.07","2","GED e ECM (Gestão Eletrônica de Documentos e Enterprise Content Management)"
"136","TI - Gestão e Governança de TI","TECINF","6698","08","1","Gerenciamento de Processos de Negócio"
"136","TI - Gestão e Governança de TI","TECINF","16684","19","1","Gestão de Indicadores de TI (KPI, SLA, etc.)"
"136","TI - Gestão e Governança de TI","TECINF","16337","11.03","2","Guia de Contratações de TIC do Poder Judiciário (CNJ)"
"136","TI - Gestão e Governança de TI","TECINF","14521","12","1","Guia de Governança de TIC do SISP (Versão 2.0)"
"136","TI - Gestão e Governança de TI","TECINF","4329","11.04","2","Guia Prático para Contratação de Soluções de TI"
"136","TI - Gestão e Governança de TI","TECINF","7090","18","1","Help Desk (Conceitos Gerais)"
"136","TI - Gestão e Governança de TI","TECINF","16272","11.01","2","IN SGD/ME nº 06/2023 - Regulamenta os Requisitos e Procedimentos para Aprovação de Contratações ou de Formação de Atas de Registro de Preços Relativos a Bens e Serviços de TIC"
"136","TI - Gestão e Governança de TI","TECINF","7521","11.02","2","IN SGD/ME nº 94/2022 - Processo de Contratação de Soluções de TIC pelos Órgãos e Entidades Integrantes do SISP do Poder Executivo Federal"
"136","TI - Gestão e Governança de TI","TECINF","6696","07","1","ISO/IEC 20000 - Gestão de Qualidade de Serviços de TI"
"136","TI - Gestão e Governança de TI","TECINF","9378","03","1","ITIL"
"136","TI - Gestão e Governança de TI","TECINF","2185","03.01","2","ITIL v3 e anteriores"
"136","TI - Gestão e Governança de TI","TECINF","9379","03.02","2","ITIL v4"
"136","TI - Gestão e Governança de TI","TECINF","2381","05","1","MPS.BR"
"136","TI - Gestão e Governança de TI","TECINF","5714","15","1","NBR ISO/IEC 38500 - Governança Corporativa de TI"
"136","TI - Gestão e Governança de TI","TECINF","16601","16","1","Norma ISO/IEC 15504 - SPICE"
"136","TI - Gestão e Governança de TI","TECINF","7903","14","1","Normas Estaduais e Municipais sobre Contratação e Fiscalização de TI e sobre Governança Digital no Setor Público"
"136","TI - Gestão e Governança de TI","TECINF","6992","13","1","Normativos sobre Governança Digital no Setor Público"
"136","TI - Gestão e Governança de TI","TECINF","14780","08.12","2","Outros Métodos de Modelagem de Processos (BPEL, XPDL, IDEF etc.)"
"136","TI - Gestão e Governança de TI","TECINF","4360","22","1","Outros modelos de gestão de TI"
"136","TI - Gestão e Governança de TI","TECINF","2188","02","1","Planejamento Estratégico de TI"
"136","TI - Gestão e Governança de TI","TECINF","17441","11.06","2","Portaria SGD/MGI nº 1.070/2023 - Contratação de Serviços de Operação de Infraestrutura e Atendimento a Usuários de TIC"
"136","TI - Gestão e Governança de TI","TECINF","17442","11.07","2","Portaria SGD/MGI nº 2.715/2023 - Contratação e Gestão de Estações de Trabalho"
"136","TI - Gestão e Governança de TI","TECINF","7224","11.05","2","Portaria SGD/MGI nº 750/2023 - Serviços de Desenvolvimento, Manutenção e Sustentação de Software"
"136","TI - Gestão e Governança de TI","TECINF","17440","11.08","2","Resolução CGPAR nº 29/2022 - Orientações às Empresas Estatais Federais sobre Contratação de TI"
"136","TI - Gestão e Governança de TI","TECINF","14328","08.10","2","Robotic Process Automation (RPA) e Power Automate"
"136","TI - Gestão e Governança de TI","TECINF","7837","08.09","2","Sharepoint"
"136","TI - Gestão e Governança de TI","TECINF","14776","08.08","2","SIPOC"
"136","TI - Gestão e Governança de TI","TECINF","17691","10.02","2","Sistema de Informações Gerenciais e de Suporte à Decisão"
"136","TI - Gestão e Governança de TI","TECINF","2371","10.05","2","Sistemas Colaborativos e Portais Corporativos"
"136","TI - Gestão e Governança de TI","TECINF","4313","10","1","Sistemas de Informação"
"136","TI - Gestão e Governança de TI","TECINF","10875","10.01","2","Sistemas de Informação: Conceitos Gerais e Classificações"
"136","TI - Gestão e Governança de TI","TECINF","4594","09","1","Software"
"136","TI - Gestão e Governança de TI","TECINF","4268","09.03","2","Software Livre"
"136","TI - Gestão e Governança de TI","TECINF","2385","20","1","Terceirização e Outsourcing de TI"
"136","TI - Gestão e Governança de TI","TECINF","4506","09.02","2","Tipos de Licença (Shareware, Freeware, etc.)"
"136","TI - Gestão e Governança de TI","TECINF","16683","21","1","TI Verde (Green IT)"
"136","TI - Gestão e Governança de TI","TECINF","4370","17","1","TOGAF"
"136","TI - Gestão e Governança de TI","TECINF","6697","08.04","2","Workflow"
"138","TI - Engenharia de Software","TECINF","2846","10.07","2","Acessibilidade em Sistemas"
"138","TI - Engenharia de Software","TECINF","4355","07.02","2","Análise de Pontos de Função (APF)"
"138","TI - Engenharia de Software","TECINF","2194","03.03","2","Análise e Projeto Orientado a Objetos"
"138","TI - Engenharia de Software","TECINF","1541","03.02","2","Análise Essencial"
"138","TI - Engenharia de Software","TECINF","2772","03.01","2","Análise Estruturada"
"138","TI - Engenharia de Software","TECINF","18004","10.02","2","Arquitetura da Informação (TI)"
"138","TI - Engenharia de Software","TECINF","4249","11","1","Automação e Gestão de Projetos de Software"
"138","TI - Engenharia de Software","TECINF","18007","10.05","2","Avaliação de UX (UX Evaluation)"
"138","TI - Engenharia de Software","TECINF","6009","02.08","2","Clean Code (Código Limpo)"
"138","TI - Engenharia de Software","TECINF","4507","11.01","2","Conceitos de Projeto de Software"
"138","TI - Engenharia de Software","TECINF","4510","09.01","2","Conceitos e Fundamentos da Qualidade de Software"
"138","TI - Engenharia de Software","TECINF","5196","02.10","2","Conceitos e outros Modelos de Desenvolvimento"
"138","TI - Engenharia de Software","TECINF","4251","02.02.01","3","Conceitos e Princípios das Metodologias Ágeis"
"138","TI - Engenharia de Software","TECINF","5191","07.01","2","Conceitos e Tipos de Métricas de Software"
"138","TI - Engenharia de Software","TECINF","2195","08.01","2","Conceitos e Tipos de Testes de Software"
"138","TI - Engenharia de Software","TECINF","5195","01","1","Conceitos Gerais de Engenharia de Software"
"138","TI - Engenharia de Software","TECINF","2164","02.09","2","DDD (Domain-Driven Design)"
"138","TI - Engenharia de Software","TECINF","11178","11.06","2","Demais Ferramentas e Tópicos Variados de Controle de Versão"
"138","TI - Engenharia de Software","TECINF","5861","02.02.07","3","DevOps, IaC, Integração Contínua e Entrega Contínua"
"138","TI - Engenharia de Software","TECINF","4333","10.08","2","e-MAG - Modelo de Acessibilidade de Governo Eletrônico"
"138","TI - Engenharia de Software","TECINF","2193","05","1","Engenharia de Requisitos"
"138","TI - Engenharia de Software","TECINF","16276","02.06","2","Engenharia de Software Baseada em Componentes (ESBC)"
"138","TI - Engenharia de Software","TECINF","4267","10.12","2","e-PING (Padrões de Interoperabilidade de Governo Eletrônico)"
"138","TI - Engenharia de Software","TECINF","16329","10.09","2","e-PWG (Padrões Web em Governo Eletrônico)"
"138","TI - Engenharia de Software","TECINF","1334","02.02.05","3","FDD - Feature Driven Development"
"138","TI - Engenharia de Software","TECINF","2198","13","1","Ferramentas CASE"
"138","TI - Engenharia de Software","TECINF","11177","11.03","2","Ferramentas de Controle de Versão de Software"
"138","TI - Engenharia de Software","TECINF","18006","10.06","2","Ferramentas Digitais de UX e UI"
"138","TI - Engenharia de Software","TECINF","5862","08.02","2","Ferramentas para Teste (JUnit, FindBugs, etc.)"
"138","TI - Engenharia de Software","TECINF","4248","11.02","2","Gerência de Configuração de Software"
"138","TI - Engenharia de Software","TECINF","11176","11.03.02","3","Git"
"138","TI - Engenharia de Software","TECINF","14860","11.03.03","3","Github e Gitlab"
"138","TI - Engenharia de Software","TECINF","4508","10","1","Interação Humano-Computador (IHC)"
"138","TI - Engenharia de Software","TECINF","18005","10.04","2","Interface do Usuário (UI)"
"138","TI - Engenharia de Software","TECINF","2842","10.11","2","Interoperabilidade de Sistemas"
"138","TI - Engenharia de Software","TECINF","4250","02.07","2","ISO/IEC 12207"
"138","TI - Engenharia de Software","TECINF","1302","11.05","2","Jenkins"
"138","TI - Engenharia de Software","TECINF","6414","02.02.08","3","Kanban (Engenharia de Software)"
"138","TI - Engenharia de Software","TECINF","16602","02.02.09","3","Lean UX e Agile UX"
"138","TI - Engenharia de Software","TECINF","16603","14","1","Low-Code e No-Code"
"138","TI - Engenharia de Software","TECINF","1420","12","1","Manutenção e Melhoria de Software (Reuso, Reengenharia, Refatoração, Engenharia Reversa)"
"138","TI - Engenharia de Software","TECINF","2256","11.04","2","Maven"
"138","TI - Engenharia de Software","TECINF","4358","02.02","2","Metodologias de Desenvolvimento Ágeis"
"138","TI - Engenharia de Software","TECINF","4511","07","1","Métricas de Software"
"138","TI - Engenharia de Software","TECINF","5193","02.03","2","Modelo em Cascata ou Clássico"
"138","TI - Engenharia de Software","TECINF","2191","02","1","Modelos de Ciclo de Vida e Metodologias de Desenvolvimento"
"138","TI - Engenharia de Software","TECINF","5192","02.04","2","Modelos Evolucionários (Espiral, Incremental e CBD)"
"138","TI - Engenharia de Software","TECINF","4257","09.02","2","Normas de Qualidade de SW (ISO/IEC 9126 e outras)"
"138","TI - Engenharia de Software","TECINF","6415","02.02.10","3","Outras Metodologias Ágeis e Questões Mescladas"
"138","TI - Engenharia de Software","TECINF","4512","07.03","2","Outras Métricas (COCOMO, LOC, etc.)"
"138","TI - Engenharia de Software","TECINF","2199","15","1","Outros tópicos de Engenharia de Software"
"138","TI - Engenharia de Software","TECINF","2197","06","1","Padrões de Projeto (Engenharia de Software)"
"138","TI - Engenharia de Software","TECINF","5194","02.05","2","Prototipação"
"138","TI - Engenharia de Software","TECINF","4255","09","1","Qualidade de Software"
"138","TI - Engenharia de Software","TECINF","6386","02.02.06","3","RAD (Rapid Application Development)"
"138","TI - Engenharia de Software","TECINF","2192","02.01","2","RUP (Rational Unified Process) - Processo Unificado"
"138","TI - Engenharia de Software","TECINF","4253","02.02.02","3","SCRUM"
"138","TI - Engenharia de Software","TECINF","16604","09.03","2","SonarQube"
"138","TI - Engenharia de Software","TECINF","11175","11.03.01","3","SubVersion (SVN)"
"138","TI - Engenharia de Software","TECINF","4252","02.02.04","3","TDD e BDD (Test-Driven Development e Behavior Driven Development)"
"138","TI - Engenharia de Software","TECINF","8892","03","1","Técnicas de Modelagem de Sistemas"
"138","TI - Engenharia de Software","TECINF","5868","08","1","Testes de Software"
"138","TI - Engenharia de Software","TECINF","2196","04","1","UML"
"138","TI - Engenharia de Software","TECINF","18009","10.01","2","Usabilidade e ISO 9241"
"138","TI - Engenharia de Software","TECINF","18003","10.03","2","User Experience (UX)"
"138","TI - Engenharia de Software","TECINF","2837","10.10","2","W3C, WCAG e WAI"
"138","TI - Engenharia de Software","TECINF","4254","02.02.03","3","XP (Extreme Programming)"
"139","TI - Desenvolvimento de Sistemas","TECINF","5235","03.09","2","AJAX"
"139","TI - Desenvolvimento de Sistemas","TECINF","5255","01.04","2","Algoritmos Diversos"
"139","TI - Desenvolvimento de Sistemas","TECINF","2200","01","1","Algoritmos e Lógica de Programação"
"139","TI - Desenvolvimento de Sistemas","TECINF","4509","10","1","Ambiente Integrado de Desenvolvimento - IDE (Eclipse, NetBeans)"
"139","TI - Desenvolvimento de Sistemas","TECINF","6065","03.10","2","AngularJS"
"139","TI - Desenvolvimento de Sistemas","TECINF","5275","05","1","Arquitetura de Aplicações"
"139","TI - Desenvolvimento de Sistemas","TECINF","1221","05.04","2","Arquitetura de Microsserviços"
"139","TI - Desenvolvimento de Sistemas","TECINF","5262","05.01","2","Arquitetura em Camadas"
"139","TI - Desenvolvimento de Sistemas","TECINF","17870","05.06","2","Arquitetura Hexagonal"
"139","TI - Desenvolvimento de Sistemas","TECINF","7079","05.07","2","Arquitetura Orientada a Eventos"
"139","TI - Desenvolvimento de Sistemas","TECINF","5254","01.03.03","3","Árvores"
"139","TI - Desenvolvimento de Sistemas","TECINF","5236","03.11","2","ASP e VB Script"
"139","TI - Desenvolvimento de Sistemas","TECINF","5266","06.06","2","Beans (JavaBeans, EJB, ManagedBeans, etc)."
"139","TI - Desenvolvimento de Sistemas","TECINF","5251","03.12","2","Bootstrap"
"139","TI - Desenvolvimento de Sistemas","TECINF","7836","11","1","CMS - Content Management System (Gestão de Conteúdo)"
"139","TI - Desenvolvimento de Sistemas","TECINF","3896","02.09","2","COBOL"
"139","TI - Desenvolvimento de Sistemas","TECINF","5265","02.04.02","3","Códigos em Java"
"139","TI - Desenvolvimento de Sistemas","TECINF","5295","02.02.03","3","Coesão, Acoplamento e Modularidade"
"139","TI - Desenvolvimento de Sistemas","TECINF","5256","01.05","2","Complexidade de Algoritmos"
"139","TI - Desenvolvimento de Sistemas","TECINF","2441","02.02.02.01","4","Conceitos Básicos de Orientação a Objetos (Classe, Objeto, Encapsulamento, Herança, Polimorfismo)"
"139","TI - Desenvolvimento de Sistemas","TECINF","5289","06.01","2","Conceitos da Plataforma Java EE"
"139","TI - Desenvolvimento de Sistemas","TECINF","5258","03.01","2","Conceitos de Desenvolvimento Web"
"139","TI - Desenvolvimento de Sistemas","TECINF","6719","09.02.01","3","Conceitos de Servidores de Aplicação JEE"
"139","TI - Desenvolvimento de Sistemas","TECINF","5264","02.04.01","3","Conceitos e Propriedades do Java"
"139","TI - Desenvolvimento de Sistemas","TECINF","5246","08.01","2","Conceitos Gerais de API e Web Services"
"139","TI - Desenvolvimento de Sistemas","TECINF","5274","09.01","2","Conceitos sobre Servidores de Aplicação"
"139","TI - Desenvolvimento de Sistemas","TECINF","4773","05.05","2","CORBA"
"139","TI - Desenvolvimento de Sistemas","TECINF","5243","03.08","2","CSS"
"139","TI - Desenvolvimento de Sistemas","TECINF","6562","01.01","2","Definição de Algoritmos e Estruturas de Controle"
"139","TI - Desenvolvimento de Sistemas","TECINF","3898","02.08","2","Delphi e Pascal"
"139","TI - Desenvolvimento de Sistemas","TECINF","17688","14","1","Desenvolvimento de Jogos"
"139","TI - Desenvolvimento de Sistemas","TECINF","5859","04","1","Desenvolvimento para Dispositivos Móveis (Android, IOS, etc.)"
"139","TI - Desenvolvimento de Sistemas","TECINF","3899","03","1","Desenvolvimento Web"
"139","TI - Desenvolvimento de Sistemas","TECINF","16275","08.07","2","Documentação de APIs (Swagger e OpenAPI)"
"139","TI - Desenvolvimento de Sistemas","TECINF","15228","01.03","2","Estrutura de Dados"
"139","TI - Desenvolvimento de Sistemas","TECINF","17985","02.14.01","3","FORTRAN"
"139","TI - Desenvolvimento de Sistemas","TECINF","11518","07.07","2","Framework Django"
"139","TI - Desenvolvimento de Sistemas","TECINF","5269","07.01","2","Framework Hibernate"
"139","TI - Desenvolvimento de Sistemas","TECINF","7835","07.08","2","Framework Jasper"
"139","TI - Desenvolvimento de Sistemas","TECINF","11525","07.02","2","Framework .NET"
"139","TI - Desenvolvimento de Sistemas","TECINF","11519","07","1","Frameworks para Desenvolvimento"
"139","TI - Desenvolvimento de Sistemas","TECINF","11521","07.05","2","Frameworks PHP (Laravel, Symfony, etc.)"
"139","TI - Desenvolvimento de Sistemas","TECINF","1449","07.03","2","Framework Spring"
"139","TI - Desenvolvimento de Sistemas","TECINF","2873","07.04","2","Framework Struts"
"139","TI - Desenvolvimento de Sistemas","TECINF","11517","07.06","2","Framework Vue.js"
"139","TI - Desenvolvimento de Sistemas","TECINF","4325","02.01","2","Funcionamento, Propriedades e Classificação das Linguagens de Programação"
"139","TI - Desenvolvimento de Sistemas","TECINF","5257","01.03.08","3","Grafos"
"139","TI - Desenvolvimento de Sistemas","TECINF","7190","01.03.06","3","Hashing (Tabelas Hash e Funções de Espalhamento)"
"139","TI - Desenvolvimento de Sistemas","TECINF","5242","03.02","2","HTML"
"139","TI - Desenvolvimento de Sistemas","TECINF","2201","02.04","2","Java"
"139","TI - Desenvolvimento de Sistemas","TECINF","5241","03.04.01","3","Javascript"
"139","TI - Desenvolvimento de Sistemas","TECINF","5270","09.02.02","3","JBoss"
"139","TI - Desenvolvimento de Sistemas","TECINF","11522","06.05","2","JPA (Java Persistence API)"
"139","TI - Desenvolvimento de Sistemas","TECINF","10867","03.04.03","3","jQuery"
"139","TI - Desenvolvimento de Sistemas","TECINF","5260","06.03","2","JSF"
"139","TI - Desenvolvimento de Sistemas","TECINF","10866","03.04.02","3","JSON (JavaScript Object Notation)"
"139","TI - Desenvolvimento de Sistemas","TECINF","5259","06.02","2","JSP"
"139","TI - Desenvolvimento de Sistemas","TECINF","3897","02.05","2","Linguagem C"
"139","TI - Desenvolvimento de Sistemas","TECINF","11524","02.07","2","Linguagem C++ (""C mais mais"")"
"139","TI - Desenvolvimento de Sistemas","TECINF","4513","02.06","2","Linguagem C# (""CSharp)"
"139","TI - Desenvolvimento de Sistemas","TECINF","3895","02","1","Linguagens de Programação"
"139","TI - Desenvolvimento de Sistemas","TECINF","17984","02.14","2","Linguagens de Programação Científicas"
"139","TI - Desenvolvimento de Sistemas","TECINF","17982","02.15","2","Linguagens Educacionais e Pseudolinguagens"
"139","TI - Desenvolvimento de Sistemas","TECINF","17979","02.03","2","Linguagens Formais, Autômatos e Expressões Regulares (Regex)"
"139","TI - Desenvolvimento de Sistemas","TECINF","2724","01.03.01","3","Lista, Fila e Pilha"
"139","TI - Desenvolvimento de Sistemas","TECINF","11527","02.14.02","3","MATLAB"
"139","TI - Desenvolvimento de Sistemas","TECINF","5084","12","1","Mensageria (Messaging)"
"139","TI - Desenvolvimento de Sistemas","TECINF","17654","01.03.05","3","Métodos de Busca"
"139","TI - Desenvolvimento de Sistemas","TECINF","7911","01.03.04","3","Métodos de Ordenação"
"139","TI - Desenvolvimento de Sistemas","TECINF","6700","03.13","2","Métricas Web (Google Analytics, SEO, etc.)"
"139","TI - Desenvolvimento de Sistemas","TECINF","5291","05.02","2","MVC (Model-View-Controller)"
"139","TI - Desenvolvimento de Sistemas","TECINF","10868","03.04.04","3","Node.js"
"139","TI - Desenvolvimento de Sistemas","TECINF","4518","09.03","2","Oracle WebLogic"
"139","TI - Desenvolvimento de Sistemas","TECINF","17990","02.02.02","3","Orientação a Objetos"
"139","TI - Desenvolvimento de Sistemas","TECINF","5267","06.07","2","Outras APIs (JDBC, JMS, JTA, etc.)"
"139","TI - Desenvolvimento de Sistemas","TECINF","17981","02.16","2","Outras Linguagens de Programação"
"139","TI - Desenvolvimento de Sistemas","TECINF","11520","07.09","2","Outros Frameworks e Tópicos Mesclados"
"139","TI - Desenvolvimento de Sistemas","TECINF","5252","08.06","2","Outros Padrões (WS-Security, etc.)"
"139","TI - Desenvolvimento de Sistemas","TECINF","5261","09.04","2","Outros Servidores de Aplicação (ZOPE, .NET Framework, etc.)"
"139","TI - Desenvolvimento de Sistemas","TECINF","4519","16","1","Outros Tópicos de Desenvolvimento de Sistemas"
"139","TI - Desenvolvimento de Sistemas","TECINF","5239","02.02","2","Paradigmas de Programação"
"139","TI - Desenvolvimento de Sistemas","TECINF","17980","02.12","2","Perl"
"139","TI - Desenvolvimento de Sistemas","TECINF","5237","03.03","2","PHP"
"139","TI - Desenvolvimento de Sistemas","TECINF","4505","06","1","Plataforma Java EE"
"139","TI - Desenvolvimento de Sistemas","TECINF","8105","01.03.07","3","Ponteiros"
"139","TI - Desenvolvimento de Sistemas","TECINF","14017","13","1","Power Apps (Microsoft Power Platform)"
"139","TI - Desenvolvimento de Sistemas","TECINF","17988","02.02.02.02","4","Princípios SOLID"
"139","TI - Desenvolvimento de Sistemas","TECINF","17864","15","1","Programação Concorrente, Paralela e Distribuída"
"139","TI - Desenvolvimento de Sistemas","TECINF","5240","02.02.01","3","Programação Estruturada"
"139","TI - Desenvolvimento de Sistemas","TECINF","3000","02.02.04","3","Programação Orientada a Aspecto (POA)"
"139","TI - Desenvolvimento de Sistemas","TECINF","10870","03.04.05","3","React.js"
"139","TI - Desenvolvimento de Sistemas","TECINF","5290","08.05","2","REST e RESTful"
"139","TI - Desenvolvimento de Sistemas","TECINF","17983","03.06","2","RSS (Really Simple Syndication)"
"139","TI - Desenvolvimento de Sistemas","TECINF","4520","02.10","2","Ruby On Rails"
"139","TI - Desenvolvimento de Sistemas","TECINF","5273","09","1","Servidores de Aplicação"
"139","TI - Desenvolvimento de Sistemas","TECINF","5272","09.02","2","Servidores de Aplicação JEE"
"139","TI - Desenvolvimento de Sistemas","TECINF","5268","06.04","2","Servlets"
"139","TI - Desenvolvimento de Sistemas","TECINF","17986","02.13","2","Simula, Lisp e Smalltalk"
"139","TI - Desenvolvimento de Sistemas","TECINF","5250","05.03","2","SOA - Arquitetura Orientada a Serviço"
"139","TI - Desenvolvimento de Sistemas","TECINF","5247","08.02","2","SOAP"
"139","TI - Desenvolvimento de Sistemas","TECINF","10871","03.04","2","Tecnologias JavaScript"
"139","TI - Desenvolvimento de Sistemas","TECINF","5271","09.02.03","3","Tomcat"
"139","TI - Desenvolvimento de Sistemas","TECINF","2374","05.08","2","Tópicos Mesclados de Arquitetura de Sistemas"
"139","TI - Desenvolvimento de Sistemas","TECINF","13689","01.03.09","3","Tópicos Mesclados de Estrutura de Dados"
"139","TI - Desenvolvimento de Sistemas","TECINF","2203","02.17","2","Tópicos Mesclados de Linguagens de Programação"
"139","TI - Desenvolvimento de Sistemas","TECINF","6718","02.02.05","3","Tópicos Mesclados de Paradigmas de Programação"
"139","TI - Desenvolvimento de Sistemas","TECINF","10869","03.04.06","3","Typescript"
"139","TI - Desenvolvimento de Sistemas","TECINF","5249","08.03","2","UDDI"
"139","TI - Desenvolvimento de Sistemas","TECINF","5238","01.02","2","Variáveis, Subprogramas e Passagem de Parâmetro"
"139","TI - Desenvolvimento de Sistemas","TECINF","5253","01.03.02","3","Vetor e Matriz"
"139","TI - Desenvolvimento de Sistemas","TECINF","5244","02.11","2","Visual Basic"
"139","TI - Desenvolvimento de Sistemas","TECINF","2202","08","1","Web Services e APIs"
"139","TI - Desenvolvimento de Sistemas","TECINF","5248","08.04","2","WSDL"
"139","TI - Desenvolvimento de Sistemas","TECINF","5245","03.05","2","XML"
"139","TI - Desenvolvimento de Sistemas","TECINF","5938","03.07","2","XSL"
"140","TI - Sistemas Operacionais","TECINF","4035","06.03.03","3","CentOS"
"140","TI - Sistemas Operacionais","TECINF","4919","02.01","2","Conceitos de Gerência de Processos (SO)"
"140","TI - Sistemas Operacionais","TECINF","4913","04.01","2","Conceitos e Propriedades do Sistema de Arquivos"
"140","TI - Sistemas Operacionais","TECINF","4918","01","1","Conceitos, Funções e Tipos de Sistemas Operacionais"
"140","TI - Sistemas Operacionais","TECINF","11516","09.04","2","Contêineres (Docker, Kubernetes, etc.)"
"140","TI - Sistemas Operacionais","TECINF","4921","02.03","2","Deadlock (SO)"
"140","TI - Sistemas Operacionais","TECINF","4031","06.03.04","3","Debian e SUSE"
"140","TI - Sistemas Operacionais","TECINF","4924","06.04","2","Diferenças Windows e Unix / Linux"
"140","TI - Sistemas Operacionais","TECINF","4040","06.03","2","Distribuições Linux"
"140","TI - Sistemas Operacionais","TECINF","4915","04.03","2","EXT2, EXT3, XFS, etc."
"140","TI - Sistemas Operacionais","TECINF","4914","04.02","2","FAT e NTFS"
"140","TI - Sistemas Operacionais","TECINF","6268","09.02","2","Ferramentas de Virtualização (Hypervisores, VMWare, Hyper-V, etc.)"
"140","TI - Sistemas Operacionais","TECINF","4912","03","1","Gerência de Memória (Paginação, Virtual, etc.)"
"140","TI - Sistemas Operacionais","TECINF","2204","02","1","Gerência de Processos"
"140","TI - Sistemas Operacionais","TECINF","7808","10","1","Gerenciadores de Boot e Volumes Lógicos"
"140","TI - Sistemas Operacionais","TECINF","4043","06.02","2","Linux"
"140","TI - Sistemas Operacionais","TECINF","7842","12","1","MAC OS"
"140","TI - Sistemas Operacionais","TECINF","2815","13","1","Outros Assuntos de Sistemas Operacionais"
"140","TI - Sistemas Operacionais","TECINF","4934","06.03.05","3","Questões Mescladas de Distribuições Linux"
"140","TI - Sistemas Operacionais","TECINF","4033","06.03.01","3","Red Hat"
"140","TI - Sistemas Operacionais","TECINF","4065","06.05","2","Scripts em Unix e Linux"
"140","TI - Sistemas Operacionais","TECINF","2205","04","1","Sistemas de Arquivos"
"140","TI - Sistemas Operacionais","TECINF","6267","09.03","2","Sistemas Distribuídos (Cluster, GRID, etc.)"
"140","TI - Sistemas Operacionais","TECINF","7841","11","1","Sistemas Operacionais da IBM (AS/400, OS/400 e AIX)"
"140","TI - Sistemas Operacionais","TECINF","5302","07","1","Sistemas Operacionais para Dispositivos Móveis (IOS, Android, etc.)"
"140","TI - Sistemas Operacionais","TECINF","7838","08","1","Sistemas Operacionais para Mainframe (Z/OS, JCL, JES etc.)"
"140","TI - Sistemas Operacionais","TECINF","4922","02.02","2","Threads (SO)"
"140","TI - Sistemas Operacionais","TECINF","4034","06.03.02","3","Ubuntu"
"140","TI - Sistemas Operacionais","TECINF","872","06.01","2","Unix"
"140","TI - Sistemas Operacionais","TECINF","2207","06","1","Unix e Linux"
"140","TI - Sistemas Operacionais","TECINF","6269","09.01","2","Virtualização - Conceitos Gerais"
"140","TI - Sistemas Operacionais","TECINF","4762","09","1","Virtualização e Sistemas Distribuídos"
"140","TI - Sistemas Operacionais","TECINF","2206","05","1","Windows"
"140","TI - Sistemas Operacionais","TECINF","8444","05.07","2","Windows 10 (SO)"
"140","TI - Sistemas Operacionais","TECINF","16628","05.08","2","Windows 11 (SO)"
"140","TI - Sistemas Operacionais","TECINF","4932","05.05","2","Windows 7 (SO)"
"140","TI - Sistemas Operacionais","TECINF","2208","05.06","2","Windows 8 (SO)"
"140","TI - Sistemas Operacionais","TECINF","4933","05.01","2","Windows 98 e versões anteriores (SO)"
"140","TI - Sistemas Operacionais","TECINF","4931","05.02","2","Windows NT e 2000 (SO)"
"140","TI - Sistemas Operacionais","TECINF","7839","05.09","2","Windows Powershell e Prompt de Comando"
"140","TI - Sistemas Operacionais","TECINF","6591","05.04","2","Windows Vista (SO)"
"140","TI - Sistemas Operacionais","TECINF","4930","05.03","2","Windows XP (SO)"
"141","TI - Banco de Dados","TECINF","1444","04.06.06","3","ADABAS"
"141","TI - Banco de Dados","TECINF","2770","10","1","Administração de Banco de Dados (DBA) e do Administrador de Dados (DA)"
"141","TI - Banco de Dados","TECINF","4949","02.03.02","3","Álgebra Relacional"
"141","TI - Banco de Dados","TECINF","4948","02.04","2","Arquitetura ANSI/SPARC"
"141","TI - Banco de Dados","TECINF","17656","05.05.06","3","Azure Cosmos DB"
"141","TI - Banco de Dados","TECINF","1853","05.04","2","Banco de Dados Distribuídos"
"141","TI - Banco de Dados","TECINF","3665","05.03","2","Banco de Dados Hierárquico e em Rede"
"141","TI - Banco de Dados","TECINF","1859","05.02","2","Banco de Dados Orientado a Objetos e Objeto-Relacional"
"141","TI - Banco de Dados","TECINF","1453","05.01","2","Banco de Dados Textual"
"141","TI - Banco de Dados","TECINF","7232","13","1","Banco de Dados Transacionais (OLTP)"
"141","TI - Banco de Dados","TECINF","18011","05.06","2","Bancos de Dados Espaciais"
"141","TI - Banco de Dados","TECINF","1858","05.05","2","Bancos de Dados Não Relacionais (NoSQL)"
"141","TI - Banco de Dados","TECINF","1842","04.02","2","Catálogo e Dicionário de Dados"
"141","TI - Banco de Dados","TECINF","18396","05.05.05","3","Chave-Valor (Redis, DynamoDB)"
"141","TI - Banco de Dados","TECINF","2209","02.01","2","Conceitos e Fases de Projeto e Modelagem de Dados"
"141","TI - Banco de Dados","TECINF","4954","02.03.01","3","Conceitos e Fundamentos de Modelo Relacional"
"141","TI - Banco de Dados","TECINF","18397","05.05.01","3","Conceitos Gerais de NoSQL"
"141","TI - Banco de Dados","TECINF","2213","01","1","Conceitos Iniciais de Bancos de Dados"
"141","TI - Banco de Dados","TECINF","2211","03.01","2","Consultas e Comandos em SQL"
"141","TI - Banco de Dados","TECINF","2775","04.06.05","3","DB2"
"141","TI - Banco de Dados","TECINF","4946","04.01","2","Definições e Propriedades do SGBD"
"141","TI - Banco de Dados","TECINF","3647","05.05.02","3","Documentos (MongoDB e CouchDB)"
"141","TI - Banco de Dados","TECINF","18394","05.05.03","3","Família de Colunas (Cassandra)"
"141","TI - Banco de Dados","TECINF","18395","05.05.04","3","Grafos (Neo4j)"
"141","TI - Banco de Dados","TECINF","4952","03","1","Linguagem SQL"
"141","TI - Banco de Dados","TECINF","4967","04.06.07","3","MariaDB"
"141","TI - Banco de Dados","TECINF","6330","02.03.04","3","Modelagem e Mapeamento ER-relacional"
"141","TI - Banco de Dados","TECINF","4953","02.02","2","Modelo Entidade-Relacionamento (MER)"
"141","TI - Banco de Dados","TECINF","4956","02.03","2","Modelo Relacional"
"141","TI - Banco de Dados","TECINF","4943","04.06.03","3","MySQL"
"141","TI - Banco de Dados","TECINF","2380","02.03.03","3","Normalização"
"141","TI - Banco de Dados","TECINF","11514","12","1","ODBC"
"141","TI - Banco de Dados","TECINF","4941","04.06.02","3","Oracle"
"141","TI - Banco de Dados","TECINF","3730","06","1","Organização de Arquivos e Métodos de Acesso"
"141","TI - Banco de Dados","TECINF","4957","07","1","Otimização (Tuning) em Banco de Dados"
"141","TI - Banco de Dados","TECINF","4945","05","1","Outros Modelos de Bancos de Dados (Bancos de Dados Especializados)"
"141","TI - Banco de Dados","TECINF","1279","04.06.09","3","Outros SGBDs e Questões Mescladas"
"141","TI - Banco de Dados","TECINF","4951","03.03","2","PL/SQL e Outras Extensões SQL"
"141","TI - Banco de Dados","TECINF","4942","04.06.04","3","PostgreSQL"
"141","TI - Banco de Dados","TECINF","4947","04.06","2","Principais SGBDs Relacionais"
"141","TI - Banco de Dados","TECINF","10995","03.04","2","Procedimentos armazenados (Stored Procedures)"
"141","TI - Banco de Dados","TECINF","4955","02","1","Projeto e Modelagem de Dados"
"141","TI - Banco de Dados","TECINF","18399","05.05.07","3","Questões Mescladas de SGBDs NoSQL"
"141","TI - Banco de Dados","TECINF","4944","08","1","Recuperação de Dados em SGBDs"
"141","TI - Banco de Dados","TECINF","10938","09","1","Segurança em Banco de Dados"
"141","TI - Banco de Dados","TECINF","2210","04","1","Sistema de Gerenciamento de Banco de Dados Relacionais (SGBD)"
"141","TI - Banco de Dados","TECINF","17978","04.06.08","3","SQLite"
"141","TI - Banco de Dados","TECINF","4940","04.06.01","3","SQL Server"
"141","TI - Banco de Dados","TECINF","4950","03.02","2","Sublinguagens SQL (DDL, DML, DQL, DCL e DTL)"
"141","TI - Banco de Dados","TECINF","1852","05.07","2","Tópicos Mesclados de Outros Tipos e Modelos de Banco de Dados"
"141","TI - Banco de Dados","TECINF","1839","14","1","Tópicos Mesclados e Outros Assuntos de Banco de Dados"
"141","TI - Banco de Dados","TECINF","2769","04.04","2","Transações (Locks, ACID, etc.)"
"141","TI - Banco de Dados","TECINF","2227","04.05","2","Triggers"
"141","TI - Banco de Dados","TECINF","18469","11","1","Versionamento e Migração de Banco de Dados"
"141","TI - Banco de Dados","TECINF","2036","04.03","2","Visão (View)"
"142","TI - Organização e Arquitetura dos Computadores","TECINF","5228","02.1","2","Arquitetura de Von Neumann e Arquitetura de Harvard"
"142","TI - Organização e Arquitetura dos Computadores","TECINF","5229","02.2","2","Arquiteturas Paralelas"
"142","TI - Organização e Arquitetura dos Computadores","TECINF","17865","06","1","Barramentos (Hardware)"
"142","TI - Organização e Arquitetura dos Computadores","TECINF","5233","03.5","2","Características dos Processadores no Mercado"
"142","TI - Organização e Arquitetura dos Computadores","TECINF","17655","13","1","Compressão de Arquivos"
"142","TI - Organização e Arquitetura dos Computadores","TECINF","4796","02","1","Conceitos de Arquitetura de Computadores"
"142","TI - Organização e Arquitetura dos Computadores","TECINF","4797","07.1","2","Conceitos de Memória (Endereçamento, Buffer, DMA, etc)."
"142","TI - Organização e Arquitetura dos Computadores","TECINF","5234","03.1","2","Conceitos e Funcionamento dos Processadores"
"142","TI - Organização e Arquitetura dos Computadores","TECINF","17844","15","1","Desempenho de Arquiteturas de Computadores"
"142","TI - Organização e Arquitetura dos Computadores","TECINF","4792","04","1","Dispositivos de Entrada e Saída"
"142","TI - Organização e Arquitetura dos Computadores","TECINF","4802","12","1","Hardware em Geral (Assuntos Mesclados)"
"142","TI - Organização e Arquitetura dos Computadores","TECINF","4794","07.5","2","HD (disco rígido), DVDs, CDs, etc."
"142","TI - Organização e Arquitetura dos Computadores","TECINF","2771","09","1","Impressoras"
"142","TI - Organização e Arquitetura dos Computadores","TECINF","481","10","1","Mainframe"
"142","TI - Organização e Arquitetura dos Computadores","TECINF","4801","08","1","Manutenção de Computadores"
"142","TI - Organização e Arquitetura dos Computadores","TECINF","4795","07.3","2","Memória CACHE"
"142","TI - Organização e Arquitetura dos Computadores","TECINF","4798","07.2","2","Memória RAM"
"142","TI - Organização e Arquitetura dos Computadores","TECINF","4803","07.4","2","Memórias Não Voláteis ou Estáticas"
"142","TI - Organização e Arquitetura dos Computadores","TECINF","7496","11","1","Modalidades de Processamento (Online, Off-line, Batch e Real Time)"
"142","TI - Organização e Arquitetura dos Computadores","TECINF","17863","16","1","Novas Tecnologias em Computação (Computação Quântica, de Borda, em Névoa, etc.)"
"142","TI - Organização e Arquitetura dos Computadores","TECINF","7862","01.03","2","Operações Lógicas Computacionais"
"142","TI - Organização e Arquitetura dos Computadores","TECINF","5230","02.3","2","Outros Conceitos de Arquitetura dos Computadores"
"142","TI - Organização e Arquitetura dos Computadores","TECINF","7860","01.04","2","Padrões para Codificação de Caracteres (ASCII, Unicode etc.)"
"142","TI - Organização e Arquitetura dos Computadores","TECINF","5231","03.3","2","Pipelines"
"142","TI - Organização e Arquitetura dos Computadores","TECINF","17842","14","1","Placa de Vídeo (GPU)"
"142","TI - Organização e Arquitetura dos Computadores","TECINF","4793","05","1","Placa-mãe, Chipset, Portas e Fonte"
"142","TI - Organização e Arquitetura dos Computadores","TECINF","2214","03","1","Processador"
"142","TI - Organização e Arquitetura dos Computadores","TECINF","2071","07.7","2","Questões Mescladas sobre Sistemas de Armazenamento"
"142","TI - Organização e Arquitetura dos Computadores","TECINF","2215","07.6","2","RAID"
"142","TI - Organização e Arquitetura dos Computadores","TECINF","5232","03.4","2","Registradores e Linguagem de Máquina"
"142","TI - Organização e Arquitetura dos Computadores","TECINF","2217","01","1","Representação da Informação e Aritmética Computacional"
"142","TI - Organização e Arquitetura dos Computadores","TECINF","2216","03.2","2","RISC vs CISC"
"142","TI - Organização e Arquitetura dos Computadores","TECINF","2218","07","1","Sistemas de Armazenamento"
"142","TI - Organização e Arquitetura dos Computadores","TECINF","7861","01.02","2","Sistemas de Numeração Computacionais"
"142","TI - Organização e Arquitetura dos Computadores","TECINF","7863","01.01","2","Unidades de Medidas Digitais (bit, bytes, MB, GB, etc.)"
"210","Legislação Tributária Federal","LTFED","8378","01.04.03","3","Alíquota, Base de Cálculo e Valor a Ser Pago (arts. 7º e 8º-A da LC nº 116/2003)"
"210","Legislação Tributária Federal","LTFED","7855","01.03.05","3","Base de Cálculo (arts. 13 ao 18 da LC nº 87/1996)"
"210","Legislação Tributária Federal","LTFED","7577","06.03","2","CIDE - Combustíveis (Lei nº 10.336/2001)"
"210","Legislação Tributária Federal","LTFED","14067","06.04","2","CIDE - Programa de Estímulo à Interação Universidade-Empresa (Lei nº 10.168/2000) "
"210","Legislação Tributária Federal","LTFED","285","06.01","2","COFINS"
"210","Legislação Tributária Federal","LTFED","14299","04.01.07.13","4","Compensação, Restituição e Ressarcimento do Imposto (arts. 268 a 270 do Decreto nº 7.212/2012)"
"210","Legislação Tributária Federal","LTFED","4632","06","1","Contribuições Federais"
"210","Legislação Tributária Federal","LTFED","7579","06.05","2","CSLL"
"210","Legislação Tributária Federal","LTFED","17447","01.09.01.05.02.05","6","Da Administração de Consórcio (arts. 204 a 206 da LC nº 214/2025)"
"210","Legislação Tributária Federal","LTFED","14109","01.09.01.07","4","Da Administração do IBS e da CBS (arts. 317 a 341-H da LC nº 214/2025)"
"210","Legislação Tributária Federal","LTFED","10809","02.01.04","3","Da Administração do Imposto de Renda (arts. 890 a 1.050 do RIR)"
"210","Legislação Tributária Federal","LTFED","18087","01.15.01","3","Da Administração e da Gestão do IBS (arts. 1º a 145 da LC nº 227/2026)"
"210","Legislação Tributária Federal","LTFED","18120","01.15.02.01.06","5","Da Alíquota do ITCMD (art. 156 da LC nº 227/2026)"
"210","Legislação Tributária Federal","LTFED","7857","01.03.07","3","Da Apuração do ICMS (arts. 24 ao 26 da LC nº 87/1996)"
"210","Legislação Tributária Federal","LTFED","17192","01.09.02.02.07","5","Da Apuração e do Pagamento (arts. 430 a 433 da LC nº 214/2025)"
"210","Legislação Tributária Federal","LTFED","17367","01.09.03.03.01","5","Da Avaliação Quinquenal (arts. 475 e 476 da LC nº 214/2025)"
"210","Legislação Tributária Federal","LTFED","13692","01.09.01.01.02.05","6","Da Base de Cálculo (arts. 12 e 13 da LC nº 214/2025)"
"210","Legislação Tributária Federal","LTFED","11125","02.01.02.05","4","Da Base de Cálculo (arts. 209 a 237 do RIR)"
"210","Legislação Tributária Federal","LTFED","17187","01.09.02.02.02","5","Da Base de Cálculo (arts. 414 a 418 da LC nº 214/2025)"
"210","Legislação Tributária Federal","LTFED","11116","02.01.01.05","4","Da Base de Cálculo do Imposto sobre a Renda na Declaração (arts. 76 e 77  do RIR)"
"210","Legislação Tributária Federal","LTFED","18119","01.15.02.01.05","5","Da Base de Cálculo do ITCMD (art. 152 a 155 da LC nº 227/2026)"
"210","Legislação Tributária Federal","LTFED","18113","01.15.01.04.01","5","Da Caracterização, da Homologação e da Utilização do Saldo Credor do ICMS (arts. 132 a 141 da LC nº 227/2026)"
"210","Legislação Tributária Federal","LTFED","11103","04.01.03","3","Da Classificação dos Produtos (arts. 15 a a 17 do Decreto nº 7.212/2012)"
"210","Legislação Tributária Federal","LTFED","17368","01.09.03.03.02","5","Da Compensação de Eventual Redução do Montante Entregue nos Termos do art. 159, incisos I e II, da CF em Razão da Substituição do IPI pelo Imposto Seletivo (arts. 477 a 479 da LC nº 214/2025)"
"210","Legislação Tributária Federal","LTFED","11106","04.01.06","3","Da Contagem e Fluência dos Prazos (arts. 33 e 34 do Decreto nº 7.212/2012)"
"210","Legislação Tributária Federal","LTFED","12730","01.05.02","3","Da Definição de Microempresa e de Empresa de Pequeno Porte (arts. 3º a 3º-B da LC nº 123/2006)"
"210","Legislação Tributária Federal","LTFED","18112","01.15.01.03.05","5","Da Destinação da Receita dos Entes Federativos (arts. 118 a 131 da LC nº 227/2026)"
"210","Legislação Tributária Federal","LTFED","1992","01.09.01.03","4","Da Devolução Personalizada do IBS e da CBS (Cashback) e da Cesta Básica Nacional de Alimentos (arts. 112 a 125 da LC nº 214/2025)"
"210","Legislação Tributária Federal","LTFED","18111","01.15.01.03.04","5","Da Distribuição Complementar para os Entes Federativos com Maior Perda de Participação relativa na Receita (art. 117 da LC nº 227/2026)"
"210","Legislação Tributária Federal","LTFED","18110","01.15.01.03.03","5","Da Distribuição da Receita Retida para Fins de Transição (arts. 114 a 116 da LC nº 227/2026)"
"210","Legislação Tributária Federal","LTFED","18091","01.15.01.03","4","Da Distribuição do Produto da Arrecadação do IBS (arts. 103 a 131 da LC nº 227/2026)"
"210","Legislação Tributária Federal","LTFED","17190","01.09.02.02.05","5","Da Empresa Comercial Exportadora (arts. 426 e 427 da LC nº 214/2025)"
"210","Legislação Tributária Federal","LTFED","18097","01.15.01.01.03","5","Da Estrutura Organizacional do CGIBS (arts. 7º a 39 da LC nº 227/2026)"
"210","Legislação Tributária Federal","LTFED","11109","04.01.09","3","Da Fiscalização (arts. 505 a 547 do Decreto nº 7.212/2012)"
"210","Legislação Tributária Federal","LTFED","13779","01.09.01.07.04","5","Da Fiscalização e do Lançamento de Ofício (arts. 324 a 341 da LC nº 214/2025)"
"210","Legislação Tributária Federal","LTFED","12735","01.05.07","3","Da Fiscalização Orientadora (art. 55 da LC nº 123/2006)"
"210","Legislação Tributária Federal","LTFED","17448","01.09.01.05.02.06","6","Da Gestão e Administração de Recursos, inclusive de Fundos de Investimento (arts. 207 a 211 da LC nº 214/2025)"
"210","Legislação Tributária Federal","LTFED","14540","01.09.01.07.02","5","Da Harmonização do IBS e da CBS (arts. 318 a 323 da LC nº 214/2025)"
"210","Legislação Tributária Federal","LTFED","17462","01.09.01.05.07.02","6","Da Hotelaria, Parques de Diversão e Parques Temáticos (arts. 277 a 283 da LC nº 214/2025)"
"210","Legislação Tributária Federal","LTFED","18117","01.15.02.01.03","5","Da Imunidade e da Não Incidência do ITCMD (arts. 149 e 150 da LC nº 227/2026)"
"210","Legislação Tributária Federal","LTFED","11104","04.01.04","3","Da Imunidade Tributária (arts. 18 a 20 da Lei nº 7.212/2012)"
"210","Legislação Tributária Federal","LTFED","11101","04.01.01","3","Da Incidência (arts. 1º a 7º do Decreto nº 7.212/2012)"
"210","Legislação Tributária Federal","LTFED","12731","01.05.03","3","Da Inscrição e da Baixa (arts. 4º a 11 da LC nº 123/2006)"
"210","Legislação Tributária Federal","LTFED","18670","01.09.01.07.03","5","Da Integração do Contencioso de IBS e CBS (arts. 323-G a 323-M da LC nº 214/2025)"
"210","Legislação Tributária Federal","LTFED","3652","01.09.01.01.02.12","6","Da Não Cumulatividade (arts. 47 a 56 da LC nº 214/2025)"
"210","Legislação Tributária Federal","LTFED","7856","01.03.06","3","Da Não-Cumulatividade - Crédito, Estorno, Transferência, etc (arts. 19 ao 23 da LC nº 87/1996)"
"210","Legislação Tributária Federal","LTFED","11107","04.01.07","3","Da Obrigação Principal (arts. 35 a 270 do Decreto nº 7.212/2012)"
"210","Legislação Tributária Federal","LTFED","16699","01.09.01.01.03","5","Da Operacionalização do IBS e da CBS (arts. 58 a 62 da LC nº 214/2025)"
"210","Legislação Tributária Federal","LTFED","17191","01.09.02.02.06","5","Da Pena de Perdimento (arts. 428 e 429 da LC nº 214/2025)"
"210","Legislação Tributária Federal","LTFED","3243","01.09.01.04.06","5","Da Reabilitação Urbana de Zonas Históricas e de Áreas Críticas de Recuperação e Reconversão Urbanística  (arts. 158 a 163 da LC nº 214/2025)"
"210","Legislação Tributária Federal","LTFED","18109","01.15.01.03.02","5","Da Receita-Base dos Entes Federativos (arts. 105 a 113 da LC nº 227/2026)"
"210","Legislação Tributária Federal","LTFED","11124","02.01.02.04","4","Da Receita Bruta (art. 208 do RIR)"
"210","Legislação Tributária Federal","LTFED","8024","01.09.01.04.04","5","Da Redução a Zero das Alíquotas do IBS e da CBS (arts. 143 a 156 da LC nº 214/2025)"
"210","Legislação Tributária Federal","LTFED","14290","04.01.07.04","4","Da Redução e Majoração do Imposto (arts. 69 a 80-B do Decreto nº 7.212/2012)"
"210","Legislação Tributária Federal","LTFED","14390","01.09.01.04.03","5","Da Redução em Sessenta por Cento das Alíquotas do IBS e da CBS (arts. 128 a 142 da LC nº 214/2025)"
"210","Legislação Tributária Federal","LTFED","14483","01.09.01.04.02","5","Da Redução em Trinta por Cento das Alíquotas do IBS e da CBS (art. 127 da LC nº 214/2025)"
"210","Legislação Tributária Federal","LTFED","18106","01.15.01.02.04","5","Da Representação da Fazenda Pública (art. 97 da LC nº 227/2026)"
"210","Legislação Tributária Federal","LTFED","17464","01.09.01.05.07.04","6","Das Agências de Turismo (arts. 288 a 291 da LC nº 214/2025)"
"210","Legislação Tributária Federal","LTFED","13961","01.09.01.01.02.06","6","Das Alíquotas (arts. 14 a 20 da LC nº 214/2025)"
"210","Legislação Tributária Federal","LTFED","17188","01.09.02.02.03","5","Das Alíquotas (arts. 419 a 423 da LC nº 214/2025)"
"210","Legislação Tributária Federal","LTFED","11129","02.01.02.10","4","Das Alíquotas e do Adicional (arts. 623 a 625 do RIR)"
"210","Legislação Tributária Federal","LTFED","17451","01.09.01.05.02.09","6","Das Atividades de Entidades Administradoras de Mercados Organizados, Infraestruturas de Mercado e Depositárias Centrais (arts. 220 a 222 da LC nº 214/2025)"
"210","Legislação Tributária Federal","LTFED","18096","01.15.01.01.02","5","Das Competências do CGIBS e das Diretrizes para a Coordenação da Fiscalização e da Cobrança do IBS (arts. 2º a 6º da LC nº 227/2026)"
"210","Legislação Tributária Federal","LTFED","18101","01.15.01.01.07","5","Das Contratações e da Publicidade dos Atos Normativos do CGIBS (arts. 49 e 50 da LC nº 227/2026)"
"210","Legislação Tributária Federal","LTFED","11134","02.01.04.01","4","Das Declarações e do Lançamento (arts. 890 a 914 do RIR)"
"210","Legislação Tributária Federal","LTFED","11115","02.01.01.04","4","Das Deduções (arts. 66 a 75 do RIR)"
"210","Legislação Tributária Federal","LTFED","11111","04.01.11","3","Das Disposições Finais (arts. 609 a 617 do Decreto nº 7.212/2012)"
"210","Legislação Tributária Federal","LTFED","12729","01.05.01","3","Das Disposições Preliminares (arts. 1º e 2º da LC nº 123/2006)"
"210","Legislação Tributária Federal","LTFED","17366","01.09.03.03","4","Das Disposições Transitórias (arts. 474 a 490 da LC nº 214/2025)"
"210","Legislação Tributária Federal","LTFED","5466","01.09.01.01.02.01","6","Das Hipóteses de Incidência (arts. 4º a 7º da LC nº 214/2025)"
"210","Legislação Tributária Federal","LTFED","12734","01.05.06","3","Da Simplificação das Relações de Trabalho (arts. 50 a 54 da LC nº 123/2006)"
"210","Legislação Tributária Federal","LTFED","11498","01.09.01.01.02.02","6","Das Imunidades (arts. 8º e 9º da LC nº 214/2025)"
"210","Legislação Tributária Federal","LTFED","18671","01.09.01.07.05","5","Das Infrações e Penalidade relativas ao IBS e à CBS (arts. 341-A a 341-H da LC nº 214/2025)"
"210","Legislação Tributária Federal","LTFED","14289","04.01.07.03","4","Das Isenções (arts. 50 a 68 do Decreto nº 7.212/2012)"
"210","Legislação Tributária Federal","LTFED","14538","01.09.01.05.09","5","Das Missões Diplomáticas, Repartições Consulares e Operações Alcançadas por Tratado Internacional (arts. 297 a 299 da LC nº 214/2025)"
"210","Legislação Tributária Federal","LTFED","13344","01.09.01.01.02.08","6","Das Modalidades de Extinção dos Débitos (arts. 27 a 37 da LC nº 214/2025)"
"210","Legislação Tributária Federal","LTFED","14654","01.09.01.01","4","Das Normas Gerais do IBS e CBS (arts. 1º a 83 da LC nº 214/2025)"
"210","Legislação Tributária Federal","LTFED","17183","01.09.02.02","4","Das Normas Gerais do Imposto Seletivo (arts. 412 a 433 da LC nº 214/2025)"
"210","Legislação Tributária Federal","LTFED","18103","01.15.01.02.01","5","Das Normas Processuais (arts. 54 a 66 da LC nº 227/2026)"
"210","Legislação Tributária Federal","LTFED","11108","04.01.08","3","Das Obrigações Acessórias (arts. 271 a 504-A do Decreto nº 7.212/2012)"
"210","Legislação Tributária Federal","LTFED","13606","01.09.01.05.08","5","Da Sociedade Anônima de Futebol - SAF (arts. 292 a 296 da LC nº 214/2025)"
"210","Legislação Tributária Federal","LTFED","17445","01.09.01.05.02.03","6","Das Operações de Crédito, de Câmbio, com Títulos e Valores Mobiliários, de Securitização e de Faturização  (arts. 192 a 200 da LC nº 214/2025)"
"210","Legislação Tributária Federal","LTFED","11137","02.01.04.04","4","Das Penalidades e dos Acréscimos Moratórios (arts. 989 a 1.025 do RIR)"
"210","Legislação Tributária Federal","LTFED","12739","01.05.11","3","Das Regras Civis e Empresariais (arts. 68 a 73-A da LC nº 123/2006)"
"210","Legislação Tributária Federal","LTFED","14106","01.09.01.05.06","5","Das Sociedades Cooperativas (arts. 271 e 272 da LC nº 214/2025)"
"210","Legislação Tributária Federal","LTFED","15439","01.09.01.01.02.07","6","Da Sujeição Passiva (arts. 21 a 26 da LC nº 214/2025)"
"210","Legislação Tributária Federal","LTFED","17189","01.09.02.02.04","5","Da Sujeição Passiva (arts. 424 e 425 da LC nº 214/2025)"
"210","Legislação Tributária Federal","LTFED","14288","04.01.07.02","4","Da Suspensão do Imposto (arts. 40 a 49 do Decreto nº 7.212/2012)"
"210","Legislação Tributária Federal","LTFED","14293","04.01.07.07","4","Da Transferência de Incentivos e Benefícios na Sucessão (art. 176 do Decreto nº 7.212/2012)"
"210","Legislação Tributária Federal","LTFED","11133","02.01.03.03","4","Da Tributação das Operações Financeiras e do Mercado de Renda Variável (arts. 807 a 852 do RIR)"
"210","Legislação Tributária Federal","LTFED","11132","02.01.03.02","4","Da Tributação das Op. Fin. e do Mercado de Renda Fixa e de Renda Variável (arts. 788 a 806 do RIR)"
"210","Legislação Tributária Federal","LTFED","10806","02.01.01","3","Da Tributação das Pessoas Físicas (arts. 1º a 157 do RIR)"
"210","Legislação Tributária Federal","LTFED","10807","02.01.02","3","Da Tributação das Pessoas Jurídicas (arts. 158 a 676 do RIR)"
"210","Legislação Tributária Federal","LTFED","11120","02.01.01.09","4","Da Tributação Definitiva (arts. 128 a 157 do RIR)"
"210","Legislação Tributária Federal","LTFED","11131","02.01.03.01","4","Da Tributação na Fonte (arts. 677 a 787 do RIR)"
"210","Legislação Tributária Federal","LTFED","10808","02.01.03","3","Da Tributação na Fonte e Sobre Operações Financeiras (arts. 677 a 889 do RIR)"
"210","Legislação Tributária Federal","LTFED","14071","05.02","2","Decreto nº 4.382/2002 - Regulamenta o ITR"
"210","Legislação Tributária Federal","LTFED","12309","70","1","Decreto nº 517/1992 - Área de Livre Comércio de Macapá e Santana (ALCMS)"
"210","Legislação Tributária Federal","LTFED","14073","03.02","2","Decreto nº 6.306/2007 - Regulamenta o IOF"
"210","Legislação Tributária Federal","LTFED","4634","04.01","2","Decreto nº 7.212/2012 - RIPI (Regulamento do IPI)"
"210","Legislação Tributária Federal","LTFED","4633","02.01","2","Decreto nº 9.580/2018 - RIR"
"210","Legislação Tributária Federal","LTFED","7580","06.06","2","Demais Contribuições Federais e Tópicos Mesclados"
"210","Legislação Tributária Federal","LTFED","17608","01.09.04","3","Demais Dispositivos da LC nº 214/2025"
"210","Legislação Tributária Federal","LTFED","7867","04.02","2","Demais Normativos sobre o IPI"
"210","Legislação Tributária Federal","LTFED","7871","02.04","2","Demais Normativos sobre o IR"
"210","Legislação Tributária Federal","LTFED","4142","99","1","Demais Normativos Tributários Federais"
"210","Legislação Tributária Federal","LTFED","12973","01.09.01.05.10","5","Disposições Comuns aos Regimes Específicos (arts. 300 a 307 da LC nº 214/2025)"
"210","Legislação Tributária Federal","LTFED","17444","01.09.01.05.02.02","6","Disposições Comuns aos Serviços Financeiros (arts. 185 a 191 da LC nº 214/2025)"
"210","Legislação Tributária Federal","LTFED","11138","02.01.04.05","4","Disposições Diversas (arts. 1.030 a 1.050 do RIR)"
"210","Legislação Tributária Federal","LTFED","11130","02.01.02.12","4","Disposições Diversas (arts. 670 a 676 do RIR)"
"210","Legislação Tributária Federal","LTFED","12742","01.05.14","3","Disposições Finais e Transitórias (arts. 77 a 89 da LC nº 123/2006)"
"210","Legislação Tributária Federal","LTFED","17185","01.09.02.04","4","Disposições Finais sobre o Imposto Seletivo (arts. 436 a 438 da LC nº 214/2025)"
"210","Legislação Tributária Federal","LTFED","18107","01.15.01.02.05","5","Disposições Finais sobre PAT do IBS (arts. 98 a 102 da LC nº 227/2026)"
"210","Legislação Tributária Federal","LTFED","1183","01.09.01.04.01","5","Disposições Gerais (art. 126 da LC nº 214/2025)"
"210","Legislação Tributária Federal","LTFED","17443","01.09.01.05.02.01","6","Disposições Gerais (arts. 181 a 184 da LC nº 214/2025)"
"210","Legislação Tributária Federal","LTFED","18095","01.15.01.01.01","5","Disposições Gerais sobre CGIBS (art. 1º da LC nº 227/2026)"
"210","Legislação Tributária Federal","LTFED","18093","01.15.02.01","4","Disposições Gerais sobre ITCMD (arts. 146 a 159 da LC nº 227/2026)"
"210","Legislação Tributária Federal","LTFED","18115","01.15.02.01.01","5","Disposições Prelimares sobre ITCMD (arts. 146 e 147 da LC nº 227/2026)"
"210","Legislação Tributária Federal","LTFED","18108","01.15.01.03.01","5","Disposições Preliminares (arts. 103 e 104 da LC nº 227/2026)"
"210","Legislação Tributária Federal","LTFED","6597","01.09.01.01.01","5","Disposições Preliminares (arts. 1º a 3º da LC nº 214/2025)"
"210","Legislação Tributária Federal","LTFED","17182","01.09.02.01","4","Disposições Preliminares do Imposto Seletivo (arts. 409 a 411 da LC nº 214/2025)"
"210","Legislação Tributária Federal","LTFED","18092","01.15.01.04","4","Disposições relativas à Transição do ICMS (arts. 132 a 145 da LC nº 227/2026)"
"210","Legislação Tributária Federal","LTFED","18102","01.15.01.01.08","5","Disposições Transitórias sobre CGIBS (arts. 51 a 53 da LC nº 227/2026)"
"210","Legislação Tributária Federal","LTFED","7858","01.03.08","3","Dispositivos Finais (arts. 27 ao 35 da LC nº 87/1996)"
"210","Legislação Tributária Federal","LTFED","12740","01.05.12","3","Do Acesso à Justiça (arts. 74 a 75-A da LC nº 123/2006)"
"210","Legislação Tributária Federal","LTFED","12733","01.05.05","3","Do Acesso aos Mercados (arts. 42 a 49-A da LC nº 123/2006)"
"210","Legislação Tributária Federal","LTFED","12741","01.05.13","3","Do Apoio e da Representação (arts. 76 e 76-A  da LC nº 123/2006)"
"210","Legislação Tributária Federal","LTFED","18114","01.15.01.04.02","5","Do Aproveitamento do ICMS Incidente por Substituição Tributária relativo às Mercadorias em Estoque em 31/12/2032 (arts. 142 a 145 da LC nº 227/2026)"
"210","Legislação Tributária Federal","LTFED","17446","01.09.01.05.02.04","6","Do Arrendamento Mercantil (arts. 201 a 203 da LC nº 214/2025)"
"210","Legislação Tributária Federal","LTFED","12736","01.05.08","3","Do Associativismo (art. 56 da LC nº 123/2006)"
"210","Legislação Tributária Federal","LTFED","14296","04.01.07.10","4","Do Cálculo do Imposto (arts. 189 a 224 do Decreto nº 7.212/2012)"
"210","Legislação Tributária Federal","LTFED","11117","02.01.01.06","4","Do Cálculo do Saldo do Imposto sobre a Renda (arts. 78 a 117 do RIR)"
"210","Legislação Tributária Federal","LTFED","17369","01.09.03.03.03","5","Do Comitê Gestor do IBS (arts. 480 a 484 da LC nº 214/2025)"
"210","Legislação Tributária Federal","LTFED","18089","01.15.01.01","4","Do Comitê Gestor do IBS - CGIBS (arts. 1º a 53 da LC nº 227/2026)"
"210","Legislação Tributária Federal","LTFED","18104","01.15.01.02.02","5","Do Contencioso Administrativo Tributário (arts. 67 a 87 da LC nº 227/2026)"
"210","Legislação Tributária Federal","LTFED","11136","02.01.04.03","4","Do Controle dos Rendimentos (arts. 949 a 988 do RIR)"
"210","Legislação Tributária Federal","LTFED","18098","01.15.01.01.04","5","Do Controle Externo do CGIBS (art. 40 da LC nº 227/2026)"
"210","Legislação Tributária Federal","LTFED","11135","02.01.04.02","4","Do Crédito Tributário (arts. 915 a 948 do RIR)"
"210","Legislação Tributária Federal","LTFED","11123","02.01.02.03","4","Do Domicílio Fiscal (arts. 202 e 203 do RIR)"
"210","Legislação Tributária Federal","LTFED","11113","02.01.01.02","4","Do Domicílio Fiscal (arts. 26 a 31 do RIR)"
"210","Legislação Tributária Federal","LTFED","12738","01.05.10","3","Do Estímulo à Inovação (arts. 64 a 67-A da LC nº 123/2006)"
"210","Legislação Tributária Federal","LTFED","12737","01.05.09","3","Do Estímulo ao Crédito e à Capitalização (arts. 57 a 63 da LC nº 123/2006)"
"210","Legislação Tributária Federal","LTFED","14287","04.01.07.01","4","Do Fato Gerador (arts. 35 a 39 do Decreto nº 7.212/2012)"
"210","Legislação Tributária Federal","LTFED","18116","01.15.02.01.02","5","Do Fato Gerador do ITCMD (art. 148 da LC nº 227/2026)"
"210","Legislação Tributária Federal","LTFED","17449","01.09.01.05.02.07","6","Do Fundo de Garantia do Tempo de Serviço (FGTS) e dos demais Fundos Garantidores e Executores de Políticas Públicas (arts. 212 e 213 da LC nº 214/2025)"
"210","Legislação Tributária Federal","LTFED","17362","01.09.01.01.05","5","Do IBS e da CBS sobre Exportações (arts. 79 a 83 da LC nº 214/2025)"
"210","Legislação Tributária Federal","LTFED","3977","01.09.01.01.04","5","Do IBS e da CBS sobre Importações (arts. 63 a 78 da LC nº 214/2025)"
"210","Legislação Tributária Federal","LTFED","16693","01.09.01.01.02","5","Do IBS e da CBS sobre Operações com Bens e Serviços (arts. 4º a 57 da LC nº 214/2025)"
"210","Legislação Tributária Federal","LTFED","17184","01.09.02.03","4","Do Imposto Seletivo sobre Importações (arts. 434 e 435 da LC nº 214/2025)"
"210","Legislação Tributária Federal","LTFED","18088","01.15.02","3","Do ITCMD (arts. 146 a 164 da LC nº 227/2026)"
"210","Legislação Tributária Federal","LTFED","14295","04.01.07.09","4","Do Lançamento (arts. 181 a 188 do Decreto nº 7.212/2012)"
"210","Legislação Tributária Federal","LTFED","14642","01.09.01.01.02.04","6","Do Local da Operação (art. 11 da LC nº 214/2025)"
"210","Legislação Tributária Federal","LTFED","11128","02.01.02.09","4","Do Lucro Arbitrado (arts. 602 a 613 do RIR)"
"210","Legislação Tributária Federal","LTFED","16996","02.01.02.11","4","Do Lucro da Exploração (art. 626 do RIR)"
"210","Legislação Tributária Federal","LTFED","11127","02.01.02.08","4","Do Lucro Presumido (arts. 587 a 601 do RIR)"
"210","Legislação Tributária Federal","LTFED","11126","02.01.02.07","4","Do Lucro Real (arts. 257 a 586 do RIR)"
"210","Legislação Tributária Federal","LTFED","18118","01.15.02.01.04","5","Do Momento da Ocorrência do Fato Gerador do ITCMD (art. 151 da LC nº 227/2026)"
"210","Legislação Tributária Federal","LTFED","3773","01.09.01.01.02.03","6","Do Momento de Ocorrência do Fato Gerador (art. 10 da LC nº 214/2025)"
"210","Legislação Tributária Federal","LTFED","17186","01.09.02.02.01","5","Do Momento de Ocorrência do Fato Gerador e da Não Incidência (arts. 412 e 413 da LC nº 214/2025)"
"210","Legislação Tributária Federal","LTFED","18100","01.15.01.01.06","5","Do Orçamento do CGIBS (arts. 45 a 48 da LC nº 227/2026)"
"210","Legislação Tributária Federal","LTFED","13102","01.09.01.01.02.09","6","Do Pagamento Indevido ou a Maior (art. 38 da LC nº 214/2025)"
"210","Legislação Tributária Federal","LTFED","18090","01.15.01.02","4","Do Processo Administrativo Tributário do IBS (arts. 54 a 102 da LC nº 227/2026)"
"210","Legislação Tributária Federal","LTFED","11094","01.09.01.04.07","5","Do Produtor Rural e do Produtor Rural Integrado Não Contribuinte (arts.164 a 168 da LC nº 214/2025)"
"210","Legislação Tributária Federal","LTFED","11119","02.01.01.08","4","Do Recolhimento Complementar (arts. 124 a 127 do RIR)"
"210","Legislação Tributária Federal","LTFED","14298","04.01.07.12","4","Do Recolhimento do Imposto (arts. 259 a 267 do Decreto nº 7.212/2012)"
"210","Legislação Tributária Federal","LTFED","11118","02.01.01.07","4","Do Recolhimento Mensal Obrigatório (arts. 118 a 123 do RIR)"
"210","Legislação Tributária Federal","LTFED","13919","01.09.01.07.01","5","Do Regulamento do IBS e da CBS (art. 317 da LC nº 214/2025)"
"210","Legislação Tributária Federal","LTFED","11114","02.01.01.03","4","Do Rendimento Bruto (arts. 33 a 65 do RIR)"
"210","Legislação Tributária Federal","LTFED","13156","01.09.01.01.02.10","6","Do Ressarcimento (arts. 39 e 40 da LC nº 214/2025)"
"210","Legislação Tributária Federal","LTFED","17450","01.09.01.05.02.08","6","Dos Arranjos de Pagamento (arts. 214 a 219 da LC nº 214/2025)"
"210","Legislação Tributária Federal","LTFED","17461","01.09.01.05.07.01","6","Dos Bares e Restaurantes (arts. 273 a 276 da LC nº 214/2025)"
"210","Legislação Tributária Federal","LTFED","13101","01.09.01.05.07","5","Dos Bares, Restaurantes, Hotelaria, Parques de Diversão e Parques Temáticos, Transporte Coletivo de Passageiros e Agências de Turismo (arts. 273 a 291 da LC nº 214/2025)"
"210","Legislação Tributária Federal","LTFED","2654","01.09.01.01.02.13","6","Dos Bens e Serviços de Uso ou Consumo Pessoal (art. 57 da LC nº 214/2025)"
"210","Legislação Tributária Federal","LTFED","14541","01.09.01.05.05","5","Dos Bens Imóveis (arts. 251 a 270 da LC nº 214/2025)"
"210","Legislação Tributária Federal","LTFED","10815","01.09.01.04.10","5","Dos Bens Móveis Usados Adquiridos de Pessoa Física Não Contribuinte para Revenda (art. 171 da LC nº 214/2025)"
"210","Legislação Tributária Federal","LTFED","14550","01.09.01.05.01","5","Dos Combustíveis (arts. 172 a 180 da LC nº 214/2025)"
"210","Legislação Tributária Federal","LTFED","14339","01.09.01.05.04","5","Dos Concursos de Prognósticos (arts. 244 a 250 da LC nº 214/2025)"
"210","Legislação Tributária Federal","LTFED","11121","02.01.02.01","4","Dos Contribuintes (arts. 158 a 195 do RIR)"
"210","Legislação Tributária Federal","LTFED","18121","01.15.02.01.07","5","Dos Contribuintes e da Sujeição Ativa (arts. 157 a 159 da LC nº 227/2026)"
"210","Legislação Tributária Federal","LTFED","11112","02.01.01.01","4","Dos Contribuintes e Responsáveis (arts. 1º a 25 do RIR)"
"210","Legislação Tributária Federal","LTFED","14297","04.01.07.11","4","Dos Créditos (arts. 225 a 258 do Decreto nº 7.212/2012)"
"210","Legislação Tributária Federal","LTFED","11102","04.01.02","3","Dos Estabelecimentos Industriais e Equiparados a Industrial (arts. 8º a 14 do Decreto nº 7.212/2012)"
"210","Legislação Tributária Federal","LTFED","18099","01.15.01.01.05","5","Dos Instrumentos de Transparência do CGIBS (arts. 41 a 44 da LC nº 227/2026)"
"210","Legislação Tributária Federal","LTFED","14294","04.01.07.08","4","Dos Optantes pelo Simples Nacional (arts. 177 a 180 do Decreto nº 7.212/2012)"
"210","Legislação Tributária Federal","LTFED","18105","01.15.01.02.03","5","Dos Órgãos de Julgamento (arts. 88 a 96 da LC nº 227/2026)"
"210","Legislação Tributária Federal","LTFED","14528","01.09.01.05.03","5","Dos Planos de Assistência à Saúde (arts. 234 a 243 da LC nº 214/2025)"
"210","Legislação Tributária Federal","LTFED","12663","02.01.02.06","4","Dos Preços de Transferência e da Subcapitalização (arts. 238 a 256 do RIR)"
"210","Legislação Tributária Federal","LTFED","18654","01.09.01.02.01","5","Dos Regimes Aduaneiros (arts. 84 a 98-B da LC nº 214/2025)"
"210","Legislação Tributária Federal","LTFED","17363","01.09.01.02","4","Dos Regimes Aduaneiros Especiais e dos Regimes de Bagagem, de Remessas Internacionais e de Fornecimento de Combustível para Aeronavas em Tráfego Internacional (arts. 84 a 111 da LC nº 214/2025)"
"210","Legislação Tributária Federal","LTFED","6426","01.09.01.01.02.11","6","Dos Regimes de Apuração (arts. 41 a 46 da LC nº 214/2025)"
"210","Legislação Tributária Federal","LTFED","17172","01.09.01.06","4","Dos Regimes Diferenciados da CBS (arts. 308 a 316 da LC nº 214/2025)"
"210","Legislação Tributária Federal","LTFED","559","01.09.01.04","4","Dos Regimes Diferenciados do IBS e da CBS (arts. 126 a 171 da LC nº 214/2025)"
"210","Legislação Tributária Federal","LTFED","17364","01.09.01.02.03","5","Dos Regimes dos Bens de Capital (arts. 105 a 111 da LC nº 214/2025)"
"210","Legislação Tributária Federal","LTFED","14102","01.09.01.05","4","Dos Regimes Específicos do IBS e da CBS (arts. 172 a 307 da LC nº 214/2025)"
"210","Legislação Tributária Federal","LTFED","14291","04.01.07.05","4","Dos Regimes Fiscais Regionais (arts. 81 a 132 do Decreto nº 7.212/2012)"
"210","Legislação Tributária Federal","LTFED","14292","04.01.07.06","4","Dos Regimes Fiscais Setoriais (arts. 133 a 175-J do Decreto nº 7.212/2012)"
"210","Legislação Tributária Federal","LTFED","552","01.09.01.04.09","5","Dos Resíduos e Demais Materias Destinados à Reciclagem, Reutilização ou Logística Reversa Adquiridos de Pessoa Física, Cooperativa ou Outra Forma de Organização Popular (art. 170 da LC nº 214/2025)"
"210","Legislação Tributária Federal","LTFED","11122","02.01.02.02","4","Dos Responsáveis (arts. 196 a 201 do RIR)"
"210","Legislação Tributária Federal","LTFED","17452","01.09.01.05.02.10","6","Dos Seguros, Resseguros, Previdência Complementar e Capitalização (arts. 223 a 228 da LC nº 214/2025)"
"210","Legislação Tributária Federal","LTFED","17453","01.09.01.05.02.12","6","Dos Serviços de Ativos Virtuais, da Importação e Exportação de Serviços Financeiros e Disposições Transitórias (arts. 229 a 233 da LC nº 214/2025)"
"210","Legislação Tributária Federal","LTFED","12975","01.09.01.05.02","5","Dos Serviços Financeiros (arts. 181 a 233 da LC nº 214/2025)"
"210","Legislação Tributária Federal","LTFED","12732","01.05.04","3","Dos Tributos e Contribuições (arts. 12 a 41 da LC nº 123/2006)"
"210","Legislação Tributária Federal","LTFED","11105","04.01.05","3","Do Sujeito Passivo da Obrigação Tributária (arts. 21 a 32 do Decreto nº 7.212/2012)"
"210","Legislação Tributária Federal","LTFED","12983","01.09.01.04.08","5","Do Transportador Autônomo de Carga Pessoa Física Não Contribuinte (art. 169 da LC nº 214/2025)"
"210","Legislação Tributária Federal","LTFED","17463","01.09.01.05.07.03","6","Do Transporte Coletivo de Passageiros Rodoviário Intermunicipal e Interestadual, Ferroviário, Hidroviário e Aéreo Regional e Do Transporte de Carga Aéreo Regional (arts. 284 a 287 da LC nº 214/2025)"
"210","Legislação Tributária Federal","LTFED","14850","01.09.01.04.05","5","Do Transporte Público Coletivo de Passageiros Rodoviário e Metroviário de Caráter Urbano, Semiurbano e Metropolitano  (art. 157 da LC nº 214/2025)"
"210","Legislação Tributária Federal","LTFED","6901","40","1","eSocial (Decreto nº 8.373/2014, Resoluções CG, Portarias, etc.)"
"210","Legislação Tributária Federal","LTFED","7851","01.03.01","3","Fato gerador e Hipóteses de Não Incidência (arts. 1º ao 3º e 12 da LC nº 87/1996)"
"210","Legislação Tributária Federal","LTFED","8377","01.04.01","3","Fato Gerador e Hipóteses de Não Incidência (arts. 1º e 2º da LC nº 116/2003)"
"210","Legislação Tributária Federal","LTFED","18094","01.15.02.02","4","Fiscalização e Disposições Finais sobre ITCMD (arts. 160 a 164 da LC nº 227/2026)"
"210","Legislação Tributária Federal","LTFED","11110","04.01.10","3","Infrações, Acréscimos Moratórios e Penalidades (arts. 548 a 608 do Decreto nº 7.212/2012)"
"210","Legislação Tributária Federal","LTFED","8057","60","1","IN RFB nº 1.112/2010 - Declaração Sobre Operações Imobiliárias (DOI)"
"210","Legislação Tributária Federal","LTFED","4774","08","1","IN RFB nº 1.234/2012 - Retenção de Tributos pela Administração Pública Federal"
"210","Legislação Tributária Federal","LTFED","7872","02.03","2","Instruções Normativas (IN's RFB e SRF)"
"210","Legislação Tributária Federal","LTFED","14068","03","1","IOF - Imposto sobre Operações Financeiras"
"210","Legislação Tributária Federal","LTFED","7868","04","1","IPI - Imposto sobre Produtos Industrializados"
"210","Legislação Tributária Federal","LTFED","7870","02","1","IR - Imposto de Renda"
"210","Legislação Tributária Federal","LTFED","14070","05","1","ITR - Imposto sobre a Propriedade Territorial Rural"
"210","Legislação Tributária Federal","LTFED","3016","01.04","2","Lei Complementar nº 116/2003 - ISSQN"
"210","Legislação Tributária Federal","LTFED","618","01.05","2","Lei Complementar nº 123/2006 - Simples Nacional"
"210","Legislação Tributária Federal","LTFED","11163","01.06","2","Lei Complementar nº 160/2017 - Convênio sobre Remissão dos Créditos Tributários"
"210","Legislação Tributária Federal","LTFED","12321","01.07","2","Lei Complementar nº 192/2022 - Combustíveis Sobre os Quais Incidirá Uma Única Vez o ICMS"
"210","Legislação Tributária Federal","LTFED","12665","01.08","2","Lei Complementar nº 194/2022 - Alterações na Legislação do ICMS"
"210","Legislação Tributária Federal","LTFED","11501","01.09","2","Lei Complementar nº 214/2025 - Institui o IBS, a CBS e o IS, Cria Comitê Gestor do IBS e Altera a Legislação Tributária"
"210","Legislação Tributária Federal","LTFED","18086","01.15","2","Lei Complementar nº 227/2026 - Institui o CGIBS, Dispõe sobre o Processo Administrativo Tributário do IBS e sobre a Distribuição do Produto da Arrecadação do IBS e Institui Normas Gerais sobre ITCMD"
"210","Legislação Tributária Federal","LTFED","2321","01.01","2","Lei Complementar nº 24/1975 e CONFAZ"
"210","Legislação Tributária Federal","LTFED","1945","01.02","2","Lei Complementar nº 63/1990 - Transferências do Estado para os Municípios"
"210","Legislação Tributária Federal","LTFED","1932","01.03","2","Lei Complementar nº 87/1996 - Lei Kandir"
"210","Legislação Tributária Federal","LTFED","18230","23","1","Lei nº 10.684/2003 - Altera a Legislação Tributária e Dispõe sobre Parcelamento de Débitos junto à SRF, à PGFN e ao INSS"
"210","Legislação Tributária Federal","LTFED","4146","24","1","Lei nº 11.196/2005 - Lei do Bem"
"210","Legislação Tributária Federal","LTFED","18283","25","1","Lei nº 11.598/2007 - Rede Nacional para a Simplificação do Registro e da Legalização de Empresas e Negócios (REDESIM)"
"210","Legislação Tributária Federal","LTFED","4105","26","1","Lei nº 11.941/2009 - Parcelamento de Débitos Tributários, Remissão e RTT"
"210","Legislação Tributária Federal","LTFED","15531","27","1","Lei nº 13.988/2020 - Dispõe sobre a Transação que Especifica"
"210","Legislação Tributária Federal","LTFED","14072","03.01","2","Lei nº 5.143/1966 - Institui o Imposto sobre Operações Financeiras (IOF)"
"210","Legislação Tributária Federal","LTFED","16914","20","1","Lei nº 7.766/1989 - Dispõe sobre o Ouro, Ativo Financeiro, e sobre seu Tratamento Tributário"
"210","Legislação Tributária Federal","LTFED","17586","21","1","Lei nº 8.021/1990 - Identificação dos Contribuintes para Fins Fiscais"
"210","Legislação Tributária Federal","LTFED","14128","02.02","2","Lei nº 8.134/1990 - Altera a Legislação do Imposto de Renda (IR)"
"210","Legislação Tributária Federal","LTFED","4993","05.01","2","Lei nº 9.393/1996 - ITR e Dívida Agrária"
"210","Legislação Tributária Federal","LTFED","4104","22","1","Lei nº 9.430/1996 - Legislação Tributária Federal, CSS e Processo Administrativo de Consulta"
"210","Legislação Tributária Federal","LTFED","1978","01","1","Leis Complementares Federais Tributárias"
"210","Legislação Tributária Federal","LTFED","17196","01.09.01","3","Livro I - Do IBS e da CBS (arts. 1º a 408 da LC nº 214/2025)"
"210","Legislação Tributária Federal","LTFED","17197","01.09.02","3","Livro II - Do Imposto Seletivo (arts. 409 a 438 da LC nº 214/2025)"
"210","Legislação Tributária Federal","LTFED","17365","01.09.03","3","Livro III - Das Demais Disposições (arts. 439 a 544 da LC nº 214/2025)"
"210","Legislação Tributária Federal","LTFED","7854","01.03.04","3","Local da Operação ou Prestação (art. 11 da LC nº 87/1996)"
"210","Legislação Tributária Federal","LTFED","4529","06.02","2","PIS PASEP"
"210","Legislação Tributária Federal","LTFED","4537","07","1","Processo Administrativo Tributário (Fiscal) Federal"
"210","Legislação Tributária Federal","LTFED","11164","50","1","Resolução CGSN nº 140/2018 - Regime Especial Unificado de Arrecadação de Tributos e Contribuições devidos pelas ME e EPP (Simples Nacional)"
"210","Legislação Tributária Federal","LTFED","7853","01.03.03","3","Substituição Tributária (arts. 7º ao 10 da LC nº 87/1996)"
"210","Legislação Tributária Federal","LTFED","7852","01.03.02","3","Sujeito Passivo (arts. 4º ao 6º da LC nº 87/1996)"
"210","Legislação Tributária Federal","LTFED","8379","01.04.02","3","Sujeito Passivo e Local da Operação e Prestação (arts. 3º a 6º da LC nº 116/2003)"
"210","Legislação Tributária Federal","LTFED","7859","01.03.09","3","Tópicos Mesclados da LC nº 87/1996"
"210","Legislação Tributária Federal","LTFED","12743","01.05.15","3","Tópicos Mesclados da Lei Complementar nº 123/2006 (Simples Nacional)"
"217","Raciocínio Lógico","RACLOG","1014","01.08","2","Álgebra de Proposições"
"217","Raciocínio Lógico","RACLOG","4923","01.09.04","3","Argumentos Indutivos, Argumentos por Abdução."
"217","Raciocínio Lógico","RACLOG","3255","01.09.01","3","Argumentos - Métodos Decorrentes da Tabela Verdade"
"217","Raciocínio Lógico","RACLOG","1017","01.10","2","Associação de Informações"
"217","Raciocínio Lógico","RACLOG","1019","01.05","2","Condição Necessária e Suficiente"
"217","Raciocínio Lógico","RACLOG","3256","01.09.02","3","Diagramas Lógicos, Proposições Categóricas, Negação de Quantificadores"
"217","Raciocínio Lógico","RACLOG","1013","01.07","2","Equivalências Lógicas (Inclui Negação de Proposições Compostas)"
"217","Raciocínio Lógico","RACLOG","1018","01.11","2","Exercícios de ""Verdade/Mentira"""
"217","Raciocínio Lógico","RACLOG","1016","07","1","Exercícios Envolvendo Datas e Calendários"
"217","Raciocínio Lógico","RACLOG","5851","01.09.05","3","Falácias"
"217","Raciocínio Lógico","RACLOG","1015","01.09","2","Lógica de Argumentação"
"217","Raciocínio Lógico","RACLOG","5298","02","1","Lógica de Primeira Ordem"
"217","Raciocínio Lógico","RACLOG","1007","01","1","Lógica de Proposições"
"217","Raciocínio Lógico","RACLOG","5698","01.02","2","Operadores Lógicos (Representação Simbólica; Diferença entre Proposição Simples e Composta)."
"217","Raciocínio Lógico","RACLOG","1011","01.04","2","Ordem de Precedência entre os Conectivos"
"217","Raciocínio Lógico","RACLOG","1023","04","1","Orientação no Plano, no Espaço e no Tempo"
"217","Raciocínio Lógico","RACLOG","6036","01.09.06","3","Outras Questões de Lógica de Argumentação"
"217","Raciocínio Lógico","RACLOG","1020","12","1","Outros Exercícios de Lógica"
"217","Raciocínio Lógico","RACLOG","6694","09","1","Planificação de Sólidos. Projeções de Objetos Tridimensionais"
"217","Raciocínio Lógico","RACLOG","1047","05","1","Princípio da Casa dos Pombos"
"217","Raciocínio Lógico","RACLOG","1089","06","1","Problemas Envolvendo Balança de Pratos"
"217","Raciocínio Lógico","RACLOG","6695","10","1","Problemas Envolvendo Palitos"
"217","Raciocínio Lógico","RACLOG","5697","01.01","2","Proposições: Definição, Reconhecimento, Princípios Lógicos"
"217","Raciocínio Lógico","RACLOG","2911","11","1","Questões Envolvendo Parentesco e Árvores Genealógicas"
"217","Raciocínio Lógico","RACLOG","3288","01.09.03","3","Raciocínio Crítico"
"217","Raciocínio Lógico","RACLOG","1022","03","1","Sequências de Números, Figuras, Letras e Palavras"
"217","Raciocínio Lógico","RACLOG","6576","08","1","Sudoku e Jogos Similares"
"217","Raciocínio Lógico","RACLOG","5699","01.03","2","Tabela Verdade das Proposições Compostas"
"217","Raciocínio Lógico","RACLOG","1012","01.06","2","Tautologia, Contradição e Contingência"
"227","TI - Ciência de Dados e Inteligência Artificial","TECINF","13848","05.02.02","3","Algoritmos de Machine Learning (Classificação, Regressão e Clusterização)"
"227","TI - Ciência de Dados e Inteligência Artificial","TECINF","2212","02","1","Bancos de Dados Dimensionais"
"227","TI - Ciência de Dados e Inteligência Artificial","TECINF","555","03.02","2","Bibliotecas Python para Ciência de Dados"
"227","TI - Ciência de Dados e Inteligência Artificial","TECINF","5972","02.04","2","Big Data"
"227","TI - Ciência de Dados e Inteligência Artificial","TECINF","4939","02.01","2","Business Intelligence e Analytics"
"227","TI - Ciência de Dados e Inteligência Artificial","TECINF","10876","01.05","2","Ciclo de Vida e Gestão da Informação"
"227","TI - Ciência de Dados e Inteligência Artificial","TECINF","11077","01.01","2","Ciência de Dados - Objetivos e Etapas"
"227","TI - Ciência de Dados e Inteligência Artificial","TECINF","17617","02.04.01","3","Conceitos de Big Data"
"227","TI - Ciência de Dados e Inteligência Artificial","TECINF","13841","05.02.01","3","Conceitos Gerais de Machine Learning"
"227","TI - Ciência de Dados e Inteligência Artificial","TECINF","13840","05.01","2","Conceitos Iniciais e Gerais de Inteligência Artificial"
"227","TI - Ciência de Dados e Inteligência Artificial","TECINF","10874","01.02","2","Dado, Informação e Conhecimento"
"227","TI - Ciência de Dados e Inteligência Artificial","TECINF","10872","01.04","2","Dados Abertos (Conceitos, Princípios, etc.)"
"227","TI - Ciência de Dados e Inteligência Artificial","TECINF","10873","01.03","2","Dados Estruturados, Não-Estruturados e Semiestruturados"
"227","TI - Ciência de Dados e Inteligência Artificial","TECINF","17618","02.04.02","3","Data Lake"
"227","TI - Ciência de Dados e Inteligência Artificial","TECINF","4936","02.03","2","Data Mining (Mineração de Dados): Etapas, Algoritmos e Modelos (KDD, CRISP-DM, etc.)"
"227","TI - Ciência de Dados e Inteligência Artificial","TECINF","4937","02.02","2","Data Warehouse e Data Mart"
"227","TI - Ciência de Dados e Inteligência Artificial","TECINF","17692","05.04","2","Deep Learning"
"227","TI - Ciência de Dados e Inteligência Artificial","TECINF","16374","02.02.01","3","Definições e Funções de Data Warehouse e Data Mart"
"227","TI - Ciência de Dados e Inteligência Artificial","TECINF","11512","02.04.03","3","Ecossistema Hadoop"
"227","TI - Ciência de Dados e Inteligência Artificial","TECINF","7241","02.02.03","3","ETL (Extração, Transformação e Carga)"
"227","TI - Ciência de Dados e Inteligência Artificial","TECINF","16274","02.07","2","Ferramentas de Análise de Dados e Observabilidade (Elastic Search, Kibana, Grafana, etc.)"
"227","TI - Ciência de Dados e Inteligência Artificial","TECINF","5500","02.06","2","Ferramentas de Business Intelligence e Visualização de Dados (Power BI, Qlik, Tableau, etc.)"
"227","TI - Ciência de Dados e Inteligência Artificial","TECINF","4602","01","1","Fundamentos e Princípios da Ciência de Dados"
"227","TI - Ciência de Dados e Inteligência Artificial","TECINF","16270","01.06","2","Governança e Qualidade de Dados (DAMA-DMBOK e Conceitos Relacionados)"
"227","TI - Ciência de Dados e Inteligência Artificial","TECINF","13844","05.05","2","IA Generativa"
"227","TI - Ciência de Dados e Inteligência Artificial","TECINF","7440","05","1","Inteligência Artificial (IA)"
"227","TI - Ciência de Dados e Inteligência Artificial","TECINF","17848","03.02.04","3","Keras"
"227","TI - Ciência de Dados e Inteligência Artificial","TECINF","9440","03.03","2","Linguagem R"
"227","TI - Ciência de Dados e Inteligência Artificial","TECINF","4367","03","1","Linguagens de Programação para Ciência de Dados"
"227","TI - Ciência de Dados e Inteligência Artificial","TECINF","13845","05.07","2","LLM (Large Language Models)"
"227","TI - Ciência de Dados e Inteligência Artificial","TECINF","17697","05.02","2","Machine Learning (Aprendizado de Máquina)"
"227","TI - Ciência de Dados e Inteligência Artificial","TECINF","17847","03.02.05","3","Matplotlib"
"227","TI - Ciência de Dados e Inteligência Artificial","TECINF","8016","02.02.02","3","Modelagem Dimensional"
"227","TI - Ciência de Dados e Inteligência Artificial","TECINF","17851","03.02.07","3","NLTK (Natural Language Toolkit)"
"227","TI - Ciência de Dados e Inteligência Artificial","TECINF","17846","03.02.01","3","NumPy"
"227","TI - Ciência de Dados e Inteligência Artificial","TECINF","4938","02.02.04","3","OLAP e suas diferenças com OLTP"
"227","TI - Ciência de Dados e Inteligência Artificial","TECINF","17852","03.02.08","3","Outras Bibliotecas Python"
"227","TI - Ciência de Dados e Inteligência Artificial","TECINF","13842","05.10","2","Outros Assuntos sobre Inteligência Artificial"
"227","TI - Ciência de Dados e Inteligência Artificial","TECINF","17845","03.02.02","3","Pandas"
"227","TI - Ciência de Dados e Inteligência Artificial","TECINF","13846","05.06","2","Processamento de Linguagem Natural (IA)"
"227","TI - Ciência de Dados e Inteligência Artificial","TECINF","17849","06","1","Projeto Jupyter"
"227","TI - Ciência de Dados e Inteligência Artificial","TECINF","3244","03.01","2","Python (Conceitos Gerais e Códigos)"
"227","TI - Ciência de Dados e Inteligência Artificial","TECINF","13843","05.03","2","Redes Neurais"
"227","TI - Ciência de Dados e Inteligência Artificial","TECINF","17987","03.04","2","Scala"
"227","TI - Ciência de Dados e Inteligência Artificial","TECINF","17850","03.02.06","3","Scikit-Learn"
"227","TI - Ciência de Dados e Inteligência Artificial","TECINF","18409","05.09","2","Sistemas Multiagentes e Agentes Inteligentes"
"227","TI - Ciência de Dados e Inteligência Artificial","TECINF","17719","02.04.04","3","Streaming de Dados (Kafka, Flink, etc.)"
"227","TI - Ciência de Dados e Inteligência Artificial","TECINF","13847","03.02.03","3","Tensores (Tensorflow e PyTorch)"
"227","TI - Ciência de Dados e Inteligência Artificial","TECINF","7909","07","1","Tópicos Mesclados de Ciência de Dados"
"227","TI - Ciência de Dados e Inteligência Artificial","TECINF","13849","05.08","2","Treinamento e Avaliação de ModelosTab Context:"
